                                                        7 May 2026 20:31:38
Satellite-MAVEN:  Inertial Acceleration


       Time (UTCG)          ax (km/sec^2)    ay (km/sec^2)    az (km/sec^2)
------------------------    -------------    -------------    -------------
11 Feb 2015 12:00:00.000         0.003116         0.000814        -0.001128
11 Feb 2015 12:01:00.000         0.003162         0.000894        -0.000904
11 Feb 2015 12:01:58.303         0.003181         0.000964        -0.000682
11 Feb 2015 12:03:04.694         0.003173         0.001033        -0.000427
11 Feb 2015 12:04:07.254         0.003137         0.001088        -0.000190
11 Feb 2015 12:05:06.123         0.003080         0.001129         0.000028
11 Feb 2015 12:05:55.740         0.003016         0.001155         0.000203
11 Feb 2015 12:06:45.331         0.002939         0.001175         0.000370
11 Feb 2015 12:07:51.794         0.002818         0.001190         0.000579
11 Feb 2015 12:09:05.582         0.002666         0.001193         0.000786
11 Feb 2015 12:10:26.501         0.002482         0.001183         0.000984
11 Feb 2015 12:11:51.086         0.002281         0.001158         0.001157
11 Feb 2015 12:13:19.324         0.002066         0.001121         0.001301
11 Feb 2015 12:14:50.250         0.001847         0.001074         0.001414
11 Feb 2015 12:16:23.037         0.001632         0.001019         0.001496
11 Feb 2015 12:17:57.775         0.001424         0.000959         0.001550
11 Feb 2015 12:19:34.678         0.001226         0.000896         0.001580
11 Feb 2015 12:21:14.036         0.001041         0.000831         0.001589
11 Feb 2015 12:22:56.182         0.000870         0.000766         0.001580
11 Feb 2015 12:24:41.476         0.000712         0.000702         0.001556
11 Feb 2015 12:26:30.291         0.000568         0.000639         0.001520
11 Feb 2015 12:28:24.551         0.000436         0.000578         0.001474
11 Feb 2015 12:30:25.405         0.000315         0.000519         0.001420
11 Feb 2015 12:32:33.484         0.000207         0.000462         0.001359
11 Feb 2015 12:34:42.587         0.000114         0.000410         0.001295
11 Feb 2015 12:36:51.308         0.000035         0.000364         0.001233
11 Feb 2015 12:38:56.857        -0.000029         0.000324         0.001173
11 Feb 2015 12:40:50.819        -0.000079         0.000291         0.001120
11 Feb 2015 12:42:47.173        -0.000123         0.000260         0.001069
11 Feb 2015 12:45:04.414        -0.000167         0.000227         0.001011
11 Feb 2015 12:47:35.395        -0.000207         0.000196         0.000951
11 Feb 2015 12:50:19.543        -0.000243         0.000166         0.000891
11 Feb 2015 12:53:16.422        -0.000274         0.000137         0.000831
11 Feb 2015 12:56:25.976        -0.000301         0.000111         0.000772
11 Feb 2015 12:59:48.327        -0.000323         0.000087         0.000715
11 Feb 2015 13:03:21.191        -0.000341         0.000065         0.000661
11 Feb 2015 13:06:59.300        -0.000355         0.000045         0.000611
11 Feb 2015 13:10:41.196        -0.000366         0.000028         0.000565
11 Feb 2015 13:14:24.569        -0.000374         0.000013         0.000523
11 Feb 2015 13:18:05.528        -0.000381         0.000000         0.000486
11 Feb 2015 13:20:16.496        -0.000384        -0.000007         0.000465
11 Feb 2015 13:22:27.024        -0.000387        -0.000013         0.000446
11 Feb 2015 13:25:52.852        -0.000391        -0.000023         0.000417
11 Feb 2015 13:29:42.439        -0.000394        -0.000033         0.000388
11 Feb 2015 13:33:56.196        -0.000397        -0.000042         0.000358
11 Feb 2015 13:38:30.474        -0.000400        -0.000052         0.000328
11 Feb 2015 13:43:23.569        -0.000403        -0.000061         0.000300
11 Feb 2015 13:48:34.148        -0.000406        -0.000070         0.000271
11 Feb 2015 13:54:01.029        -0.000409        -0.000079         0.000244
11 Feb 2015 13:59:42.971        -0.000413        -0.000088         0.000218
11 Feb 2015 14:05:38.606        -0.000418        -0.000097         0.000191
11 Feb 2015 14:11:46.389        -0.000424        -0.000107         0.000166
11 Feb 2015 14:18:04.606        -0.000431        -0.000117         0.000140
11 Feb 2015 14:24:29.588        -0.000439        -0.000127         0.000113
11 Feb 2015 14:30:38.833        -0.000448        -0.000138         0.000087
11 Feb 2015 14:36:32.602        -0.000458        -0.000149         0.000061
11 Feb 2015 14:42:14.306        -0.000470        -0.000160         0.000035
11 Feb 2015 14:47:33.053        -0.000481        -0.000172         0.000008
11 Feb 2015 14:51:26.030        -0.000491        -0.000182        -0.000013
11 Feb 2015 14:55:19.455        -0.000501        -0.000192        -0.000035
11 Feb 2015 14:59:17.613        -0.000512        -0.000203        -0.000060
11 Feb 2015 15:03:39.849        -0.000525        -0.000216        -0.000091
11 Feb 2015 15:08:10.170        -0.000539        -0.000232        -0.000126
11 Feb 2015 15:12:42.488        -0.000554        -0.000249        -0.000167
11 Feb 2015 15:17:12.580        -0.000570        -0.000268        -0.000213
11 Feb 2015 15:21:37.479        -0.000586        -0.000288        -0.000266
11 Feb 2015 15:25:55.048        -0.000600        -0.000311        -0.000326
11 Feb 2015 15:30:03.750        -0.000613        -0.000335        -0.000394
11 Feb 2015 15:34:02.037        -0.000623        -0.000360        -0.000471
11 Feb 2015 15:37:49.465        -0.000628        -0.000387        -0.000557
11 Feb 2015 15:41:26.433        -0.000628        -0.000414        -0.000653
11 Feb 2015 15:44:52.417        -0.000620        -0.000441        -0.000759
11 Feb 2015 15:48:07.350        -0.000603        -0.000468        -0.000876
11 Feb 2015 15:50:52.872        -0.000577        -0.000491        -0.000990
11 Feb 2015 15:53:38.230        -0.000537        -0.000513        -0.001118
11 Feb 2015 15:56:08.832        -0.000486        -0.000531        -0.001248
11 Feb 2015 15:58:25.492        -0.000422        -0.000545        -0.001378
11 Feb 2015 16:00:30.075        -0.000346        -0.000554        -0.001505
11 Feb 2015 16:02:28.364        -0.000256        -0.000558        -0.001634
11 Feb 2015 16:04:21.824        -0.000149        -0.000556        -0.001764
11 Feb 2015 16:06:10.821        -0.000023        -0.000547        -0.001891
11 Feb 2015 16:07:55.699         0.000120        -0.000529        -0.002014
11 Feb 2015 16:09:36.794         0.000283        -0.000503        -0.002129
11 Feb 2015 16:11:14.428         0.000465        -0.000466        -0.002233
11 Feb 2015 16:12:48.897         0.000666        -0.000419        -0.002322
11 Feb 2015 16:14:20.470         0.000883        -0.000360        -0.002391
11 Feb 2015 16:15:49.380         0.001114        -0.000289        -0.002437
11 Feb 2015 16:17:15.826         0.001355        -0.000207        -0.002456
11 Feb 2015 16:18:39.971         0.001603        -0.000114        -0.002443
11 Feb 2015 16:19:53.723         0.001826        -0.000021        -0.002403
11 Feb 2015 16:20:51.488         0.002002         0.000057        -0.002350
11 Feb 2015 16:21:49.259         0.002176         0.000141        -0.002278
11 Feb 2015 16:22:52.407         0.002360         0.000237        -0.002175
11 Feb 2015 16:24:00.853         0.002550         0.000345        -0.002036
11 Feb 2015 16:25:12.084         0.002729         0.000460        -0.001859
11 Feb 2015 16:26:27.392         0.002893         0.000581        -0.001641
11 Feb 2015 16:27:35.548         0.003014         0.000688        -0.001417
11 Feb 2015 16:28:37.301         0.003097         0.000780        -0.001198
11 Feb 2015 16:29:35.716         0.003150         0.000861        -0.000982
11 Feb 2015 16:30:34.062         0.003178         0.000933        -0.000761
11 Feb 2015 16:31:38.713         0.003180         0.001004        -0.000514
11 Feb 2015 16:32:39.807         0.003155         0.001061        -0.000280
11 Feb 2015 16:33:40.647         0.003104         0.001108        -0.000053
11 Feb 2015 16:34:33.081         0.003043         0.001139         0.000136
11 Feb 2015 16:35:25.461         0.002966         0.001162         0.000315
11 Feb 2015 16:36:27.718         0.002858         0.001179         0.000515
11 Feb 2015 16:37:39.414         0.002715         0.001187         0.000724
11 Feb 2015 16:38:58.316         0.002541         0.001181         0.000925
11 Feb 2015 16:40:21.988         0.002344         0.001161         0.001106
11 Feb 2015 16:41:49.183         0.002132         0.001128         0.001259
11 Feb 2015 16:43:19.649         0.001914         0.001084         0.001381
11 Feb 2015 16:44:52.007         0.001697         0.001032         0.001472
11 Feb 2015 16:46:26.295         0.001486         0.000973         0.001534
11 Feb 2015 16:48:02.699         0.001285         0.000911         0.001571
11 Feb 2015 16:49:41.491         0.001096         0.000847         0.001586
11 Feb 2015 16:51:22.991         0.000921         0.000782         0.001582
11 Feb 2015 16:53:07.555         0.000758         0.000718         0.001562
11 Feb 2015 16:54:55.554         0.000610         0.000656         0.001530
11 Feb 2015 16:56:48.128         0.000475         0.000595         0.001487
11 Feb 2015 16:58:47.154         0.000351         0.000535         0.001435
11 Feb 2015 17:00:53.230         0.000239         0.000478         0.001376
11 Feb 2015 17:03:02.340         0.000141         0.000425         0.001313
11 Feb 2015 17:05:11.591         0.000059         0.000377         0.001250
11 Feb 2015 17:07:18.813        -0.000010         0.000335         0.001189
11 Feb 2015 17:08:59.743        -0.000057         0.000305         0.001142
11 Feb 2015 17:10:40.607        -0.000098         0.000277         0.001097
11 Feb 2015 17:12:50.144        -0.000144         0.000245         0.001041
11 Feb 2015 17:15:13.781        -0.000186         0.000213         0.000982
11 Feb 2015 17:17:51.162        -0.000224         0.000182         0.000922
11 Feb 2015 17:20:41.425        -0.000258         0.000152         0.000862
11 Feb 2015 17:23:44.371        -0.000287         0.000125         0.000803
11 Feb 2015 17:27:00.036        -0.000311         0.000100         0.000745
11 Feb 2015 17:30:28.590        -0.000332         0.000077         0.000689
11 Feb 2015 17:34:04.636        -0.000348         0.000056         0.000637
11 Feb 2015 17:37:45.394        -0.000360         0.000038         0.000589
11 Feb 2015 17:41:29.080        -0.000370         0.000022         0.000545
11 Feb 2015 17:45:12.848        -0.000378         0.000007         0.000505
11 Feb 2015 17:48:51.545        -0.000384        -0.000005         0.000469
11 Feb 2015 17:52:11.571        -0.000388        -0.000015         0.000440
11 Feb 2015 17:55:28.437        -0.000392        -0.000024         0.000413
11 Feb 2015 17:59:22.542        -0.000395        -0.000033         0.000383
11 Feb 2015 18:03:38.922        -0.000398        -0.000043         0.000354
11 Feb 2015 18:08:15.751        -0.000401        -0.000052         0.000324
11 Feb 2015 18:13:11.213        -0.000405        -0.000062         0.000296
11 Feb 2015 18:18:23.986        -0.000408        -0.000071         0.000268
11 Feb 2015 18:23:52.855        -0.000411        -0.000080         0.000241
11 Feb 2015 18:29:36.547        -0.000416        -0.000089         0.000214
11 Feb 2015 18:35:33.646        -0.000421        -0.000098         0.000188
11 Feb 2015 18:41:42.567        -0.000427        -0.000108         0.000162
11 Feb 2015 18:48:01.565        -0.000434        -0.000118         0.000136
11 Feb 2015 18:54:21.925        -0.000443        -0.000129         0.000109
11 Feb 2015 19:00:26.892        -0.000452        -0.000139         0.000083
11 Feb 2015 19:06:16.290        -0.000463        -0.000151         0.000057
11 Feb 2015 19:11:53.377        -0.000474        -0.000162         0.000031
11 Feb 2015 19:16:33.706        -0.000485        -0.000173         0.000007
11 Feb 2015 19:20:19.619        -0.000494        -0.000182        -0.000014
11 Feb 2015 19:24:05.976        -0.000504        -0.000192        -0.000036
11 Feb 2015 19:28:05.190        -0.000516        -0.000203        -0.000062
11 Feb 2015 19:32:26.561        -0.000529        -0.000217        -0.000093
11 Feb 2015 19:36:55.841        -0.000543        -0.000232        -0.000128
11 Feb 2015 19:41:26.967        -0.000559        -0.000250        -0.000169
11 Feb 2015 19:45:55.779        -0.000574        -0.000269        -0.000216
11 Feb 2015 19:50:19.350        -0.000590        -0.000290        -0.000270
11 Feb 2015 19:54:35.577        -0.000604        -0.000312        -0.000330
11 Feb 2015 19:58:42.943        -0.000617        -0.000336        -0.000399
11 Feb 2015 20:02:40.101        -0.000627        -0.000362        -0.000477
11 Feb 2015 20:06:26.482        -0.000632        -0.000388        -0.000563
11 Feb 2015 20:10:02.366        -0.000632        -0.000416        -0.000660
11 Feb 2015 20:13:27.170        -0.000623        -0.000443        -0.000768
11 Feb 2015 20:16:40.991        -0.000605        -0.000470        -0.000886
11 Feb 2015 20:19:25.060        -0.000579        -0.000493        -0.001000
11 Feb 2015 20:22:08.986        -0.000539        -0.000515        -0.001128
11 Feb 2015 20:24:38.394        -0.000486        -0.000533        -0.001258
11 Feb 2015 20:26:54.073        -0.000421        -0.000547        -0.001388
11 Feb 2015 20:28:57.833        -0.000345        -0.000556        -0.001516
11 Feb 2015 20:30:55.531        -0.000254        -0.000559        -0.001645
11 Feb 2015 20:32:48.471        -0.000145        -0.000557        -0.001775
11 Feb 2015 20:34:37.008        -0.000019        -0.000548        -0.001902
11 Feb 2015 20:36:21.480         0.000127        -0.000530        -0.002025
11 Feb 2015 20:38:01.548         0.000290        -0.000504        -0.002139
11 Feb 2015 20:39:38.882         0.000473        -0.000467        -0.002242
11 Feb 2015 20:41:13.090         0.000674        -0.000419        -0.002330
11 Feb 2015 20:42:44.431         0.000892        -0.000360        -0.002398
11 Feb 2015 20:44:13.135         0.001124        -0.000289        -0.002443
11 Feb 2015 20:45:39.395         0.001366        -0.000207        -0.002460
11 Feb 2015 20:47:03.372         0.001614        -0.000113        -0.002445
11 Feb 2015 20:48:25.201         0.001863        -0.000010        -0.002397
11 Feb 2015 20:49:17.773         0.002023         0.000062        -0.002346
11 Feb 2015 20:50:10.345         0.002181         0.000138        -0.002279
11 Feb 2015 20:51:13.934         0.002367         0.000235        -0.002174
11 Feb 2015 20:52:22.256         0.002556         0.000342        -0.002033
11 Feb 2015 20:53:33.507         0.002735         0.000457        -0.001856
11 Feb 2015 20:54:41.056         0.002883         0.000565        -0.001660
11 Feb 2015 20:55:49.266         0.003006         0.000673        -0.001438
11 Feb 2015 20:56:51.063         0.003092         0.000765        -0.001220
11 Feb 2015 20:57:49.726         0.003147         0.000846        -0.001004
11 Feb 2015 20:58:48.421         0.003178         0.000920        -0.000782
11 Feb 2015 20:59:53.084         0.003182         0.000992        -0.000535
11 Feb 2015 21:00:54.275         0.003159         0.001050        -0.000301
11 Feb 2015 21:01:55.580         0.003110         0.001097        -0.000072
11 Feb 2015 21:02:49.826         0.003048         0.001130         0.000124
11 Feb 2015 21:03:44.020         0.002969         0.001154         0.000310
11 Feb 2015 21:04:45.451         0.002863         0.001172         0.000507
11 Feb 2015 21:05:56.969         0.002721         0.001180         0.000715
11 Feb 2015 21:07:15.648         0.002548         0.001175         0.000917
11 Feb 2015 21:08:39.304         0.002351         0.001156         0.001098
11 Feb 2015 21:10:06.477         0.002140         0.001124         0.001252
11 Feb 2015 21:11:36.987         0.001922         0.001081         0.001375
11 Feb 2015 21:13:09.412         0.001705         0.001029         0.001467
11 Feb 2015 21:14:43.787         0.001494         0.000971         0.001531
11 Feb 2015 21:16:20.295         0.001293         0.000910         0.001568
11 Feb 2015 21:17:59.204         0.001103         0.000846         0.001584
11 Feb 2015 21:19:40.838         0.000927         0.000782         0.001580
11 Feb 2015 21:21:25.550         0.000764         0.000718         0.001561
11 Feb 2015 21:23:13.713         0.000615         0.000656         0.001529
11 Feb 2015 21:25:06.269         0.000480         0.000595         0.001487
11 Feb 2015 21:27:05.287         0.000356         0.000536         0.001435
11 Feb 2015 21:29:11.355         0.000243         0.000479         0.001376
11 Feb 2015 21:31:20.636         0.000145         0.000426         0.001314
11 Feb 2015 21:33:30.124         0.000062         0.000378         0.001251
11 Feb 2015 21:35:37.712        -0.000007         0.000336         0.001190
11 Feb 2015 21:37:14.767        -0.000053         0.000307         0.001145
11 Feb 2015 21:38:51.726        -0.000093         0.000280         0.001101
11 Feb 2015 21:40:59.718        -0.000139         0.000248         0.001046
11 Feb 2015 21:43:21.912        -0.000181         0.000216         0.000988
11 Feb 2015 21:45:58.024        -0.000220         0.000185         0.000928
11 Feb 2015 21:48:47.078        -0.000254         0.000156         0.000868
11 Feb 2015 21:51:48.833        -0.000284         0.000128         0.000809
11 Feb 2015 21:55:03.297        -0.000309         0.000103         0.000751
11 Feb 2015 21:58:30.627        -0.000329         0.000080         0.000695
11 Feb 2015 22:02:06.678        -0.000346         0.000059         0.000642
11 Feb 2015 22:05:47.648        -0.000359         0.000040         0.000593
11 Feb 2015 22:09:31.864        -0.000370         0.000024         0.000549
11 Feb 2015 22:13:16.675        -0.000378         0.000009         0.000509
11 Feb 2015 22:16:57.420        -0.000384        -0.000003         0.000473
11 Feb 2015 22:20:22.903        -0.000389        -0.000013         0.000442
11 Feb 2015 22:23:28.749        -0.000392        -0.000022         0.000417
11 Feb 2015 22:27:19.673        -0.000396        -0.000032         0.000387
11 Feb 2015 22:31:32.819        -0.000399        -0.000041         0.000358
11 Feb 2015 22:36:06.865        -0.000402        -0.000051         0.000328
11 Feb 2015 22:40:59.778        -0.000405        -0.000060         0.000299
11 Feb 2015 22:46:10.171        -0.000409        -0.000069         0.000271
11 Feb 2015 22:51:36.792        -0.000412        -0.000078         0.000244
11 Feb 2015 22:57:18.351        -0.000417        -0.000087         0.000217
11 Feb 2015 23:03:13.440        -0.000422        -0.000097         0.000191
11 Feb 2015 23:09:20.481        -0.000428        -0.000106         0.000165
11 Feb 2015 23:15:37.739        -0.000435        -0.000116         0.000139
11 Feb 2015 23:21:57.736        -0.000444        -0.000127         0.000112
11 Feb 2015 23:28:02.463        -0.000454        -0.000138         0.000086
11 Feb 2015 23:33:51.812        -0.000464        -0.000149         0.000060
11 Feb 2015 23:39:29.592        -0.000476        -0.000161         0.000034
11 Feb 2015 23:44:43.852        -0.000488        -0.000173         0.000007
11 Feb 2015 23:48:27.507        -0.000497        -0.000182        -0.000014
11 Feb 2015 23:52:11.619        -0.000507        -0.000192        -0.000036
11 Feb 2015 23:56:10.189        -0.000519        -0.000204        -0.000062
12 Feb 2015 00:00:30.469        -0.000532        -0.000217        -0.000093
12 Feb 2015 00:04:58.607        -0.000547        -0.000233        -0.000129
12 Feb 2015 00:09:28.567        -0.000562        -0.000250        -0.000171
12 Feb 2015 00:13:56.204        -0.000578        -0.000269        -0.000218
12 Feb 2015 00:18:18.617        -0.000594        -0.000290        -0.000272
12 Feb 2015 00:22:33.711        -0.000609        -0.000313        -0.000333
12 Feb 2015 00:26:39.980        -0.000621        -0.000337        -0.000402
12 Feb 2015 00:30:36.285        -0.000631        -0.000363        -0.000480
12 Feb 2015 00:34:21.887        -0.000636        -0.000389        -0.000568
12 Feb 2015 00:37:56.818        -0.000636        -0.000417        -0.000665
12 Feb 2015 00:41:20.724        -0.000627        -0.000445        -0.000773
12 Feb 2015 00:44:33.713        -0.000608        -0.000472        -0.000892
12 Feb 2015 00:47:16.785        -0.000582        -0.000494        -0.001006
12 Feb 2015 00:49:59.731        -0.000541        -0.000516        -0.001135
12 Feb 2015 00:52:28.327        -0.000488        -0.000535        -0.001266
12 Feb 2015 00:54:43.347        -0.000423        -0.000548        -0.001396
12 Feb 2015 00:56:46.563        -0.000346        -0.000557        -0.001524
12 Feb 2015 00:58:43.796        -0.000254        -0.000561        -0.001653
12 Feb 2015 01:00:36.331        -0.000144        -0.000558        -0.001783
12 Feb 2015 01:02:24.514        -0.000017        -0.000549        -0.001910
12 Feb 2015 01:04:08.674         0.000129        -0.000531        -0.002033
12 Feb 2015 01:05:45.762         0.000288        -0.000506        -0.002143
12 Feb 2015 01:07:22.934         0.000472        -0.000469        -0.002247
12 Feb 2015 01:08:57.015         0.000673        -0.000422        -0.002334
12 Feb 2015 01:10:28.249         0.000892        -0.000363        -0.002402
12 Feb 2015 01:11:56.861         0.001124        -0.000292        -0.002447
12 Feb 2015 01:13:23.043         0.001367        -0.000210        -0.002463
12 Feb 2015 01:14:46.952         0.001615        -0.000117        -0.002448
12 Feb 2015 01:16:08.722         0.001864        -0.000015        -0.002400
12 Feb 2015 01:17:03.651         0.002031         0.000061        -0.002346
12 Feb 2015 01:17:58.581         0.002196         0.000140        -0.002274
12 Feb 2015 01:19:02.006         0.002381         0.000236        -0.002168
12 Feb 2015 01:20:10.388         0.002569         0.000344        -0.002025
12 Feb 2015 01:21:21.803         0.002747         0.000459        -0.001845
12 Feb 2015 01:22:28.305         0.002892         0.000565        -0.001650
12 Feb 2015 01:23:35.529         0.003012         0.000670        -0.001430
12 Feb 2015 01:24:37.424         0.003096         0.000762        -0.001211
12 Feb 2015 01:25:36.067         0.003151         0.000843        -0.000994
12 Feb 2015 01:26:34.620         0.003180         0.000916        -0.000773
12 Feb 2015 01:27:39.472         0.003183         0.000987        -0.000525
12 Feb 2015 01:28:40.893         0.003158         0.001045        -0.000291
12 Feb 2015 01:29:42.069         0.003108         0.001092        -0.000062
12 Feb 2015 01:30:35.662         0.003045         0.001124         0.000130
12 Feb 2015 01:31:29.208         0.002967         0.001148         0.000313
12 Feb 2015 01:32:31.198         0.002860         0.001166         0.000511
12 Feb 2015 01:33:42.905         0.002717         0.001174         0.000720
12 Feb 2015 01:35:01.788         0.002543         0.001169         0.000921
12 Feb 2015 01:36:25.624         0.002346         0.001150         0.001101
12 Feb 2015 01:37:53.000         0.002135         0.001117         0.001254
12 Feb 2015 01:39:23.670         0.001917         0.001074         0.001376
12 Feb 2015 01:40:56.276         0.001700         0.001023         0.001467
12 Feb 2015 01:42:30.861         0.001489         0.000965         0.001530
12 Feb 2015 01:44:07.608         0.001288         0.000904         0.001567
12 Feb 2015 01:45:46.790         0.001099         0.000841         0.001582
12 Feb 2015 01:47:28.731         0.000923         0.000777         0.001578
12 Feb 2015 01:49:13.786         0.000761         0.000714         0.001558
12 Feb 2015 01:51:02.330         0.000612         0.000652         0.001526
12 Feb 2015 01:52:55.237         0.000477         0.000592         0.001483
12 Feb 2015 01:54:54.649         0.000353         0.000533         0.001432
12 Feb 2015 01:57:01.156         0.000241         0.000476         0.001373
12 Feb 2015 01:59:10.656         0.000143         0.000424         0.001310
12 Feb 2015 02:01:20.341         0.000061         0.000376         0.001248
12 Feb 2015 02:03:28.075        -0.000008         0.000335         0.001187
12 Feb 2015 02:05:06.883        -0.000054         0.000305         0.001141
12 Feb 2015 02:06:45.615        -0.000095         0.000278         0.001097
12 Feb 2015 02:08:54.501        -0.000140         0.000246         0.001042
12 Feb 2015 02:11:17.556        -0.000183         0.000215         0.000984
12 Feb 2015 02:13:54.476        -0.000221         0.000184         0.000924
12 Feb 2015 02:16:44.334        -0.000255         0.000155         0.000864
12 Feb 2015 02:19:46.892        -0.000285         0.000128         0.000805
12 Feb 2015 02:23:02.171        -0.000310         0.000102         0.000747
12 Feb 2015 02:26:30.323        -0.000330         0.000079         0.000692
12 Feb 2015 02:30:07.248        -0.000347         0.000058         0.000639
12 Feb 2015 02:33:49.089        -0.000360         0.000040         0.000591
12 Feb 2015 02:37:34.154        -0.000371         0.000024         0.000547
12 Feb 2015 02:41:19.769        -0.000379         0.000009         0.000507
12 Feb 2015 02:45:01.236        -0.000385        -0.000003         0.000471
12 Feb 2015 02:48:27.250        -0.000389        -0.000013         0.000440
12 Feb 2015 02:51:34.194        -0.000393        -0.000022         0.000415
12 Feb 2015 02:55:25.974        -0.000397        -0.000032         0.000385
12 Feb 2015 02:59:39.995        -0.000400        -0.000041         0.000356
12 Feb 2015 03:04:14.898        -0.000403        -0.000051         0.000327
12 Feb 2015 03:09:08.625        -0.000407        -0.000060         0.000298
12 Feb 2015 03:14:19.758        -0.000410        -0.000069         0.000270
12 Feb 2015 03:19:47.021        -0.000414        -0.000078         0.000243
12 Feb 2015 03:25:29.094        -0.000419        -0.000088         0.000216
12 Feb 2015 03:31:24.538        -0.000424        -0.000097         0.000190
12 Feb 2015 03:37:31.760        -0.000430        -0.000107         0.000164
12 Feb 2015 03:43:49.001        -0.000438        -0.000117         0.000137
12 Feb 2015 03:50:05.814        -0.000447        -0.000128         0.000111
12 Feb 2015 03:56:07.582        -0.000457        -0.000139         0.000085
12 Feb 2015 04:01:53.971        -0.000468        -0.000150         0.000059
12 Feb 2015 04:07:28.544        -0.000480        -0.000162         0.000032
12 Feb 2015 04:12:07.105        -0.000491        -0.000173         0.000007
12 Feb 2015 04:15:52.757        -0.000500        -0.000182        -0.000014
12 Feb 2015 04:19:38.831        -0.000510        -0.000192        -0.000036
12 Feb 2015 04:23:35.502        -0.000522        -0.000204        -0.000062
12 Feb 2015 04:27:54.588        -0.000535        -0.000217        -0.000093
12 Feb 2015 04:32:21.532        -0.000550        -0.000233        -0.000130
12 Feb 2015 04:36:50.340        -0.000566        -0.000250        -0.000171
12 Feb 2015 04:41:16.873        -0.000582        -0.000269        -0.000219
12 Feb 2015 04:45:38.231        -0.000598        -0.000290        -0.000273
12 Feb 2015 04:49:52.321        -0.000612        -0.000313        -0.000335
12 Feb 2015 04:53:57.643        -0.000625        -0.000337        -0.000404
12 Feb 2015 04:57:53.149        -0.000635        -0.000363        -0.000483
12 Feb 2015 05:01:38.139        -0.000640        -0.000390        -0.000571
12 Feb 2015 05:05:12.292        -0.000639        -0.000418        -0.000669
12 Feb 2015 05:08:35.476        -0.000631        -0.000445        -0.000777
12 Feb 2015 05:11:47.805        -0.000612        -0.000473        -0.000896
12 Feb 2015 05:14:30.155        -0.000585        -0.000495        -0.001011
12 Feb 2015 05:17:12.392        -0.000544        -0.000517        -0.001140
12 Feb 2015 05:19:40.406        -0.000491        -0.000536        -0.001271
12 Feb 2015 05:21:54.962        -0.000425        -0.000549        -0.001401
12 Feb 2015 05:23:57.805        -0.000348        -0.000558        -0.001530
12 Feb 2015 05:25:54.651        -0.000255        -0.000562        -0.001659
12 Feb 2015 05:27:46.849        -0.000145        -0.000560        -0.001789
12 Feb 2015 05:29:34.742        -0.000018        -0.000550        -0.001916
12 Feb 2015 05:31:18.651         0.000129        -0.000533        -0.002039
12 Feb 2015 05:32:54.548         0.000287        -0.000508        -0.002148
12 Feb 2015 05:34:31.562         0.000471        -0.000471        -0.002251
12 Feb 2015 05:36:05.509         0.000673        -0.000424        -0.002339
12 Feb 2015 05:37:36.627         0.000892        -0.000366        -0.002407
12 Feb 2015 05:39:05.140         0.001125        -0.000295        -0.002451
12 Feb 2015 05:40:31.235         0.001368        -0.000214        -0.002467
12 Feb 2015 05:41:55.069         0.001616        -0.000121        -0.002452
12 Feb 2015 05:43:16.774         0.001865        -0.000019        -0.002403
12 Feb 2015 05:44:13.420         0.002038         0.000059        -0.002346
12 Feb 2015 05:45:10.062         0.002209         0.000141        -0.002271
12 Feb 2015 05:46:13.249         0.002393         0.000237        -0.002163
12 Feb 2015 05:47:21.638         0.002580         0.000344        -0.002018
12 Feb 2015 05:48:33.186         0.002757         0.000459        -0.001836
12 Feb 2015 05:49:38.912         0.002899         0.000563        -0.001643
12 Feb 2015 05:50:45.380         0.003016         0.000667        -0.001424
12 Feb 2015 05:51:47.442         0.003100         0.000759        -0.001204
12 Feb 2015 05:52:46.209         0.003153         0.000839        -0.000987
12 Feb 2015 05:53:44.754         0.003181         0.000912        -0.000766
12 Feb 2015 05:54:49.901         0.003183         0.000983        -0.000516
12 Feb 2015 05:55:51.656         0.003157         0.001040        -0.000281
12 Feb 2015 05:56:52.741         0.003106         0.001086        -0.000053
12 Feb 2015 05:57:45.578         0.003044         0.001118         0.000136
12 Feb 2015 05:58:38.374         0.002966         0.001141         0.000316
12 Feb 2015 05:59:40.846         0.002858         0.001159         0.000515
12 Feb 2015 06:00:52.693         0.002714         0.001167         0.000723
12 Feb 2015 06:02:11.740         0.002540         0.001162         0.000923
12 Feb 2015 06:03:35.738         0.002343         0.001143         0.001103
12 Feb 2015 06:05:03.297         0.002132         0.001111         0.001254
12 Feb 2015 06:06:34.117         0.001913         0.001068         0.001376
12 Feb 2015 06:08:06.896         0.001696         0.001017         0.001467
12 Feb 2015 06:09:41.680         0.001486         0.000960         0.001528
12 Feb 2015 06:11:18.657         0.001285         0.000899         0.001565
12 Feb 2015 06:12:58.099         0.001096         0.000837         0.001579
12 Feb 2015 06:14:40.332         0.000920         0.000773         0.001575
12 Feb 2015 06:16:25.714         0.000758         0.000710         0.001556
12 Feb 2015 06:18:14.622         0.000610         0.000649         0.001523
12 Feb 2015 06:20:07.851         0.000475         0.000589         0.001480
12 Feb 2015 06:22:07.621         0.000351         0.000530         0.001429
12 Feb 2015 06:24:14.525         0.000239         0.000474         0.001370
12 Feb 2015 06:26:24.243         0.000142         0.000422         0.001307
12 Feb 2015 06:28:34.132         0.000060         0.000375         0.001245
12 Feb 2015 06:30:42.032        -0.000009         0.000333         0.001184
12 Feb 2015 06:32:21.963        -0.000055         0.000304         0.001139
12 Feb 2015 06:34:01.818        -0.000096         0.000277         0.001094
12 Feb 2015 06:36:11.301        -0.000141         0.000245         0.001039
12 Feb 2015 06:38:34.966        -0.000184         0.000214         0.000981
12 Feb 2015 06:41:12.479        -0.000222         0.000183         0.000921
12 Feb 2015 06:44:02.923        -0.000256         0.000154         0.000862
12 Feb 2015 06:47:06.076        -0.000285         0.000127         0.000803
12 Feb 2015 06:50:21.954        -0.000310         0.000102         0.000745
12 Feb 2015 06:53:50.709        -0.000331         0.000079         0.000690
12 Feb 2015 06:57:28.418        -0.000348         0.000058         0.000637
12 Feb 2015 07:01:11.063        -0.000361         0.000040         0.000589
12 Feb 2015 07:04:56.946        -0.000371         0.000024         0.000545
12 Feb 2015 07:08:43.399        -0.000379         0.000009         0.000505
12 Feb 2015 07:12:25.730        -0.000386        -0.000003         0.000469
12 Feb 2015 07:15:52.754        -0.000390        -0.000013         0.000439
12 Feb 2015 07:18:59.227        -0.000394        -0.000022         0.000414
12 Feb 2015 07:22:51.380        -0.000398        -0.000031         0.000384
12 Feb 2015 07:27:05.800        -0.000401        -0.000041         0.000355
12 Feb 2015 07:31:41.130        -0.000405        -0.000051         0.000326
12 Feb 2015 07:36:35.272        -0.000408        -0.000060         0.000297
12 Feb 2015 07:41:46.782        -0.000412        -0.000069         0.000269
12 Feb 2015 07:47:14.348        -0.000416        -0.000078         0.000242
12 Feb 2015 07:52:56.626        -0.000421        -0.000088         0.000215
12 Feb 2015 07:58:52.151        -0.000426        -0.000097         0.000189
12 Feb 2015 08:04:59.308        -0.000433        -0.000107         0.000163
12 Feb 2015 08:11:16.333        -0.000441        -0.000117         0.000136
12 Feb 2015 08:17:30.332        -0.000450        -0.000128         0.000110
12 Feb 2015 08:23:29.483        -0.000460        -0.000139         0.000083
12 Feb 2015 08:29:13.260        -0.000471        -0.000150         0.000057
12 Feb 2015 08:34:45.080        -0.000483        -0.000162         0.000030
12 Feb 2015 08:39:20.010        -0.000494        -0.000173         0.000006
12 Feb 2015 08:42:57.704        -0.000504        -0.000182        -0.000015
12 Feb 2015 08:46:35.840        -0.000514        -0.000192        -0.000037
12 Feb 2015 08:50:33.366        -0.000526        -0.000204        -0.000063
12 Feb 2015 08:54:51.512        -0.000539        -0.000218        -0.000095
12 Feb 2015 08:59:17.419        -0.000554        -0.000233        -0.000131
12 Feb 2015 09:03:45.076        -0.000570        -0.000251        -0.000173
12 Feb 2015 09:08:10.395        -0.000586        -0.000270        -0.000221
12 Feb 2015 09:12:30.509        -0.000602        -0.000291        -0.000276
12 Feb 2015 09:16:43.354        -0.000617        -0.000314        -0.000338
12 Feb 2015 09:20:47.444        -0.000629        -0.000339        -0.000408
12 Feb 2015 09:24:41.750        -0.000639        -0.000365        -0.000488
12 Feb 2015 09:28:25.606        -0.000644        -0.000392        -0.000576
12 Feb 2015 09:31:58.654        -0.000643        -0.000419        -0.000675
12 Feb 2015 09:35:20.794        -0.000634        -0.000447        -0.000785
12 Feb 2015 09:38:32.148        -0.000615        -0.000474        -0.000905
12 Feb 2015 09:41:13.277        -0.000587        -0.000497        -0.001020
12 Feb 2015 09:43:54.310        -0.000545        -0.000519        -0.001149
12 Feb 2015 09:46:21.316        -0.000491        -0.000537        -0.001280
12 Feb 2015 09:48:35.042        -0.000425        -0.000551        -0.001411
12 Feb 2015 09:50:37.192        -0.000347        -0.000560        -0.001539
12 Feb 2015 09:52:33.512        -0.000253        -0.000563        -0.001669
12 Feb 2015 09:54:25.248        -0.000143        -0.000561        -0.001799
12 Feb 2015 09:56:12.732        -0.000014        -0.000551        -0.001926
12 Feb 2015 09:57:44.305         0.000116        -0.000536        -0.002034
12 Feb 2015 09:59:17.908         0.000268        -0.000513        -0.002142
12 Feb 2015 10:00:55.082         0.000451        -0.000478        -0.002246
12 Feb 2015 10:02:29.198         0.000652        -0.000432        -0.002335
12 Feb 2015 10:04:00.480         0.000869        -0.000375        -0.002405
12 Feb 2015 10:05:29.150         0.001101        -0.000306        -0.002451
12 Feb 2015 10:06:55.399         0.001343        -0.000226        -0.002470
12 Feb 2015 10:08:19.383         0.001592        -0.000135        -0.002458
12 Feb 2015 10:09:41.235         0.001841        -0.000034        -0.002412
12 Feb 2015 10:10:42.422         0.002028         0.000049        -0.002353
12 Feb 2015 10:11:43.607         0.002213         0.000137        -0.002272
12 Feb 2015 10:12:45.642         0.002394         0.000231        -0.002166
12 Feb 2015 10:13:53.886         0.002581         0.000338        -0.002021
12 Feb 2015 10:15:05.395         0.002758         0.000452        -0.001838
12 Feb 2015 10:16:10.941         0.002899         0.000556        -0.001645
12 Feb 2015 10:17:17.212         0.003017         0.000659        -0.001427
12 Feb 2015 10:18:19.386         0.003101         0.000751        -0.001207
12 Feb 2015 10:19:18.301         0.003154         0.000832        -0.000989
12 Feb 2015 10:20:16.945         0.003182         0.000904        -0.000768
12 Feb 2015 10:21:22.277         0.003184         0.000975        -0.000518
12 Feb 2015 10:22:24.276         0.003158         0.001033        -0.000282
12 Feb 2015 10:23:25.461         0.003107         0.001079        -0.000054
12 Feb 2015 10:24:18.483         0.003044         0.001111         0.000136
12 Feb 2015 10:25:11.463         0.002966         0.001134         0.000316
12 Feb 2015 10:26:13.976         0.002858         0.001152         0.000515
12 Feb 2015 10:27:25.867         0.002714         0.001160         0.000722
12 Feb 2015 10:28:44.956         0.002540         0.001156         0.000922
12 Feb 2015 10:30:09.060         0.002343         0.001137         0.001101
12 Feb 2015 10:31:36.737         0.002132         0.001106         0.001253
12 Feb 2015 10:33:07.675         0.001913         0.001063         0.001374
12 Feb 2015 10:34:40.594         0.001696         0.001012         0.001465
12 Feb 2015 10:36:15.542         0.001486         0.000956         0.001526
12 Feb 2015 10:37:52.709         0.001285         0.000896         0.001563
12 Feb 2015 10:39:32.368         0.001096         0.000833         0.001577
12 Feb 2015 10:41:14.845         0.000921         0.000770         0.001573
12 Feb 2015 10:43:00.499         0.000758         0.000708         0.001553
12 Feb 2015 10:44:49.707         0.000610         0.000646         0.001521
12 Feb 2015 10:46:43.148         0.000475         0.000587         0.001478
12 Feb 2015 10:48:43.162         0.000352         0.000529         0.001427
12 Feb 2015 10:50:50.338         0.000240         0.000472         0.001368
12 Feb 2015 10:53:00.258         0.000142         0.000421         0.001305
12 Feb 2015 10:55:10.361         0.000060         0.000374         0.001243
12 Feb 2015 10:57:18.497        -0.000009         0.000333         0.001183
12 Feb 2015 10:58:57.961        -0.000055         0.000304         0.001137
12 Feb 2015 11:00:37.359        -0.000095         0.000277         0.001093
12 Feb 2015 11:02:46.784        -0.000140         0.000245         0.001038
12 Feb 2015 11:05:10.420        -0.000183         0.000214         0.000981
12 Feb 2015 11:07:47.938        -0.000221         0.000184         0.000921
12 Feb 2015 11:10:38.402        -0.000255         0.000155         0.000862
12 Feb 2015 11:13:41.587        -0.000285         0.000128         0.000803
12 Feb 2015 11:16:57.496        -0.000310         0.000103         0.000746
12 Feb 2015 11:20:26.278        -0.000331         0.000080         0.000690
12 Feb 2015 11:24:04.533        -0.000347         0.000059         0.000638
12 Feb 2015 11:27:47.801        -0.000361         0.000041         0.000590
12 Feb 2015 11:31:34.417        -0.000371         0.000024         0.000545
12 Feb 2015 11:35:21.766        -0.000380         0.000010         0.000505
12 Feb 2015 11:39:05.311        -0.000386        -0.000002         0.000470
12 Feb 2015 11:42:06.480        -0.000390        -0.000011         0.000443
12 Feb 2015 11:45:07.436        -0.000394        -0.000020         0.000418
12 Feb 2015 11:48:54.534        -0.000398        -0.000029         0.000389
12 Feb 2015 11:53:04.959        -0.000402        -0.000039         0.000360
12 Feb 2015 11:57:36.836        -0.000405        -0.000048         0.000331
12 Feb 2015 12:00:00.000        -0.000407        -0.000053         0.000316
12 Feb 2015 12:01:00.000        -0.000408        -0.000055         0.000310
12 Feb 2015 12:04:57.567        -0.000411        -0.000062         0.000288
12 Feb 2015 12:10:17.263        -0.000415        -0.000072         0.000260
12 Feb 2015 12:15:49.553        -0.000419        -0.000081         0.000233
12 Feb 2015 12:21:36.151        -0.000424        -0.000090         0.000207
12 Feb 2015 12:27:35.402        -0.000431        -0.000100         0.000180
12 Feb 2015 12:31:12.898        -0.000435        -0.000106         0.000165
12 Feb 2015 12:32:12.898        -0.000436        -0.000108         0.000161
12 Feb 2015 12:36:23.575        -0.000442        -0.000115         0.000143
12 Feb 2015 12:42:41.142        -0.000451        -0.000125         0.000116
12 Feb 2015 12:48:40.437        -0.000461        -0.000137         0.000090
12 Feb 2015 12:54:24.666        -0.000472        -0.000148         0.000064
12 Feb 2015 12:59:58.075        -0.000485        -0.000160         0.000037
12 Feb 2015 13:05:08.996        -0.000497        -0.000172         0.000009
12 Feb 2015 13:08:57.604        -0.000508        -0.000182        -0.000012
12 Feb 2015 13:12:46.634        -0.000519        -0.000192        -0.000036
12 Feb 2015 13:16:37.331        -0.000531        -0.000204        -0.000062
12 Feb 2015 13:20:52.124        -0.000545        -0.000218        -0.000094
12 Feb 2015 13:25:14.776        -0.000560        -0.000234        -0.000130
12 Feb 2015 13:29:39.394        -0.000576        -0.000251        -0.000172
12 Feb 2015 13:34:01.852        -0.000593        -0.000271        -0.000220
12 Feb 2015 13:38:19.268        -0.000609        -0.000292        -0.000275
12 Feb 2015 13:42:29.573        -0.000625        -0.000315        -0.000338
12 Feb 2015 13:46:31.277        -0.000638        -0.000340        -0.000408
12 Feb 2015 13:50:23.345        -0.000649        -0.000366        -0.000488
12 Feb 2015 13:54:05.106        -0.000655        -0.000394        -0.000577
12 Feb 2015 13:57:36.193        -0.000654        -0.000422        -0.000677
12 Feb 2015 14:00:56.498        -0.000646        -0.000450        -0.000787
12 Feb 2015 14:04:06.132        -0.000628        -0.000478        -0.000908
12 Feb 2015 14:06:45.977        -0.000601        -0.000502        -0.001025
12 Feb 2015 14:09:25.729        -0.000560        -0.000525        -0.001156
12 Feb 2015 14:11:51.600        -0.000506        -0.000544        -0.001289
12 Feb 2015 14:14:04.322        -0.000441        -0.000558        -0.001422
12 Feb 2015 14:16:05.577        -0.000362        -0.000568        -0.001552
12 Feb 2015 14:18:00.615        -0.000269        -0.000572        -0.001684
12 Feb 2015 14:19:51.138        -0.000158        -0.000571        -0.001816
12 Feb 2015 14:21:37.473        -0.000029        -0.000562        -0.001945
12 Feb 2015 14:23:19.931         0.000119        -0.000545        -0.002070
12 Feb 2015 14:24:58.818         0.000286        -0.000519        -0.002186
12 Feb 2015 14:26:34.430         0.000474        -0.000483        -0.002291
12 Feb 2015 14:28:07.041         0.000679        -0.000436        -0.002380
12 Feb 2015 14:29:36.899         0.000902        -0.000378        -0.002449
12 Feb 2015 14:31:04.218         0.001138        -0.000307        -0.002493
12 Feb 2015 14:32:29.179         0.001385        -0.000225        -0.002509
12 Feb 2015 14:33:51.932         0.001638        -0.000132        -0.002494
12 Feb 2015 14:35:12.605         0.001891        -0.000029        -0.002443
12 Feb 2015 14:36:11.779         0.002076         0.000053        -0.002382
12 Feb 2015 14:37:10.939         0.002259         0.000141        -0.002299
12 Feb 2015 14:38:12.779         0.002443         0.000237        -0.002188
12 Feb 2015 14:39:21.731         0.002636         0.000348        -0.002035
12 Feb 2015 14:40:24.822         0.002796         0.000451        -0.001867
12 Feb 2015 14:41:19.825         0.002921         0.000542        -0.001697
12 Feb 2015 14:42:07.846         0.003017         0.000623        -0.001530
12 Feb 2015 14:42:56.106         0.003099         0.000702        -0.001349
12 Feb 2015 14:43:43.589         0.003161         0.000774        -0.001167
12 Feb 2015 14:44:31.331         0.003202         0.000839        -0.000989
12 Feb 2015 14:45:14.936         0.003224         0.000892        -0.000832
12 Feb 2015 14:46:01.360         0.003231         0.000943        -0.000662
12 Feb 2015 14:46:50.366         0.003224         0.000993        -0.000478
12 Feb 2015 14:47:39.611         0.003200         0.001038        -0.000290
12 Feb 2015 14:48:37.121         0.003152         0.001083        -0.000072
12 Feb 2015 14:49:28.976         0.003090         0.001115         0.000118
12 Feb 2015 14:50:17.188         0.003020         0.001138         0.000287
12 Feb 2015 14:51:15.052         0.002920         0.001157         0.000477
12 Feb 2015 14:52:24.475         0.002782         0.001168         0.000686
12 Feb 2015 14:53:41.471         0.002612         0.001166         0.000890
12 Feb 2015 14:55:04.263         0.002416         0.001150         0.001077
12 Feb 2015 14:56:30.504         0.002205         0.001122         0.001237
12 Feb 2015 14:58:00.352         0.001985         0.001081         0.001366
12 Feb 2015 14:59:32.209         0.001765         0.001032         0.001464
12 Feb 2015 15:01:06.089         0.001550         0.000977         0.001533
12 Feb 2015 15:02:42.156         0.001345         0.000917         0.001575
12 Feb 2015 15:04:20.663         0.001151         0.000854         0.001595
12 Feb 2015 15:06:01.923         0.000970         0.000791         0.001594
12 Feb 2015 15:07:46.281         0.000802         0.000728         0.001578
12 Feb 2015 15:09:34.109         0.000649         0.000666         0.001548
12 Feb 2015 15:11:25.793         0.000510         0.000606         0.001507
12 Feb 2015 15:13:23.684         0.000382         0.000547         0.001457
12 Feb 2015 15:15:28.576         0.000266         0.000490         0.001399
12 Feb 2015 15:17:37.424         0.000164         0.000437         0.001337
12 Feb 2015 15:19:46.702         0.000077         0.000388         0.001274
12 Feb 2015 15:21:54.575         0.000004         0.000346         0.001212
12 Feb 2015 15:23:24.610        -0.000040         0.000318         0.001170
12 Feb 2015 15:24:54.524        -0.000079         0.000293         0.001129
12 Feb 2015 15:26:56.225        -0.000126         0.000261         0.001076
12 Feb 2015 15:29:13.187        -0.000171         0.000230         0.001018
12 Feb 2015 15:31:44.419        -0.000212         0.000198         0.000959
12 Feb 2015 15:34:28.660        -0.000248         0.000168         0.000899
12 Feb 2015 15:37:25.508        -0.000280         0.000140         0.000839
12 Feb 2015 15:40:34.883        -0.000307         0.000114         0.000780
12 Feb 2015 15:43:56.868        -0.000330         0.000090         0.000723
12 Feb 2015 15:47:31.252        -0.000350         0.000068         0.000669
12 Feb 2015 15:51:10.983        -0.000365         0.000048         0.000618
12 Feb 2015 15:54:54.658        -0.000377         0.000031         0.000572
12 Feb 2015 15:58:40.073        -0.000386         0.000015         0.000530
12 Feb 2015 16:02:23.611        -0.000394         0.000002         0.000492
12 Feb 2015 16:05:17.729        -0.000399        -0.000007         0.000464
12 Feb 2015 16:08:11.547        -0.000403        -0.000016         0.000439
12 Feb 2015 16:11:40.780        -0.000407        -0.000026         0.000410
12 Feb 2015 16:15:37.917        -0.000412        -0.000036         0.000381
12 Feb 2015 16:19:57.326        -0.000416        -0.000045         0.000351
12 Feb 2015 16:24:36.334        -0.000420        -0.000055         0.000321
12 Feb 2015 16:29:33.134        -0.000424        -0.000065         0.000292
12 Feb 2015 16:34:46.282        -0.000428        -0.000075         0.000264
12 Feb 2015 16:40:14.394        -0.000434        -0.000084         0.000236
12 Feb 2015 16:45:56.016        -0.000439        -0.000094         0.000209
12 Feb 2015 16:51:49.593        -0.000446        -0.000104         0.000181
12 Feb 2015 16:57:53.424        -0.000455        -0.000115         0.000154
12 Feb 2015 17:04:01.034        -0.000464        -0.000126         0.000126
12 Feb 2015 17:09:54.541        -0.000474        -0.000138         0.000099
12 Feb 2015 17:15:33.787        -0.000486        -0.000149         0.000072
12 Feb 2015 17:20:59.918        -0.000498        -0.000161         0.000044
12 Feb 2015 17:26:09.238        -0.000511        -0.000174         0.000015
12 Feb 2015 17:30:08.508        -0.000522        -0.000185        -0.000008
12 Feb 2015 17:34:08.130        -0.000534        -0.000196        -0.000034
12 Feb 2015 17:37:43.986        -0.000545        -0.000207        -0.000060
12 Feb 2015 17:41:52.573        -0.000559        -0.000221        -0.000092
12 Feb 2015 17:46:09.749        -0.000575        -0.000237        -0.000129
12 Feb 2015 17:50:29.759        -0.000591        -0.000255        -0.000172
12 Feb 2015 17:54:48.266        -0.000607        -0.000275        -0.000221
12 Feb 2015 17:59:02.270        -0.000624        -0.000296        -0.000277
12 Feb 2015 18:03:09.621        -0.000639        -0.000320        -0.000340
12 Feb 2015 18:07:08.772        -0.000653        -0.000345        -0.000411
12 Feb 2015 18:10:58.638        -0.000663        -0.000371        -0.000492
12 Feb 2015 18:14:38.511        -0.000669        -0.000399        -0.000582
12 Feb 2015 18:18:07.993        -0.000668        -0.000427        -0.000683
12 Feb 2015 18:21:26.949        -0.000659        -0.000456        -0.000795
12 Feb 2015 18:24:35.465        -0.000640        -0.000484        -0.000917
12 Feb 2015 18:27:32.608        -0.000609        -0.000510        -0.001048
12 Feb 2015 18:30:12.088        -0.000565        -0.000533        -0.001182
12 Feb 2015 18:32:36.189        -0.000509        -0.000551        -0.001317
12 Feb 2015 18:34:47.313        -0.000440        -0.000565        -0.001451
12 Feb 2015 18:36:47.231        -0.000359        -0.000574        -0.001582
12 Feb 2015 18:38:41.075        -0.000263        -0.000577        -0.001713
12 Feb 2015 18:40:30.576        -0.000149        -0.000575        -0.001845
12 Feb 2015 18:42:16.040        -0.000016        -0.000565        -0.001974
12 Feb 2015 18:43:44.593         0.000114        -0.000550        -0.002082
12 Feb 2015 18:45:14.815         0.000267        -0.000527        -0.002188
12 Feb 2015 18:46:50.532         0.000454        -0.000492        -0.002293
12 Feb 2015 18:48:23.303         0.000658        -0.000446        -0.002383
12 Feb 2015 18:49:53.337         0.000880        -0.000388        -0.002453
12 Feb 2015 18:51:20.842         0.001116        -0.000319        -0.002499
12 Feb 2015 18:52:45.994         0.001362        -0.000238        -0.002517
12 Feb 2015 18:54:08.941         0.001615        -0.000146        -0.002504
12 Feb 2015 18:55:29.809         0.001868        -0.000044        -0.002456
12 Feb 2015 18:56:32.664         0.002065         0.000042        -0.002392
12 Feb 2015 18:57:35.505         0.002259         0.000135        -0.002304
12 Feb 2015 18:58:35.929         0.002439         0.000228        -0.002196
12 Feb 2015 18:59:44.879         0.002631         0.000338        -0.002043
12 Feb 2015 19:00:48.087         0.002792         0.000441        -0.001876
12 Feb 2015 19:01:43.208         0.002917         0.000532        -0.001706
12 Feb 2015 19:02:31.419         0.003014         0.000612        -0.001539
12 Feb 2015 19:03:19.865         0.003097         0.000691        -0.001358
12 Feb 2015 19:04:07.539         0.003160         0.000764        -0.001176
12 Feb 2015 19:04:55.533         0.003202         0.000829        -0.000998
12 Feb 2015 19:05:39.382         0.003224         0.000882        -0.000840
12 Feb 2015 19:06:26.070         0.003233         0.000934        -0.000670
12 Feb 2015 19:07:15.401         0.003226         0.000984        -0.000485
12 Feb 2015 19:08:04.837         0.003203         0.001030        -0.000296
12 Feb 2015 19:09:02.546         0.003155         0.001075        -0.000078
12 Feb 2015 19:09:54.731         0.003094         0.001108         0.000113
12 Feb 2015 19:10:43.521         0.003023         0.001131         0.000283
12 Feb 2015 19:11:41.174         0.002925         0.001151         0.000473
12 Feb 2015 19:12:50.672         0.002788         0.001162         0.000682
12 Feb 2015 19:14:07.810         0.002619         0.001161         0.000887
12 Feb 2015 19:15:30.622         0.002424         0.001147         0.001075
12 Feb 2015 19:16:56.850         0.002213         0.001119         0.001235
12 Feb 2015 19:18:26.883         0.001993         0.001079         0.001366
12 Feb 2015 19:19:58.965         0.001773         0.001031         0.001466
12 Feb 2015 19:21:33.100         0.001558         0.000976         0.001535
12 Feb 2015 19:23:09.440         0.001352         0.000917         0.001579
12 Feb 2015 19:24:48.228         0.001157         0.000855         0.001600
12 Feb 2015 19:26:29.770         0.000975         0.000792         0.001600
12 Feb 2015 19:28:14.405         0.000807         0.000730         0.001585
12 Feb 2015 19:30:02.499         0.000653         0.000668         0.001556
12 Feb 2015 19:31:54.437         0.000512         0.000608         0.001515
12 Feb 2015 19:33:52.616         0.000383         0.000549         0.001466
12 Feb 2015 19:35:57.796         0.000266         0.000492         0.001408
12 Feb 2015 19:38:06.860         0.000163         0.000438         0.001346
12 Feb 2015 19:40:16.226         0.000075         0.000390         0.001283
12 Feb 2015 19:42:24.018         0.000002         0.000347         0.001222
12 Feb 2015 19:43:46.161        -0.000039         0.000322         0.001183
12 Feb 2015 19:45:08.173        -0.000076         0.000299         0.001146
12 Feb 2015 19:47:08.932        -0.000124         0.000267         0.001092
12 Feb 2015 19:49:24.166        -0.000170         0.000235         0.001035
12 Feb 2015 19:51:53.900        -0.000212         0.000203         0.000975
12 Feb 2015 19:54:36.589        -0.000250         0.000173         0.000915
12 Feb 2015 19:57:31.794        -0.000283         0.000144         0.000855
12 Feb 2015 20:00:39.381        -0.000312         0.000118         0.000796
12 Feb 2015 20:03:59.408        -0.000336         0.000093         0.000738
12 Feb 2015 20:07:32.016        -0.000356         0.000070         0.000683
12 Feb 2015 20:11:10.334        -0.000372         0.000050         0.000631
12 Feb 2015 20:14:52.536        -0.000385         0.000032         0.000584
12 Feb 2015 20:18:36.447        -0.000396         0.000016         0.000541
12 Feb 2015 20:22:18.520        -0.000404         0.000003         0.000502
12 Feb 2015 20:25:14.521        -0.000409        -0.000007         0.000474
12 Feb 2015 20:28:10.230        -0.000414        -0.000017         0.000447
12 Feb 2015 20:31:36.957        -0.000419        -0.000026         0.000418
12 Feb 2015 20:35:31.872        -0.000424        -0.000037         0.000388
12 Feb 2015 20:39:48.625        -0.000428        -0.000047         0.000357
12 Feb 2015 20:44:24.557        -0.000433        -0.000057         0.000327
12 Feb 2015 20:49:17.814        -0.000438        -0.000067         0.000297
12 Feb 2015 20:54:26.882        -0.000443        -0.000077         0.000268
12 Feb 2015 20:59:50.331        -0.000448        -0.000088         0.000239
12 Feb 2015 21:05:26.668        -0.000455        -0.000098         0.000211
12 Feb 2015 21:11:14.300        -0.000463        -0.000109         0.000183
12 Feb 2015 21:17:11.531        -0.000471        -0.000120         0.000154
12 Feb 2015 21:23:07.254        -0.000481        -0.000131         0.000125
12 Feb 2015 21:28:49.727        -0.000492        -0.000143         0.000097
12 Feb 2015 21:34:18.364        -0.000504        -0.000155         0.000069
12 Feb 2015 21:39:36.339        -0.000517        -0.000168         0.000040
12 Feb 2015 21:44:34.727        -0.000531        -0.000181         0.000010
12 Feb 2015 21:48:14.279        -0.000541        -0.000192        -0.000014
12 Feb 2015 21:51:54.236        -0.000553        -0.000203        -0.000039
12 Feb 2015 21:55:36.954        -0.000565        -0.000215        -0.000067
12 Feb 2015 21:59:42.803        -0.000579        -0.000230        -0.000102
12 Feb 2015 22:03:56.368        -0.000595        -0.000246        -0.000141
12 Feb 2015 22:08:11.949        -0.000611        -0.000265        -0.000187
12 Feb 2015 22:12:25.557        -0.000628        -0.000285        -0.000239
12 Feb 2015 22:16:34.396        -0.000644        -0.000308        -0.000298
12 Feb 2015 22:20:36.453        -0.000659        -0.000332        -0.000365
12 Feb 2015 22:24:30.290        -0.000671        -0.000358        -0.000440
12 Feb 2015 22:28:14.906        -0.000680        -0.000385        -0.000525
12 Feb 2015 22:31:49.666        -0.000683        -0.000413        -0.000620
12 Feb 2015 22:35:14.232        -0.000680        -0.000441        -0.000725
12 Feb 2015 22:38:28.520        -0.000667        -0.000470        -0.000841
12 Feb 2015 22:41:32.658        -0.000644        -0.000498        -0.000968
12 Feb 2015 22:44:23.343        -0.000607        -0.000523        -0.001102
12 Feb 2015 22:46:57.236        -0.000558        -0.000545        -0.001238
12 Feb 2015 22:49:16.702        -0.000497        -0.000562        -0.001373
12 Feb 2015 22:51:23.914        -0.000423        -0.000574        -0.001507
12 Feb 2015 22:53:20.460        -0.000336        -0.000581        -0.001638
12 Feb 2015 22:55:12.280        -0.000233        -0.000583        -0.001770
12 Feb 2015 22:56:59.995        -0.000112        -0.000578        -0.001901
12 Feb 2015 22:58:43.867         0.000027        -0.000565        -0.002028
12 Feb 2015 23:00:13.392         0.000168        -0.000547        -0.002136
12 Feb 2015 23:01:43.956         0.000331        -0.000520        -0.002240
12 Feb 2015 23:03:18.432         0.000525        -0.000481        -0.002340
12 Feb 2015 23:04:50.080         0.000737        -0.000431        -0.002422
12 Feb 2015 23:06:19.105         0.000965        -0.000369        -0.002483
12 Feb 2015 23:07:45.693         0.001206        -0.000295        -0.002518
12 Feb 2015 23:09:10.004         0.001456        -0.000211        -0.002524
12 Feb 2015 23:10:32.171         0.001709        -0.000115        -0.002497
12 Feb 2015 23:11:52.314         0.001961        -0.000011        -0.002435
12 Feb 2015 23:12:44.678         0.002124         0.000063        -0.002374
12 Feb 2015 23:13:37.002         0.002284         0.000141        -0.002296
12 Feb 2015 23:14:40.158         0.002471         0.000238        -0.002178
12 Feb 2015 23:15:50.602         0.002664         0.000351        -0.002017
12 Feb 2015 23:16:53.244         0.002820         0.000453        -0.001846
12 Feb 2015 23:17:45.926         0.002937         0.000540        -0.001680
12 Feb 2015 23:18:33.821         0.003031         0.000619        -0.001511
12 Feb 2015 23:19:21.824         0.003109         0.000696        -0.001331
12 Feb 2015 23:20:10.284         0.003169         0.000768        -0.001147
12 Feb 2015 23:20:56.982         0.003207         0.000830        -0.000976
12 Feb 2015 23:21:41.123         0.003227         0.000883        -0.000817
12 Feb 2015 23:22:28.377         0.003234         0.000934        -0.000644
12 Feb 2015 23:23:16.888         0.003225         0.000983        -0.000462
12 Feb 2015 23:24:07.721         0.003199         0.001029        -0.000268
12 Feb 2015 23:24:59.928         0.003155         0.001069        -0.000072
12 Feb 2015 23:25:51.962         0.003094         0.001102         0.000118
12 Feb 2015 23:26:40.714         0.003023         0.001125         0.000288
12 Feb 2015 23:27:39.086         0.002923         0.001145         0.000479
12 Feb 2015 23:28:49.028         0.002786         0.001157         0.000688
12 Feb 2015 23:30:06.661         0.002616         0.001156         0.000893
12 Feb 2015 23:31:29.643         0.002421         0.001142         0.001080
12 Feb 2015 23:32:56.028         0.002212         0.001114         0.001240
12 Feb 2015 23:34:26.252         0.001992         0.001076         0.001371
12 Feb 2015 23:35:58.650         0.001771         0.001028         0.001470
12 Feb 2015 23:37:33.138         0.001556         0.000973         0.001541
12 Feb 2015 23:39:09.859         0.001350         0.000915         0.001584
12 Feb 2015 23:40:49.051         0.001155         0.000853         0.001605
12 Feb 2015 23:42:31.012         0.000973         0.000791         0.001606
12 Feb 2015 23:44:16.080         0.000804         0.000728         0.001591
12 Feb 2015 23:46:04.616         0.000649         0.000667         0.001562
12 Feb 2015 23:47:56.999         0.000508         0.000607         0.001522
12 Feb 2015 23:49:55.780         0.000379         0.000548         0.001472
12 Feb 2015 23:52:01.593         0.000261         0.000491         0.001414
12 Feb 2015 23:54:10.923         0.000158         0.000438         0.001352
12 Feb 2015 23:56:20.357         0.000070         0.000390         0.001290
12 Feb 2015 23:58:27.910        -0.000004         0.000347         0.001229
12 Feb 2015 23:59:55.637        -0.000048         0.000321         0.001188
13 Feb 2015 00:01:23.276        -0.000087         0.000296         0.001148
13 Feb 2015 00:03:27.361        -0.000136         0.000263         0.001093
13 Feb 2015 00:05:45.383        -0.000182         0.000231         0.001035
13 Feb 2015 00:08:17.429        -0.000224         0.000199         0.000975
13 Feb 2015 00:11:02.207        -0.000262         0.000169         0.000914
13 Feb 2015 00:13:59.331        -0.000295         0.000141         0.000854
13 Feb 2015 00:17:08.692        -0.000324         0.000114         0.000794
13 Feb 2015 00:20:30.342        -0.000348         0.000089         0.000737
13 Feb 2015 00:24:03.714        -0.000368         0.000067         0.000682
13 Feb 2015 00:27:41.948        -0.000384         0.000047         0.000631
13 Feb 2015 00:31:23.472        -0.000397         0.000029         0.000584
13 Feb 2015 00:35:05.852        -0.000408         0.000013         0.000541
13 Feb 2015 00:38:44.985        -0.000416        -0.000001         0.000502
13 Feb 2015 00:41:18.319        -0.000421        -0.000010         0.000477
13 Feb 2015 00:43:51.246        -0.000426        -0.000018         0.000454
13 Feb 2015 00:47:22.936        -0.000431        -0.000028         0.000424
13 Feb 2015 00:51:17.367        -0.000436        -0.000039         0.000393
13 Feb 2015 00:55:33.352        -0.000441        -0.000050         0.000361
13 Feb 2015 01:00:07.865        -0.000447        -0.000060         0.000330
13 Feb 2015 01:04:59.071        -0.000452        -0.000071         0.000300
13 Feb 2015 01:10:05.424        -0.000458        -0.000081         0.000270
13 Feb 2015 01:15:25.434        -0.000464        -0.000092         0.000240
13 Feb 2015 01:20:57.571        -0.000472        -0.000103         0.000210
13 Feb 2015 01:26:40.208        -0.000480        -0.000114         0.000181
13 Feb 2015 01:32:31.653        -0.000490        -0.000126         0.000151
13 Feb 2015 01:38:14.924        -0.000500        -0.000138         0.000122
13 Feb 2015 01:43:45.638        -0.000512        -0.000150         0.000092
13 Feb 2015 01:49:02.793        -0.000525        -0.000163         0.000063
13 Feb 2015 01:54:10.377        -0.000538        -0.000176         0.000032
13 Feb 2015 01:58:24.695        -0.000550        -0.000188         0.000005
13 Feb 2015 02:01:38.840        -0.000560        -0.000198        -0.000018
13 Feb 2015 02:04:53.404        -0.000571        -0.000208        -0.000042
13 Feb 2015 02:08:37.461        -0.000583        -0.000221        -0.000072
13 Feb 2015 02:12:39.435        -0.000598        -0.000237        -0.000108
13 Feb 2015 02:16:48.938        -0.000614        -0.000254        -0.000150
13 Feb 2015 02:21:00.235        -0.000630        -0.000273        -0.000197
13 Feb 2015 02:25:09.482        -0.000647        -0.000294        -0.000251
13 Feb 2015 02:29:13.970        -0.000663        -0.000317        -0.000313
13 Feb 2015 02:33:11.749        -0.000677        -0.000342        -0.000383
13 Feb 2015 02:37:01.424        -0.000688        -0.000368        -0.000461
13 Feb 2015 02:40:42.036        -0.000696        -0.000395        -0.000549
13 Feb 2015 02:44:12.982        -0.000698        -0.000424        -0.000648
13 Feb 2015 02:47:33.952        -0.000692        -0.000453        -0.000757
13 Feb 2015 02:50:44.887        -0.000677        -0.000481        -0.000876
13 Feb 2015 02:53:45.934        -0.000649        -0.000509        -0.001006
13 Feb 2015 02:56:32.464        -0.000609        -0.000534        -0.001142
13 Feb 2015 02:59:02.778        -0.000557        -0.000554        -0.001279
13 Feb 2015 03:01:19.261        -0.000491        -0.000570        -0.001415
13 Feb 2015 03:03:23.955        -0.000412        -0.000581        -0.001550
13 Feb 2015 03:05:18.557        -0.000322        -0.000587        -0.001681
13 Feb 2015 03:07:08.908        -0.000214        -0.000587        -0.001813
13 Feb 2015 03:08:55.332        -0.000088        -0.000581        -0.001943
13 Feb 2015 03:10:38.071         0.000058        -0.000566        -0.002069
13 Feb 2015 03:12:17.379         0.000222        -0.000543        -0.002187
13 Feb 2015 03:13:52.005         0.000403        -0.000511        -0.002293
13 Feb 2015 03:15:25.244         0.000605        -0.000467        -0.002385
13 Feb 2015 03:16:55.768         0.000824        -0.000413        -0.002459
13 Feb 2015 03:18:23.773         0.001058        -0.000346        -0.002509
13 Feb 2015 03:19:49.429         0.001303        -0.000269        -0.002532
13 Feb 2015 03:21:12.877         0.001555        -0.000180        -0.002524
13 Feb 2015 03:22:34.242         0.001809        -0.000081        -0.002483
13 Feb 2015 03:23:43.203         0.002025         0.000012        -0.002419
13 Feb 2015 03:24:35.748         0.002188         0.000087        -0.002351
13 Feb 2015 03:25:28.227         0.002347         0.000166        -0.002265
13 Feb 2015 03:26:33.901         0.002536         0.000268        -0.002133
13 Feb 2015 03:27:39.124         0.002710         0.000372        -0.001975
13 Feb 2015 03:28:45.370         0.002869         0.000480        -0.001785
13 Feb 2015 03:29:35.361         0.002975         0.000562        -0.001620
13 Feb 2015 03:30:25.874         0.003068         0.000645        -0.001437
13 Feb 2015 03:31:13.564         0.003138         0.000720        -0.001256
13 Feb 2015 03:31:58.428         0.003186         0.000783        -0.001089
13 Feb 2015 03:32:43.363         0.003217         0.000840        -0.000926
13 Feb 2015 03:33:28.669         0.003232         0.000892        -0.000763
13 Feb 2015 03:34:17.829         0.003234         0.000945        -0.000582
13 Feb 2015 03:35:06.087         0.003220         0.000992        -0.000399
13 Feb 2015 03:36:00.297         0.003186         0.001038        -0.000193
13 Feb 2015 03:36:55.414         0.003132         0.001078         0.000011
13 Feb 2015 03:37:36.810         0.003080         0.001101         0.000159
13 Feb 2015 03:38:17.920         0.003019         0.001121         0.000301
13 Feb 2015 03:39:19.922         0.002912         0.001141         0.000502
13 Feb 2015 03:40:30.746         0.002772         0.001152         0.000711
13 Feb 2015 03:41:49.507         0.002598         0.001150         0.000916
13 Feb 2015 03:43:12.916         0.002402         0.001135         0.001100
13 Feb 2015 03:44:39.754         0.002192         0.001107         0.001257
13 Feb 2015 03:46:10.442         0.001972         0.001068         0.001385
13 Feb 2015 03:47:43.331         0.001752         0.001020         0.001482
13 Feb 2015 03:49:18.352         0.001538         0.000966         0.001550
13 Feb 2015 03:50:55.653         0.001332         0.000907         0.001592
13 Feb 2015 03:52:35.470         0.001137         0.000846         0.001612
13 Feb 2015 03:54:18.100         0.000956         0.000784         0.001612
13 Feb 2015 03:56:03.878         0.000788         0.000722         0.001595
13 Feb 2015 03:57:53.163         0.000634         0.000661         0.001565
13 Feb 2015 03:59:46.581         0.000493         0.000601         0.001524
13 Feb 2015 04:01:46.538         0.000364         0.000543         0.001474
13 Feb 2015 04:03:53.616         0.000247         0.000486         0.001416
13 Feb 2015 04:06:03.251         0.000144         0.000433         0.001354
13 Feb 2015 04:08:12.662         0.000058         0.000386         0.001291
13 Feb 2015 04:10:19.594        -0.000015         0.000344         0.001231
13 Feb 2015 04:12:04.376        -0.000066         0.000313         0.001182
13 Feb 2015 04:13:49.113        -0.000112         0.000284         0.001135
13 Feb 2015 04:15:59.861        -0.000161         0.000251         0.001078
13 Feb 2015 04:18:24.377        -0.000206         0.000218         0.001019
13 Feb 2015 04:21:02.084        -0.000247         0.000187         0.000958
13 Feb 2015 04:23:52.174        -0.000284         0.000157         0.000897
13 Feb 2015 04:26:54.397        -0.000316         0.000129         0.000837
13 Feb 2015 04:30:08.709        -0.000343         0.000103         0.000778
13 Feb 2015 04:33:35.168        -0.000366         0.000079         0.000721
13 Feb 2015 04:37:10.102        -0.000385         0.000057         0.000667
13 Feb 2015 04:40:49.047        -0.000401         0.000038         0.000617
13 Feb 2015 04:44:30.027        -0.000413         0.000021         0.000571
13 Feb 2015 04:48:09.902        -0.000423         0.000006         0.000530
13 Feb 2015 04:51:18.349        -0.000430        -0.000006         0.000497
13 Feb 2015 04:54:26.600        -0.000436        -0.000017         0.000467
13 Feb 2015 04:57:42.226        -0.000442        -0.000027         0.000438
13 Feb 2015 05:01:30.742        -0.000448        -0.000038         0.000406
13 Feb 2015 05:05:40.236        -0.000454        -0.000049         0.000374
13 Feb 2015 05:10:08.336        -0.000459        -0.000060         0.000342
13 Feb 2015 05:14:52.979        -0.000465        -0.000071         0.000311
13 Feb 2015 05:19:52.529        -0.000472        -0.000082         0.000280
13 Feb 2015 05:25:05.455        -0.000479        -0.000093         0.000249
13 Feb 2015 05:30:30.198        -0.000486        -0.000104         0.000218
13 Feb 2015 05:36:05.143        -0.000495        -0.000116         0.000188
13 Feb 2015 05:41:48.614        -0.000506        -0.000128         0.000157
13 Feb 2015 05:47:23.627        -0.000517        -0.000141         0.000126
13 Feb 2015 05:52:46.743        -0.000529        -0.000154         0.000096
13 Feb 2015 05:57:56.893        -0.000541        -0.000167         0.000065
13 Feb 2015 06:02:58.203        -0.000555        -0.000181         0.000033
13 Feb 2015 06:07:07.614        -0.000568        -0.000193         0.000005
13 Feb 2015 06:10:17.203        -0.000578        -0.000203        -0.000019
13 Feb 2015 06:13:27.225        -0.000588        -0.000214        -0.000044
13 Feb 2015 06:17:07.547        -0.000601        -0.000227        -0.000075
13 Feb 2015 06:21:05.385        -0.000616        -0.000243        -0.000112
13 Feb 2015 06:25:10.728        -0.000632        -0.000260        -0.000156
13 Feb 2015 06:29:17.921        -0.000649        -0.000280        -0.000205
13 Feb 2015 06:33:23.169        -0.000665        -0.000302        -0.000261
13 Feb 2015 06:37:23.795        -0.000681        -0.000325        -0.000325
13 Feb 2015 06:41:17.872        -0.000695        -0.000350        -0.000397
13 Feb 2015 06:45:04.024        -0.000705        -0.000377        -0.000478
13 Feb 2015 06:48:41.308        -0.000712        -0.000405        -0.000569
13 Feb 2015 06:52:09.136        -0.000712        -0.000434        -0.000670
13 Feb 2015 06:55:27.212        -0.000704        -0.000463        -0.000782
13 Feb 2015 06:58:35.486        -0.000687        -0.000491        -0.000905
13 Feb 2015 07:01:34.115        -0.000656        -0.000519        -0.001038
13 Feb 2015 07:04:17.638        -0.000613        -0.000543        -0.001175
13 Feb 2015 07:06:45.366        -0.000557        -0.000563        -0.001314
13 Feb 2015 07:08:59.687        -0.000488        -0.000578        -0.001451
13 Feb 2015 07:11:02.555        -0.000406        -0.000588        -0.001586
13 Feb 2015 07:12:55.790        -0.000311        -0.000593        -0.001718
13 Feb 2015 07:14:44.960        -0.000199        -0.000592        -0.001849
13 Feb 2015 07:16:30.354        -0.000069        -0.000584        -0.001979
13 Feb 2015 07:18:12.195         0.000081        -0.000568        -0.002103
13 Feb 2015 07:19:50.723         0.000250        -0.000543        -0.002219
13 Feb 2015 07:21:26.176         0.000438        -0.000508        -0.002323
13 Feb 2015 07:22:58.780         0.000644        -0.000463        -0.002412
13 Feb 2015 07:24:28.743         0.000867        -0.000406        -0.002480
13 Feb 2015 07:25:56.248         0.001104        -0.000337        -0.002525
13 Feb 2015 07:27:21.451         0.001352        -0.000258        -0.002541
13 Feb 2015 07:28:44.487         0.001604        -0.000167        -0.002526
13 Feb 2015 07:30:05.473         0.001857        -0.000067        -0.002477
13 Feb 2015 07:31:12.565         0.002067         0.000024        -0.002409
13 Feb 2015 07:32:09.861         0.002244         0.000107        -0.002328
13 Feb 2015 07:33:07.079         0.002414         0.000194        -0.002227
13 Feb 2015 07:34:15.274         0.002606         0.000301        -0.002079
13 Feb 2015 07:35:18.725         0.002768         0.000403        -0.001915
13 Feb 2015 07:36:15.300         0.002899         0.000495        -0.001746
13 Feb 2015 07:37:04.301         0.003000         0.000575        -0.001580
13 Feb 2015 07:37:53.580         0.003086         0.000655        -0.001398
13 Feb 2015 07:38:41.701         0.003152         0.000728        -0.001217
13 Feb 2015 07:39:31.075         0.003199         0.000796        -0.001035
13 Feb 2015 07:40:15.729         0.003224         0.000850        -0.000875
13 Feb 2015 07:41:03.217         0.003236         0.000903        -0.000703
13 Feb 2015 07:41:54.152         0.003232         0.000956        -0.000513
13 Feb 2015 07:42:43.900         0.003211         0.001002        -0.000325
13 Feb 2015 07:43:41.685         0.003167         0.001049        -0.000107
13 Feb 2015 07:44:34.992         0.003108         0.001084         0.000087
13 Feb 2015 07:45:25.714         0.003038         0.001109         0.000264
13 Feb 2015 07:46:21.525         0.002945         0.001130         0.000448
13 Feb 2015 07:47:30.773         0.002813         0.001144         0.000658
13 Feb 2015 07:48:47.901         0.002648         0.001147         0.000865
13 Feb 2015 07:50:10.588         0.002458         0.001136         0.001056
13 Feb 2015 07:51:36.559         0.002251         0.001112         0.001221
13 Feb 2015 07:53:06.246         0.002034         0.001076         0.001357
13 Feb 2015 07:54:38.837         0.001813         0.001031         0.001463
13 Feb 2015 07:56:13.586         0.001597         0.000979         0.001539
13 Feb 2015 07:57:50.592         0.001388         0.000922         0.001588
13 Feb 2015 07:59:30.066         0.001190         0.000862         0.001614
13 Feb 2015 08:01:12.283         0.001004         0.000800         0.001619
13 Feb 2015 08:02:57.563         0.000832         0.000738         0.001608
13 Feb 2015 08:04:46.257         0.000673         0.000677         0.001581
13 Feb 2015 08:06:38.734         0.000529         0.000617         0.001544
13 Feb 2015 08:08:37.381         0.000395         0.000558         0.001496
13 Feb 2015 08:10:43.002         0.000274         0.000501         0.001440
13 Feb 2015 08:12:52.775         0.000167         0.000447         0.001378
13 Feb 2015 08:15:02.512         0.000075         0.000399         0.001316
13 Feb 2015 08:17:10.291        -0.000001         0.000355         0.001255
13 Feb 2015 08:18:28.518        -0.000043         0.000331         0.001218
13 Feb 2015 08:19:46.688        -0.000080         0.000308         0.001182
13 Feb 2015 08:21:47.646        -0.000131         0.000275         0.001128
13 Feb 2015 08:24:02.199        -0.000180         0.000243         0.001071
13 Feb 2015 08:26:31.077        -0.000225         0.000210         0.001010
13 Feb 2015 08:29:12.598        -0.000266         0.000179         0.000949
13 Feb 2015 08:32:06.272        -0.000302         0.000149         0.000888
13 Feb 2015 08:35:11.891        -0.000333         0.000122         0.000827
13 Feb 2015 08:38:29.429        -0.000359         0.000096         0.000768
13 Feb 2015 08:41:58.939        -0.000382         0.000072         0.000712
13 Feb 2015 08:45:34.521        -0.000400         0.000051         0.000659
13 Feb 2015 08:49:13.313        -0.000415         0.000032         0.000610
13 Feb 2015 08:52:52.954        -0.000428         0.000015         0.000565
13 Feb 2015 08:56:29.545        -0.000438         0.000000         0.000525
13 Feb 2015 08:58:38.105        -0.000443        -0.000008         0.000502
13 Feb 2015 09:00:46.201        -0.000447        -0.000015         0.000481
13 Feb 2015 09:04:06.568        -0.000454        -0.000027         0.000450
13 Feb 2015 09:07:48.986        -0.000460        -0.000038         0.000418
13 Feb 2015 09:11:53.707        -0.000467        -0.000049         0.000385
13 Feb 2015 09:16:16.813        -0.000473        -0.000061         0.000352
13 Feb 2015 09:20:56.212        -0.000479        -0.000072         0.000320
13 Feb 2015 09:25:50.181        -0.000486        -0.000084         0.000288
13 Feb 2015 09:30:57.140        -0.000494        -0.000095         0.000256
13 Feb 2015 09:36:15.505        -0.000502        -0.000107         0.000224
13 Feb 2015 09:41:43.657        -0.000512        -0.000119         0.000193
13 Feb 2015 09:47:19.937        -0.000523        -0.000132         0.000160
13 Feb 2015 09:52:46.123        -0.000534        -0.000145         0.000129
13 Feb 2015 09:58:01.007        -0.000547        -0.000158         0.000097
13 Feb 2015 10:03:03.414        -0.000560        -0.000172         0.000065
13 Feb 2015 10:07:57.266        -0.000574        -0.000186         0.000032
13 Feb 2015 10:11:59.149        -0.000587        -0.000199         0.000002
13 Feb 2015 10:14:49.076        -0.000596        -0.000208        -0.000020
13 Feb 2015 10:17:39.466        -0.000606        -0.000218        -0.000043
13 Feb 2015 10:21:16.729        -0.000619        -0.000232        -0.000076
13 Feb 2015 10:25:09.846        -0.000634        -0.000248        -0.000115
13 Feb 2015 10:29:10.949        -0.000650        -0.000266        -0.000159
13 Feb 2015 10:33:14.194        -0.000666        -0.000286        -0.000210
13 Feb 2015 10:37:15.769        -0.000683        -0.000308        -0.000268
13 Feb 2015 10:41:12.979        -0.000698        -0.000332        -0.000334
13 Feb 2015 10:45:03.883        -0.000712        -0.000357        -0.000408
13 Feb 2015 10:48:47.096        -0.000722        -0.000384        -0.000491
13 Feb 2015 10:52:21.671        -0.000727        -0.000413        -0.000584
13 Feb 2015 10:55:47.015        -0.000726        -0.000442        -0.000688
13 Feb 2015 10:59:02.831        -0.000717        -0.000471        -0.000802
13 Feb 2015 11:02:09.069        -0.000698        -0.000500        -0.000927
13 Feb 2015 11:05:05.885        -0.000665        -0.000527        -0.001062
13 Feb 2015 11:07:47.419        -0.000619        -0.000551        -0.001202
13 Feb 2015 11:10:13.438        -0.000560        -0.000570        -0.001341
13 Feb 2015 11:12:26.330        -0.000488        -0.000585        -0.001480
13 Feb 2015 11:14:27.997        -0.000403        -0.000594        -0.001615
13 Feb 2015 11:16:20.150        -0.000305        -0.000598        -0.001747
13 Feb 2015 11:18:08.395        -0.000190        -0.000596        -0.001879
13 Feb 2015 11:19:52.996        -0.000056        -0.000587        -0.002007
13 Feb 2015 11:21:34.159         0.000097        -0.000570        -0.002131
13 Feb 2015 11:23:11.996         0.000269        -0.000544        -0.002245
13 Feb 2015 11:24:46.954         0.000460        -0.000508        -0.002347
13 Feb 2015 11:26:19.133         0.000670        -0.000461        -0.002432
13 Feb 2015 11:27:48.728         0.000895        -0.000403        -0.002497
13 Feb 2015 11:29:15.909         0.001134        -0.000333        -0.002537
13 Feb 2015 11:30:40.825         0.001383        -0.000252        -0.002549
13 Feb 2015 11:32:03.601         0.001636        -0.000161        -0.002529
13 Feb 2015 11:33:24.353         0.001888        -0.000060        -0.002475
13 Feb 2015 11:34:30.511         0.002095         0.000031        -0.002403
13 Feb 2015 11:35:29.493         0.002276         0.000116        -0.002316
13 Feb 2015 11:36:28.400         0.002449         0.000206        -0.002208
13 Feb 2015 11:37:38.688         0.002643         0.000316        -0.002050
13 Feb 2015 11:38:42.357         0.002803         0.000418        -0.001879
13 Feb 2015 11:39:35.825         0.002923         0.000505        -0.001714
13 Feb 2015 11:40:24.379         0.003020         0.000584        -0.001546
13 Feb 2015 11:41:13.052         0.003101         0.000662        -0.001365
13 Feb 2015 11:42:01.970         0.003164         0.000735        -0.001182
13 Feb 2015 11:42:49.702         0.003206         0.000798        -0.001008
13 Feb 2015 11:43:34.556         0.003228         0.000851        -0.000848
13 Feb 2015 11:44:22.542         0.003237         0.000904        -0.000674
13 Feb 2015 11:45:12.130         0.003231         0.000955        -0.000488
13 Feb 2015 11:46:03.304         0.003208         0.001002        -0.000295
13 Feb 2015 11:46:56.550         0.003166         0.001044        -0.000095
13 Feb 2015 11:47:49.671         0.003106         0.001078         0.000098
13 Feb 2015 11:48:40.299         0.003035         0.001104         0.000273
13 Feb 2015 11:49:37.461         0.002941         0.001125         0.000460
13 Feb 2015 11:50:47.424         0.002807         0.001139         0.000670
13 Feb 2015 11:52:05.310         0.002640         0.001141         0.000878
13 Feb 2015 11:53:28.257         0.002449         0.001130         0.001068
13 Feb 2015 11:54:54.489         0.002243         0.001106         0.001231
13 Feb 2015 11:56:24.427         0.002025         0.001071         0.001366
13 Feb 2015 11:57:57.396         0.001805         0.001026         0.001471
13 Feb 2015 11:59:32.563         0.001589         0.000975         0.001546
13 Feb 2015 12:01:10.026         0.001380         0.000918         0.001595
13 Feb 2015 12:02:49.990         0.001182         0.000858         0.001621
13 Feb 2015 12:04:32.728         0.000996         0.000797         0.001626
13 Feb 2015 12:06:18.556         0.000824         0.000735         0.001613
13 Feb 2015 12:08:07.820         0.000665         0.000674         0.001587
13 Feb 2015 12:10:00.888         0.000520         0.000615         0.001549
13 Feb 2015 12:12:00.374         0.000387         0.000556         0.001501
13 Feb 2015 12:14:06.889         0.000265         0.000499         0.001445
13 Feb 2015 12:16:16.980         0.000158         0.000445         0.001383
13 Feb 2015 12:18:26.776         0.000067         0.000397         0.001321
13 Feb 2015 12:20:34.180        -0.000010         0.000354         0.001261
13 Feb 2015 12:22:12.566        -0.000061         0.000324         0.001215
13 Feb 2015 12:23:50.877        -0.000106         0.000296         0.001170
13 Feb 2015 12:25:58.535        -0.000157         0.000263         0.001114
13 Feb 2015 12:28:19.948        -0.000206         0.000229         0.001054
13 Feb 2015 12:30:54.611        -0.000250         0.000197         0.000993
13 Feb 2015 12:33:41.513        -0.000289         0.000166         0.000931
13 Feb 2015 12:36:40.292        -0.000324         0.000137         0.000870
13 Feb 2015 12:39:50.822        -0.000354         0.000110         0.000810
13 Feb 2015 12:43:13.092        -0.000379         0.000085         0.000751
13 Feb 2015 12:46:45.608        -0.000401         0.000062         0.000695
13 Feb 2015 12:50:22.011        -0.000418         0.000041         0.000644
13 Feb 2015 12:54:00.362        -0.000433         0.000023         0.000596
13 Feb 2015 12:57:37.627        -0.000444         0.000007         0.000553
13 Feb 2015 13:00:46.087        -0.000453        -0.000006         0.000518
13 Feb 2015 13:03:54.354        -0.000460        -0.000017         0.000486
13 Feb 2015 13:07:03.775        -0.000467        -0.000028         0.000456
13 Feb 2015 13:10:47.194        -0.000474        -0.000040         0.000423
13 Feb 2015 13:14:50.852        -0.000481        -0.000052         0.000389
13 Feb 2015 13:19:12.378        -0.000488        -0.000064         0.000356
13 Feb 2015 13:23:49.562        -0.000495        -0.000076         0.000322
13 Feb 2015 13:28:40.667        -0.000503        -0.000088         0.000289
13 Feb 2015 13:33:44.072        -0.000511        -0.000100         0.000257
13 Feb 2015 13:38:58.170        -0.000520        -0.000112         0.000224
13 Feb 2015 13:44:21.332        -0.000531        -0.000125         0.000191
13 Feb 2015 13:49:47.663        -0.000542        -0.000138         0.000158
13 Feb 2015 13:55:03.486        -0.000554        -0.000152         0.000125
13 Feb 2015 14:00:08.283        -0.000567        -0.000165         0.000092
13 Feb 2015 14:05:00.826        -0.000581        -0.000179         0.000059
13 Feb 2015 14:09:43.923        -0.000596        -0.000194         0.000024
13 Feb 2015 14:13:30.304        -0.000608        -0.000207        -0.000006
13 Feb 2015 14:16:35.434        -0.000619        -0.000218        -0.000032
13 Feb 2015 14:19:40.865        -0.000631        -0.000230        -0.000060
13 Feb 2015 14:23:23.797        -0.000645        -0.000245        -0.000097
13 Feb 2015 14:27:17.711        -0.000660        -0.000262        -0.000140
13 Feb 2015 14:31:16.552        -0.000677        -0.000282        -0.000190
13 Feb 2015 14:35:15.641        -0.000693        -0.000303        -0.000246
13 Feb 2015 14:39:11.792        -0.000709        -0.000327        -0.000310
13 Feb 2015 14:43:02.723        -0.000723        -0.000352        -0.000382
13 Feb 2015 14:46:46.793        -0.000735        -0.000379        -0.000463
13 Feb 2015 14:50:22.850        -0.000742        -0.000407        -0.000553
13 Feb 2015 14:53:50.137        -0.000743        -0.000436        -0.000654
13 Feb 2015 14:57:08.221        -0.000737        -0.000465        -0.000766
13 Feb 2015 15:00:16.940        -0.000720        -0.000495        -0.000888
13 Feb 2015 15:03:16.356        -0.000692        -0.000523        -0.001021
13 Feb 2015 15:06:03.997        -0.000650        -0.000548        -0.001161
13 Feb 2015 15:08:35.336        -0.000594        -0.000569        -0.001303
13 Feb 2015 15:10:52.687        -0.000526        -0.000586        -0.001443
13 Feb 2015 15:12:58.221        -0.000444        -0.000597        -0.001581
13 Feb 2015 15:14:53.497        -0.000349        -0.000603        -0.001715
13 Feb 2015 15:16:42.592        -0.000239        -0.000603        -0.001847
13 Feb 2015 15:18:28.058        -0.000110        -0.000597        -0.001977
13 Feb 2015 15:20:10.102         0.000037        -0.000582        -0.002102
13 Feb 2015 15:21:36.852         0.000182        -0.000563        -0.002205
13 Feb 2015 15:23:04.333         0.000348        -0.000535        -0.002304
13 Feb 2015 15:24:37.936         0.000549        -0.000494        -0.002398
13 Feb 2015 15:26:08.880         0.000766        -0.000442        -0.002474
13 Feb 2015 15:27:37.345         0.000999        -0.000379        -0.002528
13 Feb 2015 15:29:03.485         0.001243        -0.000304        -0.002555
13 Feb 2015 15:30:27.431         0.001494        -0.000218        -0.002552
13 Feb 2015 15:31:49.301         0.001748        -0.000123        -0.002516
13 Feb 2015 15:33:09.211         0.001999        -0.000019        -0.002446
13 Feb 2015 15:34:05.957         0.002174         0.000061        -0.002373
13 Feb 2015 15:35:02.591         0.002345         0.000144        -0.002281
13 Feb 2015 15:36:06.658         0.002529         0.000242        -0.002152
13 Feb 2015 15:37:11.172         0.002701         0.000344        -0.001997
13 Feb 2015 15:38:16.687         0.002859         0.000449        -0.001811
13 Feb 2015 15:39:07.176         0.002967         0.000531        -0.001646
13 Feb 2015 15:39:58.168         0.003061         0.000614        -0.001464
13 Feb 2015 15:40:46.452         0.003134         0.000688        -0.001283
13 Feb 2015 15:41:32.100         0.003184         0.000753        -0.001115
13 Feb 2015 15:42:17.813         0.003217         0.000811        -0.000950
13 Feb 2015 15:43:03.855         0.003235         0.000864        -0.000786
13 Feb 2015 15:43:53.867         0.003238         0.000917        -0.000602
13 Feb 2015 15:44:42.882         0.003226         0.000965        -0.000418
13 Feb 2015 15:45:37.852         0.003194         0.001013        -0.000211
13 Feb 2015 15:46:34.098         0.003141         0.001054        -0.000003
13 Feb 2015 15:47:10.322         0.003098         0.001076         0.000126
13 Feb 2015 15:47:46.146         0.003048         0.001094         0.000250
13 Feb 2015 15:48:46.030         0.002950         0.001117         0.000447
13 Feb 2015 15:49:54.986         0.002821         0.001132         0.000655
13 Feb 2015 15:51:12.698         0.002656         0.001136         0.000864
13 Feb 2015 15:52:35.501         0.002467         0.001127         0.001056
13 Feb 2015 15:54:01.531         0.002262         0.001105         0.001221
13 Feb 2015 15:55:31.205         0.002046         0.001071         0.001359
13 Feb 2015 15:57:04.259         0.001826         0.001028         0.001467
13 Feb 2015 15:58:39.551         0.001609         0.000977         0.001546
13 Feb 2015 16:00:17.158         0.001399         0.000921         0.001597
13 Feb 2015 16:01:57.270         0.001199         0.000862         0.001625
13 Feb 2015 16:03:40.147         0.001012         0.000801         0.001632
13 Feb 2015 16:05:26.098         0.000838         0.000740         0.001622
13 Feb 2015 16:07:15.462         0.000677         0.000679         0.001597
13 Feb 2015 16:09:08.603         0.000531         0.000620         0.001560
13 Feb 2015 16:11:08.054         0.000395         0.000561         0.001513
13 Feb 2015 16:13:14.512         0.000271         0.000504         0.001458
13 Feb 2015 16:15:24.897         0.000162         0.000450         0.001397
13 Feb 2015 16:17:34.893         0.000069         0.000401         0.001335
13 Feb 2015 16:19:42.439        -0.000009         0.000358         0.001274
13 Feb 2015 16:21:19.564        -0.000061         0.000328         0.001229
13 Feb 2015 16:22:56.625        -0.000106         0.000300         0.001184
13 Feb 2015 16:25:03.661        -0.000159         0.000266         0.001128
13 Feb 2015 16:27:24.399        -0.000208         0.000233         0.001069
13 Feb 2015 16:29:58.329        -0.000254         0.000200         0.001007
13 Feb 2015 16:32:44.387        -0.000294         0.000169         0.000945
13 Feb 2015 16:35:42.188        -0.000330         0.000140         0.000883
13 Feb 2015 16:38:51.569        -0.000361         0.000112         0.000822
13 Feb 2015 16:42:12.491        -0.000387         0.000087         0.000764
13 Feb 2015 16:45:44.177        -0.000410         0.000063         0.000707
13 Feb 2015 16:49:19.590        -0.000428         0.000042         0.000654
13 Feb 2015 16:52:56.755        -0.000443         0.000023         0.000606
13 Feb 2015 16:56:32.589        -0.000456         0.000007         0.000562
13 Feb 2015 16:59:38.212        -0.000465        -0.000006         0.000527
13 Feb 2015 17:02:43.643        -0.000473        -0.000018         0.000495
13 Feb 2015 17:05:52.960        -0.000480        -0.000029         0.000464
13 Feb 2015 17:09:34.853        -0.000488        -0.000042         0.000430
13 Feb 2015 17:13:36.588        -0.000496        -0.000054         0.000395
13 Feb 2015 17:17:55.687        -0.000503        -0.000066         0.000361
13 Feb 2015 17:22:29.909        -0.000511        -0.000079         0.000326
13 Feb 2015 17:27:17.477        -0.000520        -0.000091         0.000292
13 Feb 2015 17:32:16.732        -0.000529        -0.000104         0.000259
13 Feb 2015 17:37:26.048        -0.000539        -0.000117         0.000225
13 Feb 2015 17:42:43.805        -0.000550        -0.000130         0.000191
13 Feb 2015 17:48:00.181        -0.000562        -0.000144         0.000156
13 Feb 2015 17:53:06.623        -0.000575        -0.000158         0.000122
13 Feb 2015 17:58:02.308        -0.000588        -0.000172         0.000088
13 Feb 2015 18:02:45.999        -0.000603        -0.000187         0.000053
13 Feb 2015 18:07:19.466        -0.000618        -0.000202         0.000017
13 Feb 2015 18:10:50.410        -0.000630        -0.000215        -0.000013
13 Feb 2015 18:14:21.643        -0.000643        -0.000228        -0.000045
13 Feb 2015 18:17:39.879        -0.000656        -0.000242        -0.000078
13 Feb 2015 18:21:24.869        -0.000671        -0.000258        -0.000119
13 Feb 2015 18:25:17.859        -0.000687        -0.000277        -0.000167
13 Feb 2015 18:29:13.598        -0.000703        -0.000298        -0.000221
13 Feb 2015 18:33:08.202        -0.000719        -0.000321        -0.000283
13 Feb 2015 18:36:58.933        -0.000734        -0.000346        -0.000352
13 Feb 2015 18:40:43.827        -0.000747        -0.000372        -0.000430
13 Feb 2015 18:44:21.477        -0.000756        -0.000400        -0.000518
13 Feb 2015 18:47:50.923        -0.000759        -0.000429        -0.000616
13 Feb 2015 18:51:11.567        -0.000756        -0.000458        -0.000725
13 Feb 2015 18:54:23.111        -0.000743        -0.000488        -0.000844
13 Feb 2015 18:57:25.504        -0.000720        -0.000517        -0.000974
13 Feb 2015 19:00:18.903        -0.000682        -0.000544        -0.001114
13 Feb 2015 19:02:56.649        -0.000631        -0.000567        -0.001257
13 Feb 2015 19:05:19.378        -0.000566        -0.000585        -0.001399
13 Feb 2015 19:07:29.490        -0.000488        -0.000599        -0.001539
13 Feb 2015 19:09:28.804        -0.000396        -0.000607        -0.001676
13 Feb 2015 19:11:18.892        -0.000292        -0.000609        -0.001808
13 Feb 2015 19:13:05.363        -0.000169        -0.000605        -0.001939
13 Feb 2015 19:14:48.436        -0.000029        -0.000594        -0.002066
13 Feb 2015 19:16:14.258         0.000108        -0.000578        -0.002170
13 Feb 2015 19:17:40.979         0.000264        -0.000554        -0.002270
13 Feb 2015 19:19:15.657         0.000457        -0.000518        -0.002371
13 Feb 2015 19:20:47.640         0.000669        -0.000471        -0.002455
13 Feb 2015 19:22:17.103         0.000896        -0.000412        -0.002517
13 Feb 2015 19:23:44.199         0.001136        -0.000343        -0.002555
13 Feb 2015 19:25:09.063         0.001385        -0.000262        -0.002565
13 Feb 2015 19:26:31.815         0.001639        -0.000171        -0.002543
13 Feb 2015 19:27:52.566         0.001891        -0.000071        -0.002487
13 Feb 2015 19:29:00.809         0.002104         0.000022        -0.002410
13 Feb 2015 19:29:58.046         0.002279         0.000104        -0.002325
13 Feb 2015 19:30:55.130         0.002446         0.000190        -0.002219
13 Feb 2015 19:32:06.144         0.002642         0.000300        -0.002059
13 Feb 2015 19:33:16.067         0.002816         0.000411        -0.001871
13 Feb 2015 19:34:08.558         0.002932         0.000496        -0.001707
13 Feb 2015 19:35:01.784         0.003036         0.000582        -0.001521
13 Feb 2015 19:35:50.470         0.003115         0.000658        -0.001341
13 Feb 2015 19:36:40.810         0.003175         0.000731        -0.001154
13 Feb 2015 19:37:27.711         0.003212         0.000791        -0.000986
13 Feb 2015 19:38:13.447         0.003233         0.000845        -0.000823
13 Feb 2015 19:39:02.786         0.003240         0.000898        -0.000643
13 Feb 2015 19:39:52.134         0.003231         0.000948        -0.000459
13 Feb 2015 19:40:45.982         0.003204         0.000996        -0.000256
13 Feb 2015 19:41:44.845         0.003153         0.001041        -0.000038
13 Feb 2015 19:42:32.206         0.003098         0.001070         0.000132
13 Feb 2015 19:43:19.376         0.003031         0.001093         0.000293
13 Feb 2015 19:44:20.197         0.002929         0.001115         0.000489
13 Feb 2015 19:45:31.666         0.002791         0.001128         0.000700
13 Feb 2015 19:46:51.273         0.002621         0.001130         0.000908
13 Feb 2015 19:48:14.795         0.002428         0.001119         0.001095
13 Feb 2015 19:49:41.610         0.002222         0.001095         0.001255
13 Feb 2015 19:51:12.116         0.002005         0.001060         0.001386
13 Feb 2015 19:52:45.895         0.001784         0.001016         0.001489
13 Feb 2015 19:54:21.960         0.001568         0.000964         0.001563
13 Feb 2015 19:56:00.401         0.001360         0.000908         0.001610
13 Feb 2015 19:57:41.418         0.001162         0.000849         0.001634
13 Feb 2015 19:59:25.278         0.000976         0.000789         0.001638
13 Feb 2015 20:01:12.289         0.000804         0.000728         0.001625
13 Feb 2015 20:03:02.794         0.000646         0.000667         0.001598
13 Feb 2015 20:04:57.567         0.000500         0.000608         0.001560
13 Feb 2015 20:06:58.928         0.000366         0.000550         0.001511
13 Feb 2015 20:09:07.461         0.000244         0.000493         0.001454
13 Feb 2015 20:11:18.167         0.000137         0.000440         0.001392
13 Feb 2015 20:13:27.944         0.000047         0.000393         0.001331
13 Feb 2015 20:15:34.241        -0.000028         0.000351         0.001271
13 Feb 2015 20:17:29.658        -0.000088         0.000316         0.001217
13 Feb 2015 20:19:22.599        -0.000138         0.000284         0.001166
13 Feb 2015 20:21:37.500        -0.000190         0.000251         0.001108
13 Feb 2015 20:24:05.466        -0.000239         0.000217         0.001047
13 Feb 2015 20:26:45.832        -0.000283         0.000185         0.000984
13 Feb 2015 20:29:37.923        -0.000322         0.000154         0.000922
13 Feb 2015 20:32:41.481        -0.000356         0.000126         0.000860
13 Feb 2015 20:35:56.388        -0.000385         0.000099         0.000800
13 Feb 2015 20:39:22.605        -0.000410         0.000074         0.000742
13 Feb 2015 20:42:55.799        -0.000431         0.000051         0.000687
13 Feb 2015 20:46:31.487        -0.000449         0.000031         0.000636
13 Feb 2015 20:50:07.083        -0.000463         0.000013         0.000590
13 Feb 2015 20:53:38.252        -0.000475        -0.000003         0.000548
13 Feb 2015 20:56:24.980        -0.000483        -0.000014         0.000517
13 Feb 2015 20:59:11.500        -0.000490        -0.000025         0.000488
13 Feb 2015 21:02:41.401        -0.000498        -0.000037         0.000454
13 Feb 2015 21:06:31.946        -0.000507        -0.000050         0.000418
13 Feb 2015 21:10:40.794        -0.000515        -0.000063         0.000383
13 Feb 2015 21:15:05.218        -0.000524        -0.000076         0.000348
13 Feb 2015 21:19:43.260        -0.000533        -0.000088         0.000312
13 Feb 2015 21:24:33.192        -0.000542        -0.000102         0.000277
13 Feb 2015 21:29:33.352        -0.000552        -0.000115         0.000242
13 Feb 2015 21:34:42.123        -0.000564        -0.000129         0.000207
13 Feb 2015 21:39:53.505        -0.000576        -0.000143         0.000171
13 Feb 2015 21:44:55.599        -0.000589        -0.000157         0.000136
13 Feb 2015 21:49:47.772        -0.000603        -0.000172         0.000101
13 Feb 2015 21:54:28.791        -0.000617        -0.000187         0.000065
13 Feb 2015 21:59:02.008        -0.000633        -0.000202         0.000028
13 Feb 2015 22:02:42.599        -0.000646        -0.000216        -0.000005
13 Feb 2015 22:05:36.524        -0.000657        -0.000227        -0.000032
13 Feb 2015 22:08:30.773        -0.000668        -0.000240        -0.000062
13 Feb 2015 22:12:05.217        -0.000682        -0.000255        -0.000101
13 Feb 2015 22:15:51.061        -0.000698        -0.000274        -0.000147
13 Feb 2015 22:19:42.407        -0.000715        -0.000294        -0.000200
13 Feb 2015 22:23:34.512        -0.000731        -0.000316        -0.000259
13 Feb 2015 22:27:24.159        -0.000746        -0.000341        -0.000327
13 Feb 2015 22:31:09.037        -0.000760        -0.000367        -0.000404
13 Feb 2015 22:34:47.483        -0.000770        -0.000394        -0.000489
13 Feb 2015 22:38:18.333        -0.000775        -0.000423        -0.000585
13 Feb 2015 22:41:40.825        -0.000774        -0.000453        -0.000691
13 Feb 2015 22:44:54.525        -0.000764        -0.000483        -0.000808
13 Feb 2015 22:47:59.273        -0.000744        -0.000512        -0.000935
13 Feb 2015 22:50:55.136        -0.000711        -0.000540        -0.001073
13 Feb 2015 22:53:38.735        -0.000663        -0.000565        -0.001217
13 Feb 2015 22:56:06.510        -0.000601        -0.000585        -0.001362
13 Feb 2015 22:58:20.832        -0.000526        -0.000600        -0.001504
13 Feb 2015 23:00:23.792        -0.000437        -0.000610        -0.001644
13 Feb 2015 23:02:16.867        -0.000336        -0.000615        -0.001778
13 Feb 2015 23:04:04.093        -0.000218        -0.000613        -0.001909
13 Feb 2015 23:05:47.945        -0.000083        -0.000604        -0.002038
13 Feb 2015 23:07:28.594         0.000072        -0.000587        -0.002161
13 Feb 2015 23:09:06.212         0.000246        -0.000561        -0.002275
13 Feb 2015 23:10:36.462         0.000430        -0.000528        -0.002371
13 Feb 2015 23:12:08.697         0.000640        -0.000482        -0.002456
13 Feb 2015 23:13:38.410         0.000866        -0.000425        -0.002521
13 Feb 2015 23:15:05.762         0.001105        -0.000357        -0.002561
13 Feb 2015 23:16:30.883         0.001354        -0.000278        -0.002574
13 Feb 2015 23:17:53.890         0.001608        -0.000189        -0.002554
13 Feb 2015 23:19:14.893         0.001860        -0.000090        -0.002502
13 Feb 2015 23:20:25.964         0.002082         0.000005        -0.002425
13 Feb 2015 23:21:15.028         0.002232         0.000075        -0.002355
13 Feb 2015 23:22:03.827         0.002378         0.000147        -0.002270
13 Feb 2015 23:23:10.833         0.002567         0.000249        -0.002130
13 Feb 2015 23:24:14.447         0.002733         0.000349        -0.001971
13 Feb 2015 23:25:18.424         0.002883         0.000451        -0.001784
13 Feb 2015 23:26:08.213         0.002987         0.000531        -0.001619
13 Feb 2015 23:26:58.292         0.003077         0.000611        -0.001438
13 Feb 2015 23:27:47.197         0.003146         0.000685        -0.001257
13 Feb 2015 23:28:37.673         0.003197         0.000753        -0.001073
13 Feb 2015 23:29:23.401         0.003225         0.000809        -0.000910
13 Feb 2015 23:30:12.071         0.003239         0.000864        -0.000736
13 Feb 2015 23:31:04.664         0.003238         0.000919        -0.000542
13 Feb 2015 23:31:55.247         0.003220         0.000967        -0.000352
13 Feb 2015 23:32:53.876         0.003180         0.001015        -0.000133
13 Feb 2015 23:33:48.575         0.003123         0.001052         0.000066
13 Feb 2015 23:34:41.084         0.003053         0.001080         0.000248
13 Feb 2015 23:35:35.303         0.002967         0.001102         0.000426
13 Feb 2015 23:36:44.635         0.002839         0.001119         0.000637
13 Feb 2015 23:38:02.145         0.002679         0.001126         0.000847
13 Feb 2015 23:39:24.827         0.002493         0.001119         0.001041
13 Feb 2015 23:40:50.640         0.002290         0.001100         0.001210
13 Feb 2015 23:42:19.992         0.002077         0.001069         0.001351
13 Feb 2015 23:43:53.249         0.001856         0.001028         0.001464
13 Feb 2015 23:45:28.893         0.001638         0.000979         0.001547
13 Feb 2015 23:47:06.907         0.001427         0.000925         0.001603
13 Feb 2015 23:48:47.453         0.001225         0.000867         0.001635
13 Feb 2015 23:50:30.773         0.001035         0.000808         0.001646
13 Feb 2015 23:52:17.157         0.000857         0.000747         0.001638
13 Feb 2015 23:54:06.936         0.000694         0.000686         0.001616
13 Feb 2015 23:56:00.463         0.000544         0.000627         0.001581
13 Feb 2015 23:58:00.227         0.000405         0.000568         0.001536
14 Feb 2015 00:00:06.996         0.000278         0.000511         0.001481
14 Feb 2015 00:02:18.087         0.000165         0.000457         0.001421
14 Feb 2015 00:04:28.494         0.000069         0.000408         0.001359
14 Feb 2015 00:06:36.138        -0.000011         0.000364         0.001298
14 Feb 2015 00:08:15.882        -0.000066         0.000333         0.001252
14 Feb 2015 00:09:55.566        -0.000115         0.000304         0.001206
14 Feb 2015 00:12:03.488        -0.000169         0.000270         0.001149
14 Feb 2015 00:14:24.868        -0.000221         0.000236         0.001089
14 Feb 2015 00:16:59.118        -0.000268         0.000202         0.001027
14 Feb 2015 00:19:45.185        -0.000310         0.000171         0.000964
14 Feb 2015 00:22:42.655        -0.000348         0.000141         0.000901
14 Feb 2015 00:25:51.327        -0.000380         0.000112         0.000840
14 Feb 2015 00:29:11.106        -0.000408         0.000086         0.000780
14 Feb 2015 00:32:41.891        -0.000432         0.000062         0.000722
14 Feb 2015 00:36:15.841        -0.000452         0.000040         0.000669
14 Feb 2015 00:39:50.762        -0.000469         0.000021         0.000620
14 Feb 2015 00:43:23.223        -0.000482         0.000004         0.000575
14 Feb 2015 00:46:13.414        -0.000492        -0.000009         0.000542
14 Feb 2015 00:49:03.329        -0.000500        -0.000021         0.000510
14 Feb 2015 00:52:16.970        -0.000509        -0.000033         0.000477
14 Feb 2015 00:55:57.084        -0.000518        -0.000046         0.000441
14 Feb 2015 00:59:56.218        -0.000527        -0.000059         0.000405
14 Feb 2015 01:04:11.475        -0.000536        -0.000073         0.000368
14 Feb 2015 01:08:40.632        -0.000546        -0.000086         0.000332
14 Feb 2015 01:13:21.848        -0.000556        -0.000100         0.000296
14 Feb 2015 01:18:13.422        -0.000566        -0.000113         0.000260
14 Feb 2015 01:23:13.719        -0.000578        -0.000127         0.000223
14 Feb 2015 01:28:19.689        -0.000591        -0.000142         0.000186
14 Feb 2015 01:33:16.978        -0.000604        -0.000157         0.000150
14 Feb 2015 01:38:05.117        -0.000618        -0.000172         0.000113
14 Feb 2015 01:42:42.868        -0.000633        -0.000187         0.000076
14 Feb 2015 01:47:13.966        -0.000648        -0.000203         0.000037
14 Feb 2015 01:50:59.562        -0.000662        -0.000218         0.000003
14 Feb 2015 01:53:38.454        -0.000672        -0.000228        -0.000023
14 Feb 2015 01:56:17.755        -0.000683        -0.000240        -0.000051
14 Feb 2015 01:59:41.126        -0.000697        -0.000255        -0.000089
14 Feb 2015 02:03:19.762        -0.000712        -0.000273        -0.000134
14 Feb 2015 02:07:06.266        -0.000728        -0.000293        -0.000186
14 Feb 2015 02:10:55.143        -0.000745        -0.000315        -0.000245
14 Feb 2015 02:14:42.756        -0.000760        -0.000339        -0.000312
14 Feb 2015 02:18:26.511        -0.000774        -0.000365        -0.000388
14 Feb 2015 02:22:04.539        -0.000785        -0.000393        -0.000473
14 Feb 2015 02:25:35.512        -0.000791        -0.000422        -0.000567
14 Feb 2015 02:28:58.538        -0.000791        -0.000451        -0.000672
14 Feb 2015 02:32:13.078        -0.000783        -0.000481        -0.000788
14 Feb 2015 02:35:18.888        -0.000765        -0.000511        -0.000915
14 Feb 2015 02:38:15.969        -0.000733        -0.000540        -0.001052
14 Feb 2015 02:41:03.427        -0.000687        -0.000566        -0.001199
14 Feb 2015 02:43:34.448        -0.000627        -0.000587        -0.001345
14 Feb 2015 02:45:51.384        -0.000553        -0.000604        -0.001489
14 Feb 2015 02:47:56.564        -0.000465        -0.000615        -0.001631
14 Feb 2015 02:49:51.615        -0.000364        -0.000620        -0.001767
14 Feb 2015 02:51:39.064        -0.000249        -0.000619        -0.001899
14 Feb 2015 02:53:23.198        -0.000115        -0.000611        -0.002028
14 Feb 2015 02:55:04.181         0.000037        -0.000596        -0.002152
14 Feb 2015 02:56:27.813         0.000182        -0.000576        -0.002251
14 Feb 2015 02:57:52.100         0.000347        -0.000548        -0.002344
14 Feb 2015 02:59:25.317         0.000551        -0.000507        -0.002435
14 Feb 2015 03:00:55.963         0.000772        -0.000455        -0.002508
14 Feb 2015 03:02:24.213         0.001007        -0.000391        -0.002558
14 Feb 2015 03:03:50.200         0.001253        -0.000317        -0.002581
14 Feb 2015 03:05:14.040         0.001505        -0.000232        -0.002574
14 Feb 2015 03:06:35.843         0.001759        -0.000137        -0.002534
14 Feb 2015 03:07:55.723         0.002009        -0.000034        -0.002460
14 Feb 2015 03:08:57.562         0.002199         0.000052        -0.002377
14 Feb 2015 03:09:59.242         0.002383         0.000143        -0.002272
14 Feb 2015 03:11:04.067         0.002566         0.000241        -0.002136
14 Feb 2015 03:12:07.703         0.002732         0.000340        -0.001977
14 Feb 2015 03:13:11.617         0.002882         0.000442        -0.001790
14 Feb 2015 03:14:01.543         0.002986         0.000522        -0.001625
14 Feb 2015 03:14:51.737         0.003076         0.000602        -0.001445
14 Feb 2015 03:15:40.880         0.003146         0.000675        -0.001263
14 Feb 2015 03:16:31.435         0.003197         0.000744        -0.001080
14 Feb 2015 03:17:17.416         0.003225         0.000800        -0.000916
14 Feb 2015 03:18:06.391         0.003240         0.000855        -0.000741
14 Feb 2015 03:18:59.175         0.003240         0.000910        -0.000547
14 Feb 2015 03:19:50.047         0.003222         0.000958        -0.000356
14 Feb 2015 03:20:49.042         0.003182         0.001007        -0.000136
14 Feb 2015 03:21:44.054         0.003125         0.001045         0.000063
14 Feb 2015 03:22:36.927         0.003056         0.001073         0.000246
14 Feb 2015 03:23:31.059         0.002970         0.001095         0.000424
14 Feb 2015 03:24:40.561         0.002843         0.001113         0.000635
14 Feb 2015 03:25:58.303         0.002683         0.001120         0.000846
14 Feb 2015 03:27:21.029         0.002498         0.001114         0.001041
14 Feb 2015 03:28:46.854         0.002297         0.001096         0.001210
14 Feb 2015 03:30:16.179         0.002084         0.001066         0.001351
14 Feb 2015 03:31:49.365         0.001865         0.001026         0.001465
14 Feb 2015 03:33:25.252         0.001646         0.000978         0.001550
14 Feb 2015 03:35:03.546         0.001434         0.000925         0.001607
14 Feb 2015 03:36:44.397         0.001231         0.000868         0.001641
14 Feb 2015 03:38:28.039         0.001040         0.000808         0.001652
14 Feb 2015 03:40:14.754         0.000862         0.000748         0.001646
14 Feb 2015 03:42:04.868         0.000697         0.000688         0.001624
14 Feb 2015 03:43:58.732         0.000545         0.000629         0.001590
14 Feb 2015 03:45:58.893         0.000406         0.000570         0.001545
14 Feb 2015 03:48:06.083         0.000277         0.000513         0.001491
14 Feb 2015 03:50:17.574         0.000163         0.000458         0.001431
14 Feb 2015 03:52:28.170         0.000066         0.000409         0.001369
14 Feb 2015 03:54:35.719        -0.000015         0.000366         0.001309
14 Feb 2015 03:56:19.036        -0.000073         0.000333         0.001261
14 Feb 2015 03:58:02.302        -0.000123         0.000303         0.001213
14 Feb 2015 04:00:11.654        -0.000179         0.000269         0.001156
14 Feb 2015 04:02:34.326        -0.000231         0.000234         0.001095
14 Feb 2015 04:05:09.575        -0.000279         0.000201         0.001032
14 Feb 2015 04:07:56.438        -0.000322         0.000169         0.000969
14 Feb 2015 04:10:54.502        -0.000360         0.000139         0.000906
14 Feb 2015 04:14:03.559        -0.000393         0.000111         0.000845
14 Feb 2015 04:17:23.484        -0.000421         0.000084         0.000784
14 Feb 2015 04:20:54.135        -0.000446         0.000060         0.000726
14 Feb 2015 04:24:27.517        -0.000466         0.000038         0.000673
14 Feb 2015 04:28:01.248        -0.000483         0.000018         0.000623
14 Feb 2015 04:31:31.552        -0.000497         0.000001         0.000578
14 Feb 2015 04:33:56.211        -0.000506        -0.000010         0.000549
14 Feb 2015 04:36:20.527        -0.000513        -0.000020         0.000522
14 Feb 2015 04:39:34.852        -0.000523        -0.000033         0.000487
14 Feb 2015 04:43:11.549        -0.000533        -0.000047         0.000451
14 Feb 2015 04:47:07.451        -0.000543        -0.000061         0.000413
14 Feb 2015 04:51:19.114        -0.000552        -0.000074         0.000376
14 Feb 2015 04:55:44.274        -0.000563        -0.000088         0.000339
14 Feb 2015 05:00:21.043        -0.000573        -0.000102         0.000301
14 Feb 2015 05:05:07.697        -0.000585        -0.000117         0.000264
14 Feb 2015 05:10:02.601        -0.000597        -0.000132         0.000226
14 Feb 2015 05:15:00.291        -0.000610        -0.000147         0.000188
14 Feb 2015 05:19:49.800        -0.000624        -0.000162         0.000150
14 Feb 2015 05:24:30.455        -0.000639        -0.000178         0.000112
14 Feb 2015 05:29:01.038        -0.000654        -0.000193         0.000073
14 Feb 2015 05:33:25.565        -0.000670        -0.000210         0.000033
14 Feb 2015 05:37:02.321        -0.000684        -0.000225        -0.000002
14 Feb 2015 05:39:34.475        -0.000694        -0.000235        -0.000029
14 Feb 2015 05:42:07.018        -0.000705        -0.000247        -0.000057
14 Feb 2015 05:45:30.999        -0.000719        -0.000263        -0.000098
14 Feb 2015 05:49:07.577        -0.000735        -0.000282        -0.000145
14 Feb 2015 05:52:51.309        -0.000751        -0.000303        -0.000200
14 Feb 2015 05:56:36.970        -0.000767        -0.000326        -0.000263
14 Feb 2015 06:00:21.113        -0.000782        -0.000350        -0.000333
14 Feb 2015 06:04:01.263        -0.000795        -0.000377        -0.000413
14 Feb 2015 06:07:35.636        -0.000805        -0.000405        -0.000501
14 Feb 2015 06:11:02.972        -0.000809        -0.000435        -0.000601
14 Feb 2015 06:14:22.437        -0.000806        -0.000465        -0.000710
14 Feb 2015 06:17:33.547        -0.000795        -0.000495        -0.000831
14 Feb 2015 06:20:36.103        -0.000772        -0.000525        -0.000962
14 Feb 2015 06:23:30.145        -0.000736        -0.000553        -0.001104
14 Feb 2015 06:26:12.823        -0.000684        -0.000578        -0.001252
14 Feb 2015 06:28:39.654        -0.000618        -0.000598        -0.001400
14 Feb 2015 06:30:53.075        -0.000538        -0.000613        -0.001545
14 Feb 2015 06:32:55.252        -0.000445        -0.000622        -0.001686
14 Feb 2015 06:34:47.682        -0.000338        -0.000626        -0.001822
14 Feb 2015 06:36:33.700        -0.000216        -0.000623        -0.001953
14 Feb 2015 06:38:16.546        -0.000075        -0.000613        -0.002081
14 Feb 2015 06:39:56.362         0.000084        -0.000595        -0.002202
14 Feb 2015 06:41:31.780         0.000260        -0.000568        -0.002311
14 Feb 2015 06:43:01.380         0.000447        -0.000533        -0.002405
14 Feb 2015 06:44:33.185         0.000661        -0.000486        -0.002487
14 Feb 2015 06:46:02.533         0.000890        -0.000429        -0.002547
14 Feb 2015 06:47:29.575         0.001132        -0.000360        -0.002582
14 Feb 2015 06:48:54.430         0.001382        -0.000280        -0.002589
14 Feb 2015 06:50:17.207         0.001636        -0.000190        -0.002565
14 Feb 2015 06:51:38.015         0.001888        -0.000091        -0.002507
14 Feb 2015 06:52:56.976         0.002134         0.000015        -0.002414
14 Feb 2015 06:53:53.187         0.002303         0.000096        -0.002326
14 Feb 2015 06:54:48.995         0.002466         0.000179        -0.002219
14 Feb 2015 06:55:54.612         0.002644         0.000279        -0.002069
14 Feb 2015 06:57:01.299         0.002810         0.000384        -0.001890
14 Feb 2015 06:57:53.961         0.002927         0.000467        -0.001726
14 Feb 2015 06:58:47.269         0.003031         0.000552        -0.001543
14 Feb 2015 06:59:36.500         0.003111         0.000628        -0.001363
14 Feb 2015 07:00:27.663         0.003174         0.000701        -0.001175
14 Feb 2015 07:01:15.227         0.003213         0.000762        -0.001006
14 Feb 2015 07:02:01.840         0.003235         0.000817        -0.000841
14 Feb 2015 07:02:52.242         0.003244         0.000872        -0.000658
14 Feb 2015 07:03:42.386         0.003236         0.000922        -0.000472
14 Feb 2015 07:04:37.190         0.003210         0.000972        -0.000266
14 Feb 2015 07:05:36.849         0.003161         0.001017        -0.000047
14 Feb 2015 07:06:31.294         0.003098         0.001051         0.000146
14 Feb 2015 07:07:20.449         0.003028         0.001075         0.000312
14 Feb 2015 07:08:23.271         0.002923         0.001097         0.000512
14 Feb 2015 07:09:36.479         0.002783         0.001112         0.000725
14 Feb 2015 07:10:57.698         0.002610         0.001114         0.000933
14 Feb 2015 07:12:21.751         0.002418         0.001103         0.001117
14 Feb 2015 07:13:49.053         0.002212         0.001081         0.001275
14 Feb 2015 07:15:19.975         0.001996         0.001048         0.001406
14 Feb 2015 07:16:54.752         0.001776         0.001005         0.001508
14 Feb 2015 07:18:31.945         0.001560         0.000955         0.001582
14 Feb 2015 07:20:11.631         0.001351         0.000901         0.001630
14 Feb 2015 07:21:53.991         0.001152         0.000843         0.001654
14 Feb 2015 07:23:39.275         0.000965         0.000783         0.001659
14 Feb 2015 07:25:27.780         0.000791         0.000723         0.001647
14 Feb 2015 07:27:19.842         0.000631         0.000664         0.001620
14 Feb 2015 07:29:16.706         0.000484         0.000605         0.001581
14 Feb 2015 07:31:20.305         0.000347         0.000547         0.001532
14 Feb 2015 07:33:31.264         0.000223         0.000490         0.001475
14 Feb 2015 07:35:42.870         0.000115         0.000438         0.001414
14 Feb 2015 07:37:52.571         0.000024         0.000391         0.001353
14 Feb 2015 07:39:39.433        -0.000041         0.000355         0.001302
14 Feb 2015 07:41:26.242        -0.000098         0.000323         0.001253
14 Feb 2015 07:43:24.066        -0.000154         0.000289         0.001199
14 Feb 2015 07:45:39.855        -0.000209         0.000255         0.001140
14 Feb 2015 07:48:08.545        -0.000260         0.000220         0.001078
14 Feb 2015 07:50:49.098        -0.000307         0.000187         0.001014
14 Feb 2015 07:53:40.871        -0.000348         0.000156         0.000951
14 Feb 2015 07:56:43.533        -0.000385         0.000126         0.000888
14 Feb 2015 07:59:56.903        -0.000417         0.000098         0.000826
14 Feb 2015 08:03:20.839        -0.000444         0.000073         0.000767
14 Feb 2015 08:06:52.422        -0.000468         0.000049         0.000710
14 Feb 2015 08:10:25.442        -0.000487         0.000028         0.000657
14 Feb 2015 08:13:56.846        -0.000504         0.000009         0.000609
14 Feb 2015 08:17:00.314        -0.000516        -0.000006         0.000571
14 Feb 2015 08:20:03.588        -0.000527        -0.000020         0.000534
14 Feb 2015 08:23:03.296        -0.000537        -0.000033         0.000501
14 Feb 2015 08:26:36.250        -0.000547        -0.000047         0.000464
14 Feb 2015 08:30:27.514        -0.000558        -0.000061         0.000425
14 Feb 2015 08:34:34.512        -0.000568        -0.000075         0.000387
14 Feb 2015 08:38:54.767        -0.000579        -0.000090         0.000348
14 Feb 2015 08:43:26.325        -0.000591        -0.000104         0.000310
14 Feb 2015 08:48:07.437        -0.000603        -0.000119         0.000271
14 Feb 2015 08:52:56.459        -0.000616        -0.000134         0.000232
14 Feb 2015 08:57:46.813        -0.000630        -0.000150         0.000193
14 Feb 2015 09:02:29.467        -0.000644        -0.000166         0.000153
14 Feb 2015 09:07:03.647        -0.000659        -0.000182         0.000114
14 Feb 2015 09:11:28.145        -0.000675        -0.000198         0.000074
14 Feb 2015 09:15:46.841        -0.000691        -0.000216         0.000032
14 Feb 2015 09:19:17.826        -0.000705        -0.000230        -0.000005
14 Feb 2015 09:21:59.533        -0.000716        -0.000243        -0.000035
14 Feb 2015 09:24:41.559        -0.000728        -0.000255        -0.000067
14 Feb 2015 09:28:05.220        -0.000743        -0.000273        -0.000110
14 Feb 2015 09:31:40.456        -0.000759        -0.000292        -0.000161
14 Feb 2015 09:35:21.698        -0.000775        -0.000314        -0.000219
14 Feb 2015 09:39:04.225        -0.000791        -0.000338        -0.000286
14 Feb 2015 09:42:44.828        -0.000805        -0.000364        -0.000360
14 Feb 2015 09:46:21.192        -0.000817        -0.000391        -0.000444
14 Feb 2015 09:49:51.645        -0.000825        -0.000420        -0.000538
14 Feb 2015 09:53:15.024        -0.000826        -0.000450        -0.000642
14 Feb 2015 09:56:30.577        -0.000820        -0.000481        -0.000757
14 Feb 2015 09:59:37.889        -0.000804        -0.000511        -0.000883
14 Feb 2015 10:02:36.824        -0.000776        -0.000541        -0.001020
14 Feb 2015 10:05:27.475        -0.000733        -0.000568        -0.001167
14 Feb 2015 10:08:04.544        -0.000675        -0.000592        -0.001317
14 Feb 2015 10:10:26.477        -0.000602        -0.000610        -0.001466
14 Feb 2015 10:12:35.777        -0.000515        -0.000623        -0.001611
14 Feb 2015 10:14:34.410        -0.000415        -0.000630        -0.001752
14 Feb 2015 10:16:23.720        -0.000301        -0.000631        -0.001886
14 Feb 2015 10:18:08.181        -0.000171        -0.000625        -0.002016
14 Feb 2015 10:19:49.609        -0.000022        -0.000612        -0.002141
14 Feb 2015 10:21:08.648         0.000111        -0.000596        -0.002236
14 Feb 2015 10:22:28.519         0.000261        -0.000573        -0.002327
14 Feb 2015 10:23:59.809         0.000454        -0.000537        -0.002421
14 Feb 2015 10:25:31.427         0.000669        -0.000489        -0.002501
14 Feb 2015 10:27:00.626         0.000900        -0.000431        -0.002559
14 Feb 2015 10:28:27.544         0.001142        -0.000362        -0.002592
14 Feb 2015 10:29:52.293         0.001393        -0.000281        -0.002597
14 Feb 2015 10:31:14.979         0.001647        -0.000191        -0.002570
14 Feb 2015 10:32:35.713         0.001900        -0.000093        -0.002509
14 Feb 2015 10:33:54.618         0.002144         0.000013        -0.002415
14 Feb 2015 10:34:50.576         0.002313         0.000093        -0.002325
14 Feb 2015 10:35:45.991         0.002473         0.000175        -0.002218
14 Feb 2015 10:36:50.613         0.002648         0.000274        -0.002070
14 Feb 2015 10:37:56.382         0.002811         0.000376        -0.001892
14 Feb 2015 10:38:48.954         0.002928         0.000460        -0.001729
14 Feb 2015 10:39:42.130         0.003032         0.000544        -0.001546
14 Feb 2015 10:40:31.525         0.003112         0.000620        -0.001366
14 Feb 2015 10:41:23.090         0.003175         0.000693        -0.001178
14 Feb 2015 10:42:10.795         0.003214         0.000754        -0.001009
14 Feb 2015 10:42:57.779         0.003236         0.000809        -0.000842
14 Feb 2015 10:43:48.677         0.003245         0.000864        -0.000658
14 Feb 2015 10:44:39.064         0.003238         0.000915        -0.000471
14 Feb 2015 10:45:34.499         0.003211         0.000964        -0.000264
14 Feb 2015 10:46:34.059         0.003162         0.001010        -0.000046
14 Feb 2015 10:47:28.786         0.003099         0.001044         0.000148
14 Feb 2015 10:48:18.073         0.003030         0.001069         0.000314
14 Feb 2015 10:49:21.296         0.002925         0.001091         0.000515
14 Feb 2015 10:50:34.864         0.002784         0.001106         0.000728
14 Feb 2015 10:51:56.190         0.002612         0.001109         0.000936
14 Feb 2015 10:53:20.328         0.002421         0.001099         0.001120
14 Feb 2015 10:54:47.685         0.002215         0.001077         0.001278
14 Feb 2015 10:56:18.627         0.002000         0.001045         0.001409
14 Feb 2015 10:57:53.492         0.001780         0.001003         0.001512
14 Feb 2015 10:59:30.987         0.001563         0.000954         0.001587
14 Feb 2015 11:01:11.011         0.001354         0.000900         0.001636
14 Feb 2015 11:02:53.740         0.001154         0.000842         0.001661
14 Feb 2015 11:04:39.416         0.000967         0.000783         0.001666
14 Feb 2015 11:06:28.333         0.000792         0.000724         0.001655
14 Feb 2015 11:08:20.817         0.000631         0.000664         0.001629
14 Feb 2015 11:10:18.208         0.000482         0.000605         0.001590
14 Feb 2015 11:12:22.372         0.000345         0.000547         0.001542
14 Feb 2015 11:14:33.948         0.000219         0.000490         0.001484
14 Feb 2015 11:16:45.896         0.000110         0.000438         0.001423
14 Feb 2015 11:18:55.623         0.000019         0.000391         0.001362
14 Feb 2015 11:20:39.173        -0.000045         0.000357         0.001313
14 Feb 2015 11:22:22.665        -0.000101         0.000325         0.001265
14 Feb 2015 11:24:21.762        -0.000159         0.000292         0.001211
14 Feb 2015 11:26:37.693        -0.000215         0.000257         0.001152
14 Feb 2015 11:29:06.463        -0.000267         0.000222         0.001089
14 Feb 2015 11:31:46.922        -0.000315         0.000188         0.001025
14 Feb 2015 11:34:38.412        -0.000358         0.000157         0.000961
14 Feb 2015 11:37:40.593        -0.000395         0.000127         0.000898
14 Feb 2015 11:40:53.245        -0.000428         0.000099         0.000836
14 Feb 2015 11:44:16.200        -0.000456         0.000072         0.000776
14 Feb 2015 11:47:47.306        -0.000480         0.000048         0.000718
14 Feb 2015 11:51:19.485        -0.000501         0.000027         0.000665
14 Feb 2015 11:54:49.522        -0.000518         0.000007         0.000617
14 Feb 2015 11:57:47.705        -0.000531        -0.000008         0.000578
14 Feb 2015 12:00:45.673        -0.000542        -0.000021         0.000542
14 Feb 2015 12:03:48.232        -0.000553        -0.000035         0.000507
14 Feb 2015 12:07:20.651        -0.000564        -0.000049         0.000469
14 Feb 2015 12:11:10.921        -0.000575        -0.000064         0.000429
14 Feb 2015 12:15:16.209        -0.000587        -0.000079         0.000390
14 Feb 2015 12:19:34.086        -0.000599        -0.000094         0.000350
14 Feb 2015 12:24:02.591        -0.000611        -0.000109         0.000310
14 Feb 2015 12:28:39.977        -0.000624        -0.000125         0.000270
14 Feb 2015 12:33:24.623        -0.000638        -0.000141         0.000229
14 Feb 2015 12:38:06.446        -0.000652        -0.000157         0.000189
14 Feb 2015 12:42:40.916        -0.000668        -0.000173         0.000148
14 Feb 2015 12:47:07.023        -0.000683        -0.000190         0.000107
14 Feb 2015 12:51:23.579        -0.000699        -0.000207         0.000066
14 Feb 2015 12:55:33.331        -0.000716        -0.000225         0.000022
14 Feb 2015 12:58:49.254        -0.000730        -0.000239        -0.000015
14 Feb 2015 13:02:05.401        -0.000744        -0.000255        -0.000054
14 Feb 2015 13:05:07.077        -0.000757        -0.000271        -0.000094
14 Feb 2015 13:08:35.253        -0.000773        -0.000290        -0.000143
14 Feb 2015 13:12:11.486        -0.000789        -0.000311        -0.000200
14 Feb 2015 13:15:50.919        -0.000805        -0.000335        -0.000265
14 Feb 2015 13:19:29.822        -0.000820        -0.000360        -0.000339
14 Feb 2015 13:23:05.540        -0.000832        -0.000388        -0.000421
14 Feb 2015 13:26:36.147        -0.000841        -0.000416        -0.000514
14 Feb 2015 13:30:00.277        -0.000844        -0.000447        -0.000617
14 Feb 2015 13:33:17.016        -0.000840        -0.000477        -0.000730
14 Feb 2015 13:36:25.820        -0.000827        -0.000508        -0.000855
14 Feb 2015 13:39:26.451        -0.000801        -0.000538        -0.000990
14 Feb 2015 13:42:18.922        -0.000761        -0.000567        -0.001136
14 Feb 2015 13:45:01.006        -0.000705        -0.000592        -0.001289
14 Feb 2015 13:47:27.059        -0.000634        -0.000612        -0.001440
14 Feb 2015 13:49:39.648        -0.000549        -0.000626        -0.001588
14 Feb 2015 13:51:41.059        -0.000450        -0.000634        -0.001731
14 Feb 2015 13:53:32.829        -0.000338        -0.000637        -0.001868
14 Feb 2015 13:55:17.690        -0.000211        -0.000633        -0.001999
14 Feb 2015 13:56:59.570        -0.000065        -0.000622        -0.002125
14 Feb 2015 13:58:38.578         0.000099        -0.000602        -0.002245
14 Feb 2015 14:00:09.704         0.000273        -0.000575        -0.002348
14 Feb 2015 14:01:38.965         0.000464        -0.000539        -0.002438
14 Feb 2015 14:03:10.374         0.000681        -0.000491        -0.002516
14 Feb 2015 14:04:39.386         0.000914        -0.000432        -0.002572
14 Feb 2015 14:06:06.141         0.001158        -0.000362        -0.002603
14 Feb 2015 14:07:30.747         0.001409        -0.000282        -0.002604
14 Feb 2015 14:08:53.307         0.001663        -0.000191        -0.002574
14 Feb 2015 14:10:13.933         0.001915        -0.000092        -0.002511
14 Feb 2015 14:11:32.752         0.002159         0.000013        -0.002413
14 Feb 2015 14:12:29.575         0.002329         0.000094        -0.002320
14 Feb 2015 14:13:25.674         0.002490         0.000177        -0.002210
14 Feb 2015 14:14:29.474         0.002662         0.000274        -0.002061
14 Feb 2015 14:15:34.134         0.002820         0.000375        -0.001884
14 Feb 2015 14:16:26.267         0.002935         0.000457        -0.001721
14 Feb 2015 14:17:18.927         0.003037         0.000540        -0.001539
14 Feb 2015 14:18:08.460         0.003116         0.000615        -0.001359
14 Feb 2015 14:19:00.800         0.003178         0.000689        -0.001169
14 Feb 2015 14:19:48.447         0.003216         0.000749        -0.001001
14 Feb 2015 14:20:36.052         0.003238         0.000804        -0.000833
14 Feb 2015 14:21:27.897         0.003246         0.000860        -0.000645
14 Feb 2015 14:22:18.527         0.003238         0.000910        -0.000457
14 Feb 2015 14:23:15.103         0.003210         0.000961        -0.000246
14 Feb 2015 14:24:13.775         0.003160         0.001005        -0.000032
14 Feb 2015 14:25:01.608         0.003106         0.001035         0.000137
14 Feb 2015 14:25:49.243         0.003040         0.001060         0.000298
14 Feb 2015 14:26:51.725         0.002938         0.001083         0.000497
14 Feb 2015 14:28:04.762         0.002801         0.001099         0.000710
14 Feb 2015 14:29:25.946         0.002631         0.001104         0.000920
14 Feb 2015 14:30:49.884         0.002442         0.001096         0.001106
14 Feb 2015 14:32:16.976         0.002238         0.001076         0.001267
14 Feb 2015 14:33:47.583         0.002025         0.001045         0.001401
14 Feb 2015 14:35:22.042         0.001806         0.001005         0.001508
14 Feb 2015 14:36:59.592         0.001588         0.000957         0.001586
14 Feb 2015 14:38:39.705         0.001377         0.000904         0.001638
14 Feb 2015 14:40:22.535         0.001176         0.000848         0.001666
14 Feb 2015 14:42:08.310         0.000986         0.000789         0.001674
14 Feb 2015 14:43:57.317         0.000809         0.000730         0.001665
14 Feb 2015 14:45:49.876         0.000645         0.000671         0.001640
14 Feb 2015 14:47:47.182         0.000494         0.000612         0.001604
14 Feb 2015 14:49:51.254         0.000355         0.000554         0.001556
14 Feb 2015 14:52:02.723         0.000226         0.000497         0.001500
14 Feb 2015 14:54:15.170         0.000115         0.000444         0.001439
14 Feb 2015 14:56:25.280         0.000021         0.000397         0.001378
14 Feb 2015 14:58:10.132        -0.000045         0.000361         0.001329
14 Feb 2015 14:59:54.924        -0.000103         0.000329         0.001280
14 Feb 2015 15:01:53.493        -0.000161         0.000295         0.001226
14 Feb 2015 15:04:09.171        -0.000219         0.000260         0.001166
14 Feb 2015 15:06:37.537        -0.000273         0.000225         0.001103
14 Feb 2015 15:09:17.456        -0.000322         0.000191         0.001039
14 Feb 2015 15:12:08.237        -0.000366         0.000159         0.000975
14 Feb 2015 15:15:09.504        -0.000404         0.000128         0.000911
14 Feb 2015 15:18:21.006        -0.000438         0.000100         0.000848
14 Feb 2015 15:21:42.547        -0.000467         0.000073         0.000788
14 Feb 2015 15:25:13.160        -0.000493         0.000049         0.000729
14 Feb 2015 15:28:44.568        -0.000514         0.000026         0.000675
14 Feb 2015 15:32:13.424        -0.000532         0.000007         0.000626
14 Feb 2015 15:35:07.586        -0.000546        -0.000008         0.000587
14 Feb 2015 15:38:01.530        -0.000557        -0.000023         0.000551
14 Feb 2015 15:41:04.815        -0.000569        -0.000036         0.000515
14 Feb 2015 15:44:36.052        -0.000581        -0.000051         0.000475
14 Feb 2015 15:48:24.641        -0.000593        -0.000067         0.000435
14 Feb 2015 15:52:27.665        -0.000606        -0.000082         0.000394
14 Feb 2015 15:56:42.672        -0.000618        -0.000098         0.000353
14 Feb 2015 16:01:07.703        -0.000631        -0.000114         0.000312
14 Feb 2015 16:05:41.014        -0.000645        -0.000130         0.000270
14 Feb 2015 16:10:21.008        -0.000660        -0.000147         0.000228
14 Feb 2015 16:14:54.923        -0.000675        -0.000163         0.000186
14 Feb 2015 16:19:21.787        -0.000691        -0.000180         0.000144
14 Feb 2015 16:23:40.433        -0.000707        -0.000198         0.000102
14 Feb 2015 16:27:49.689        -0.000724        -0.000215         0.000058
14 Feb 2015 16:31:51.181        -0.000741        -0.000233         0.000013
14 Feb 2015 16:34:49.663        -0.000754        -0.000248        -0.000023
14 Feb 2015 16:37:48.402        -0.000767        -0.000263        -0.000061
14 Feb 2015 16:40:56.050        -0.000781        -0.000280        -0.000105
14 Feb 2015 16:44:22.748        -0.000797        -0.000300        -0.000158
14 Feb 2015 16:47:56.879        -0.000813        -0.000322        -0.000218
14 Feb 2015 16:51:33.603        -0.000829        -0.000346        -0.000287
14 Feb 2015 16:55:09.433        -0.000843        -0.000373        -0.000365
14 Feb 2015 16:58:41.855        -0.000855        -0.000401        -0.000452
14 Feb 2015 17:02:09.044        -0.000861        -0.000431        -0.000549
14 Feb 2015 17:05:29.720        -0.000862        -0.000461        -0.000657
14 Feb 2015 17:08:43.042        -0.000854        -0.000493        -0.000776
14 Feb 2015 17:11:48.531        -0.000836        -0.000524        -0.000906
14 Feb 2015 17:14:46.007        -0.000806        -0.000553        -0.001047
14 Feb 2015 17:17:35.536        -0.000759        -0.000581        -0.001197
14 Feb 2015 17:20:12.508        -0.000696        -0.000605        -0.001352
14 Feb 2015 17:22:34.083        -0.000619        -0.000623        -0.001504
14 Feb 2015 17:24:42.907        -0.000527        -0.000635        -0.001652
14 Feb 2015 17:26:41.079        -0.000421        -0.000642        -0.001795
14 Feb 2015 17:28:29.996        -0.000302        -0.000642        -0.001930
14 Feb 2015 17:30:13.467        -0.000167        -0.000635        -0.002059
14 Feb 2015 17:31:54.071        -0.000013        -0.000621        -0.002183
14 Feb 2015 17:33:06.422         0.000112        -0.000605        -0.002269
14 Feb 2015 17:34:19.627         0.000253        -0.000583        -0.002352
14 Feb 2015 17:35:49.562         0.000445        -0.000548        -0.002444
14 Feb 2015 17:37:21.097         0.000662        -0.000501        -0.002522
14 Feb 2015 17:38:50.249         0.000894        -0.000442        -0.002579
14 Feb 2015 17:40:17.152         0.001138        -0.000373        -0.002611
14 Feb 2015 17:41:41.911         0.001389        -0.000294        -0.002613
14 Feb 2015 17:43:04.627         0.001644        -0.000205        -0.002585
14 Feb 2015 17:44:25.410         0.001896        -0.000107        -0.002523
14 Feb 2015 17:45:44.387         0.002140        -0.000002        -0.002428
14 Feb 2015 17:46:31.179         0.002281         0.000064        -0.002354
14 Feb 2015 17:47:17.033         0.002415         0.000130        -0.002269
14 Feb 2015 17:48:23.198         0.002598         0.000229        -0.002124
14 Feb 2015 17:49:30.298         0.002768         0.000332        -0.001951
14 Feb 2015 17:50:24.892         0.002894         0.000418        -0.001788
14 Feb 2015 17:51:20.255         0.003006         0.000505        -0.001603
14 Feb 2015 17:52:10.410         0.003092         0.000582        -0.001423
14 Feb 2015 17:53:01.378         0.003160         0.000655        -0.001238
14 Feb 2015 17:53:50.659         0.003205         0.000720        -0.001063
14 Feb 2015 17:54:37.746         0.003233         0.000775        -0.000897
14 Feb 2015 17:55:28.382         0.003246         0.000831        -0.000716
14 Feb 2015 17:56:20.024         0.003244         0.000885        -0.000526
14 Feb 2015 17:57:13.550         0.003224         0.000935        -0.000327
14 Feb 2015 17:58:09.360         0.003185         0.000980        -0.000122
14 Feb 2015 17:59:05.046         0.003128         0.001018         0.000077
14 Feb 2015 17:59:58.806         0.003058         0.001047         0.000261
14 Feb 2015 18:00:55.672         0.002970         0.001071         0.000445
14 Feb 2015 18:02:07.055         0.002841         0.001090         0.000658
14 Feb 2015 18:03:27.005         0.002678         0.001098         0.000871
14 Feb 2015 18:04:50.291         0.002494         0.001094         0.001064
14 Feb 2015 18:06:16.602         0.002294         0.001078         0.001231
14 Feb 2015 18:07:46.303         0.002084         0.001050         0.001373
14 Feb 2015 18:09:19.732         0.001866         0.001013         0.001487
14 Feb 2015 18:10:56.921         0.001647         0.000968         0.001573
14 Feb 2015 18:12:36.695         0.001434         0.000917         0.001633
14 Feb 2015 18:14:19.175         0.001229         0.000862         0.001668
14 Feb 2015 18:16:04.565         0.001035         0.000804         0.001682
14 Feb 2015 18:17:53.133         0.000854         0.000745         0.001677
14 Feb 2015 18:19:45.189         0.000686         0.000686         0.001657
14 Feb 2015 18:21:41.391         0.000531         0.000628         0.001624
14 Feb 2015 18:23:44.265         0.000387         0.000569         0.001579
14 Feb 2015 18:25:54.412         0.000254         0.000512         0.001525
14 Feb 2015 18:28:07.676         0.000137         0.000458         0.001465
14 Feb 2015 18:30:18.762         0.000038         0.000409         0.001403
14 Feb 2015 18:32:10.480        -0.000035         0.000371         0.001351
14 Feb 2015 18:34:02.147        -0.000100         0.000336         0.001299
14 Feb 2015 18:35:56.367        -0.000158         0.000302         0.001247
14 Feb 2015 18:38:10.585        -0.000217         0.000267         0.001187
14 Feb 2015 18:40:37.307        -0.000273         0.000231         0.001124
14 Feb 2015 18:43:15.556        -0.000324         0.000197         0.001060
14 Feb 2015 18:46:04.533        -0.000369         0.000164         0.000995
14 Feb 2015 18:49:03.820        -0.000410         0.000133         0.000930
14 Feb 2015 18:52:13.130        -0.000445         0.000104         0.000867
14 Feb 2015 18:55:32.231        -0.000476         0.000077         0.000806
14 Feb 2015 18:59:00.884        -0.000503         0.000051         0.000746
14 Feb 2015 19:02:31.664        -0.000526         0.000028         0.000691
14 Feb 2015 19:05:59.926        -0.000545         0.000008         0.000640
14 Feb 2015 19:08:55.612        -0.000560        -0.000008         0.000600
14 Feb 2015 19:11:51.066        -0.000573        -0.000023         0.000562
14 Feb 2015 19:14:50.921        -0.000585        -0.000037         0.000525
14 Feb 2015 19:18:19.655        -0.000598        -0.000053         0.000485
14 Feb 2015 19:22:05.372        -0.000611        -0.000069         0.000443
14 Feb 2015 19:26:05.142        -0.000624        -0.000085         0.000401
14 Feb 2015 19:30:16.460        -0.000638        -0.000101         0.000359
14 Feb 2015 19:34:37.326        -0.000652        -0.000117         0.000317
14 Feb 2015 19:39:06.007        -0.000666        -0.000134         0.000274
14 Feb 2015 19:43:39.178        -0.000682        -0.000151         0.000230
14 Feb 2015 19:48:06.151        -0.000698        -0.000169         0.000187
14 Feb 2015 19:52:26.308        -0.000714        -0.000186         0.000143
14 Feb 2015 19:56:38.477        -0.000731        -0.000204         0.000099
14 Feb 2015 20:00:41.953        -0.000748        -0.000222         0.000054
14 Feb 2015 20:04:36.719        -0.000765        -0.000241         0.000007
14 Feb 2015 20:07:17.286        -0.000777        -0.000254        -0.000028
14 Feb 2015 20:09:58.149        -0.000789        -0.000269        -0.000064
14 Feb 2015 20:13:06.290        -0.000804        -0.000286        -0.000110
14 Feb 2015 20:16:30.266        -0.000820        -0.000307        -0.000165
14 Feb 2015 20:20:01.733        -0.000836        -0.000330        -0.000228
14 Feb 2015 20:23:35.773        -0.000852        -0.000355        -0.000300
14 Feb 2015 20:27:08.959        -0.000865        -0.000382        -0.000381
14 Feb 2015 20:30:38.808        -0.000875        -0.000411        -0.000471
14 Feb 2015 20:34:03.516        -0.000881        -0.000441        -0.000572
14 Feb 2015 20:37:21.818        -0.000880        -0.000472        -0.000684
14 Feb 2015 20:40:32.889        -0.000870        -0.000504        -0.000807
14 Feb 2015 20:43:36.273        -0.000848        -0.000535        -0.000941
14 Feb 2015 20:46:31.816        -0.000813        -0.000565        -0.001085
14 Feb 2015 20:49:19.608        -0.000762        -0.000592        -0.001240
14 Feb 2015 20:51:53.846        -0.000694        -0.000615        -0.001397
14 Feb 2015 20:54:12.940        -0.000612        -0.000632        -0.001550
14 Feb 2015 20:56:19.620        -0.000515        -0.000643        -0.001699
14 Feb 2015 20:58:15.919        -0.000404        -0.000648        -0.001841
14 Feb 2015 21:00:03.169        -0.000280        -0.000646        -0.001975
14 Feb 2015 21:01:45.687        -0.000139        -0.000638        -0.002103
14 Feb 2015 21:03:25.429         0.000021        -0.000622        -0.002225
14 Feb 2015 21:04:40.021         0.000156        -0.000603        -0.002312
14 Feb 2015 21:05:55.316         0.000307        -0.000579        -0.002394
14 Feb 2015 21:07:26.438         0.000510        -0.000539        -0.002483
14 Feb 2015 21:08:57.150         0.000733        -0.000489        -0.002554
14 Feb 2015 21:10:25.544         0.000970        -0.000427        -0.002602
14 Feb 2015 21:11:51.736         0.001217        -0.000355        -0.002624
14 Feb 2015 21:13:15.827         0.001470        -0.000272        -0.002616
14 Feb 2015 21:14:37.920         0.001724        -0.000181        -0.002576
14 Feb 2015 21:15:58.128         0.001975        -0.000081        -0.002502
14 Feb 2015 21:17:16.597         0.002215         0.000025        -0.002396
14 Feb 2015 21:18:28.557         0.002426         0.000129        -0.002266
14 Feb 2015 21:19:35.034         0.002609         0.000228        -0.002119
14 Feb 2015 21:20:40.593         0.002774         0.000328        -0.001948
14 Feb 2015 21:21:34.784         0.002898         0.000413        -0.001785
14 Feb 2015 21:22:29.662         0.003009         0.000499        -0.001601
14 Feb 2015 21:23:19.893         0.003094         0.000575        -0.001422
14 Feb 2015 21:24:11.340         0.003162         0.000649        -0.001236
14 Feb 2015 21:25:00.594         0.003207         0.000712        -0.001062
14 Feb 2015 21:25:48.049         0.003234         0.000768        -0.000895
14 Feb 2015 21:26:39.200         0.003248         0.000825        -0.000713
14 Feb 2015 21:27:30.905         0.003245         0.000878        -0.000523
14 Feb 2015 21:28:25.137         0.003225         0.000928        -0.000321
14 Feb 2015 21:29:21.209         0.003185         0.000974        -0.000115
14 Feb 2015 21:30:17.130         0.003128         0.001012         0.000083
14 Feb 2015 21:31:11.021         0.003058         0.001041         0.000267
14 Feb 2015 21:32:08.879         0.002968         0.001065         0.000453
14 Feb 2015 21:33:20.867         0.002838         0.001084         0.000667
14 Feb 2015 21:34:41.539         0.002674         0.001093         0.000881
14 Feb 2015 21:36:05.002         0.002490         0.001089         0.001073
14 Feb 2015 21:37:31.477         0.002291         0.001073         0.001240
14 Feb 2015 21:39:01.316         0.002080         0.001046         0.001380
14 Feb 2015 21:40:34.854         0.001863         0.001010         0.001494
14 Feb 2015 21:42:12.395         0.001644         0.000965         0.001581
14 Feb 2015 21:43:52.582         0.001430         0.000914         0.001640
14 Feb 2015 21:45:35.518         0.001225         0.000860         0.001676
14 Feb 2015 21:47:21.405         0.001031         0.000802         0.001690
14 Feb 2015 21:49:10.507         0.000849         0.000744         0.001685
14 Feb 2015 21:51:03.129         0.000680         0.000685         0.001665
14 Feb 2015 21:53:00.098         0.000525         0.000626         0.001632
14 Feb 2015 21:55:03.811         0.000380         0.000568         0.001587
14 Feb 2015 21:57:14.889         0.000246         0.000511         0.001533
14 Feb 2015 21:59:28.623         0.000128         0.000457         0.001473
14 Feb 2015 22:01:39.749         0.000029         0.000408         0.001412
14 Feb 2015 22:03:27.954        -0.000042         0.000371         0.001361
14 Feb 2015 22:05:16.100        -0.000106         0.000337         0.001310
14 Feb 2015 22:07:12.980        -0.000166         0.000303         0.001257
14 Feb 2015 22:09:27.926        -0.000227         0.000267         0.001196
14 Feb 2015 22:11:55.258        -0.000283         0.000231         0.001133
14 Feb 2015 22:14:33.866        -0.000335         0.000197         0.001068
14 Feb 2015 22:17:22.977        -0.000381         0.000164         0.001003
14 Feb 2015 22:20:22.151        -0.000422         0.000132         0.000939
14 Feb 2015 22:23:31.083        -0.000459         0.000103         0.000875
14 Feb 2015 22:26:49.511        -0.000490         0.000075         0.000813
14 Feb 2015 22:30:17.162        -0.000518         0.000050         0.000753
14 Feb 2015 22:33:47.260        -0.000542         0.000026         0.000697
14 Feb 2015 22:37:14.083        -0.000562         0.000005         0.000645
14 Feb 2015 22:40:01.009        -0.000576        -0.000010         0.000606
14 Feb 2015 22:42:47.675        -0.000590        -0.000025         0.000569
14 Feb 2015 22:45:50.805        -0.000603        -0.000040         0.000531
14 Feb 2015 22:49:19.066        -0.000617        -0.000056         0.000489
14 Feb 2015 22:53:03.755        -0.000631        -0.000072         0.000447
14 Feb 2015 22:57:01.745        -0.000645        -0.000089         0.000403
14 Feb 2015 23:01:10.582        -0.000659        -0.000106         0.000360
14 Feb 2015 23:05:28.289        -0.000674        -0.000123         0.000316
14 Feb 2015 23:09:53.151        -0.000690        -0.000140         0.000271
14 Feb 2015 23:14:18.655        -0.000706        -0.000158         0.000226
14 Feb 2015 23:18:38.246        -0.000723        -0.000176         0.000181
14 Feb 2015 23:22:51.085        -0.000740        -0.000194         0.000136
14 Feb 2015 23:26:56.032        -0.000757        -0.000213         0.000090
14 Feb 2015 23:30:54.806        -0.000774        -0.000232         0.000043
14 Feb 2015 23:34:16.450        -0.000790        -0.000249        -0.000001
14 Feb 2015 23:36:16.511        -0.000799        -0.000259        -0.000028
14 Feb 2015 23:38:16.879        -0.000808        -0.000270        -0.000057
14 Feb 2015 23:41:22.080        -0.000823        -0.000288        -0.000103
14 Feb 2015 23:44:40.388        -0.000839        -0.000309        -0.000158
14 Feb 2015 23:48:08.021        -0.000855        -0.000332        -0.000222
14 Feb 2015 23:51:39.235        -0.000871        -0.000357        -0.000294
14 Feb 2015 23:55:10.383        -0.000884        -0.000385        -0.000376
14 Feb 2015 23:58:38.810        -0.000895        -0.000414        -0.000467
15 Feb 2015 00:02:02.572        -0.000900        -0.000444        -0.000569
15 Feb 2015 00:05:20.296        -0.000899        -0.000476        -0.000682
15 Feb 2015 00:08:31.074        -0.000889        -0.000507        -0.000807
15 Feb 2015 00:11:34.386        -0.000867        -0.000539        -0.000942
15 Feb 2015 00:14:30.033        -0.000832        -0.000569        -0.001088
15 Feb 2015 00:17:18.077        -0.000780        -0.000597        -0.001244
15 Feb 2015 00:19:38.186        -0.000718        -0.000618        -0.001387
15 Feb 2015 00:21:58.283        -0.000637        -0.000636        -0.001542
15 Feb 2015 00:24:06.883        -0.000540        -0.000648        -0.001692
15 Feb 2015 00:26:04.857        -0.000428        -0.000653        -0.001837
15 Feb 2015 00:27:53.583        -0.000304        -0.000652        -0.001973
15 Feb 2015 00:29:36.183        -0.000164        -0.000645        -0.002101
15 Feb 2015 00:31:16.067        -0.000005        -0.000629        -0.002224
15 Feb 2015 00:32:19.550         0.000108        -0.000615        -0.002299
15 Feb 2015 00:33:23.924         0.000233        -0.000596        -0.002371
15 Feb 2015 00:34:52.273         0.000423        -0.000562        -0.002461
15 Feb 2015 00:36:23.885         0.000641        -0.000515        -0.002540
15 Feb 2015 00:37:53.138         0.000874        -0.000458        -0.002596
15 Feb 2015 00:39:20.164         0.001118        -0.000390        -0.002628
15 Feb 2015 00:40:45.061         0.001370        -0.000312        -0.002631
15 Feb 2015 00:42:07.929         0.001624        -0.000224        -0.002603
15 Feb 2015 00:43:28.876         0.001877        -0.000127        -0.002542
15 Feb 2015 00:44:48.030         0.002122        -0.000024        -0.002447
15 Feb 2015 00:45:51.185         0.002311         0.000064        -0.002346
15 Feb 2015 00:46:53.431         0.002489         0.000154        -0.002224
15 Feb 2015 00:47:56.485         0.002658         0.000249        -0.002076
15 Feb 2015 00:49:00.015         0.002814         0.000346        -0.001903
15 Feb 2015 00:49:52.413         0.002930         0.000428        -0.001740
15 Feb 2015 00:50:45.288         0.003032         0.000510        -0.001560
15 Feb 2015 00:51:35.447         0.003113         0.000585        -0.001380
15 Feb 2015 00:52:28.743         0.003177         0.000659        -0.001189
15 Feb 2015 00:53:17.133         0.003217         0.000719        -0.001019
15 Feb 2015 00:54:05.764         0.003240         0.000775        -0.000849
15 Feb 2015 00:54:58.942         0.003250         0.000833        -0.000657
15 Feb 2015 00:55:50.448         0.003243         0.000884        -0.000467
15 Feb 2015 00:56:48.126         0.003216         0.000936        -0.000254
15 Feb 2015 00:57:47.587         0.003167         0.000982        -0.000038
15 Feb 2015 00:58:37.003         0.003112         0.001013         0.000135
15 Feb 2015 00:59:26.242         0.003046         0.001039         0.000300
15 Feb 2015 01:00:29.375         0.002945         0.001063         0.000500
15 Feb 2015 01:01:43.412         0.002808         0.001081         0.000715
15 Feb 2015 01:03:04.857         0.002640         0.001087         0.000925
15 Feb 2015 01:04:28.979         0.002453         0.001082         0.001112
15 Feb 2015 01:05:56.155         0.002252         0.001064         0.001274
15 Feb 2015 01:07:26.727         0.002041         0.001036         0.001409
15 Feb 2015 01:09:01.019         0.001824         0.000999         0.001518
15 Feb 2015 01:10:39.327         0.001605         0.000954         0.001600
15 Feb 2015 01:12:20.385         0.001392         0.000903         0.001656
15 Feb 2015 01:14:04.266         0.001188         0.000848         0.001687
15 Feb 2015 01:15:51.182         0.000995         0.000791         0.001698
15 Feb 2015 01:17:41.399         0.000815         0.000732         0.001691
15 Feb 2015 01:19:35.233         0.000648         0.000674         0.001669
15 Feb 2015 01:21:34.094         0.000493         0.000616         0.001634
15 Feb 2015 01:23:39.875         0.000349         0.000557         0.001587
15 Feb 2015 01:25:53.250         0.000216         0.000500         0.001531
15 Feb 2015 01:28:07.082         0.000101         0.000447         0.001470
15 Feb 2015 01:30:17.448         0.000004         0.000400         0.001410
15 Feb 2015 01:31:44.037        -0.000052         0.000371         0.001369
15 Feb 2015 01:33:10.580        -0.000104         0.000343         0.001329
15 Feb 2015 01:35:10.606        -0.000168         0.000308         0.001273
15 Feb 2015 01:37:24.480        -0.000229         0.000271         0.001213
15 Feb 2015 01:39:51.148        -0.000288         0.000235         0.001150
15 Feb 2015 01:42:28.912        -0.000341         0.000200         0.001085
15 Feb 2015 01:45:17.000        -0.000389         0.000167         0.001019
15 Feb 2015 01:48:14.941        -0.000431         0.000135         0.000954
15 Feb 2015 01:51:22.393        -0.000469         0.000105         0.000890
15 Feb 2015 01:54:39.066        -0.000502         0.000077         0.000827
15 Feb 2015 01:58:04.665        -0.000531         0.000051         0.000766
15 Feb 2015 02:01:34.281        -0.000556         0.000027         0.000709
15 Feb 2015 02:05:00.318        -0.000577         0.000005         0.000656
15 Feb 2015 02:07:44.595        -0.000592        -0.000011         0.000617
15 Feb 2015 02:10:28.608        -0.000606        -0.000026         0.000579
15 Feb 2015 02:13:30.945        -0.000620        -0.000041         0.000540
15 Feb 2015 02:16:57.479        -0.000635        -0.000058         0.000497
15 Feb 2015 02:20:39.997        -0.000650        -0.000075         0.000453
15 Feb 2015 02:24:35.281        -0.000665        -0.000092         0.000408
15 Feb 2015 02:28:40.862        -0.000680        -0.000110         0.000363
15 Feb 2015 02:32:54.767        -0.000696        -0.000128         0.000318
15 Feb 2015 02:37:15.312        -0.000713        -0.000146         0.000272
15 Feb 2015 02:41:33.864        -0.000730        -0.000164         0.000225
15 Feb 2015 02:45:46.773        -0.000747        -0.000183         0.000179
15 Feb 2015 02:49:53.074        -0.000764        -0.000201         0.000132
15 Feb 2015 02:53:51.649        -0.000782        -0.000220         0.000084
15 Feb 2015 02:57:45.807        -0.000800        -0.000240         0.000034
15 Feb 2015 03:00:57.319        -0.000815        -0.000257        -0.000010
15 Feb 2015 03:03:37.829        -0.000828        -0.000272        -0.000049
15 Feb 2015 03:06:18.521        -0.000841        -0.000288        -0.000091
15 Feb 2015 03:09:31.038        -0.000857        -0.000309        -0.000145
15 Feb 2015 03:12:53.857        -0.000873        -0.000331        -0.000208
15 Feb 2015 03:16:21.887        -0.000889        -0.000357        -0.000281
15 Feb 2015 03:19:51.017        -0.000903        -0.000384        -0.000362
15 Feb 2015 03:23:18.321        -0.000913        -0.000413        -0.000454
15 Feb 2015 03:26:41.645        -0.000919        -0.000444        -0.000556
15 Feb 2015 03:29:59.444        -0.000919        -0.000476        -0.000669
15 Feb 2015 03:33:10.671        -0.000909        -0.000508        -0.000794
15 Feb 2015 03:36:14.702        -0.000889        -0.000540        -0.000929
15 Feb 2015 03:39:11.258        -0.000855        -0.000571        -0.001076
15 Feb 2015 03:42:00.346        -0.000803        -0.000599        -0.001233
15 Feb 2015 03:44:23.002        -0.000742        -0.000621        -0.001379
15 Feb 2015 03:46:45.588        -0.000660        -0.000640        -0.001536
15 Feb 2015 03:48:56.128        -0.000563        -0.000652        -0.001689
15 Feb 2015 03:50:55.655        -0.000451        -0.000659        -0.001835
15 Feb 2015 03:52:45.711        -0.000325        -0.000658        -0.001974
15 Feb 2015 03:54:28.336        -0.000186        -0.000651        -0.002103
15 Feb 2015 03:56:08.306        -0.000028        -0.000637        -0.002226
15 Feb 2015 03:57:25.867         0.000111        -0.000619        -0.002317
15 Feb 2015 03:58:44.065         0.000267        -0.000595        -0.002404
15 Feb 2015 04:00:11.521         0.000460        -0.000559        -0.002490
15 Feb 2015 04:01:42.643         0.000682        -0.000510        -0.002563
15 Feb 2015 04:03:11.435         0.000918        -0.000451        -0.002615
15 Feb 2015 04:04:38.032         0.001165        -0.000382        -0.002640
15 Feb 2015 04:06:02.530         0.001418        -0.000302        -0.002636
15 Feb 2015 04:07:25.027         0.001672        -0.000212        -0.002601
15 Feb 2015 04:08:45.636         0.001924        -0.000115        -0.002533
15 Feb 2015 04:10:04.497         0.002166        -0.000011        -0.002431
15 Feb 2015 04:11:05.142         0.002347         0.000074        -0.002329
15 Feb 2015 04:12:03.740         0.002513         0.000159        -0.002210
15 Feb 2015 04:13:12.418         0.002693         0.000262        -0.002045
15 Feb 2015 04:14:15.553         0.002845         0.000358        -0.001867
15 Feb 2015 04:15:07.091         0.002955         0.000438        -0.001703
15 Feb 2015 04:15:58.879         0.003052         0.000518        -0.001524
15 Feb 2015 04:16:49.425         0.003129         0.000592        -0.001343
15 Feb 2015 04:17:42.237         0.003188         0.000663        -0.001155
15 Feb 2015 04:18:30.340         0.003223         0.000722        -0.000987
15 Feb 2015 04:19:20.700         0.003245         0.000780        -0.000810
15 Feb 2015 04:20:16.964         0.003251         0.000839        -0.000606
15 Feb 2015 04:21:09.323         0.003239         0.000890        -0.000413
15 Feb 2015 04:22:09.533         0.003206         0.000942        -0.000191
15 Feb 2015 04:23:07.329         0.003154         0.000984         0.000016
15 Feb 2015 04:23:53.395         0.003100         0.001012         0.000175
15 Feb 2015 04:24:39.273         0.003036         0.001035         0.000327
15 Feb 2015 04:25:45.871         0.002928         0.001060         0.000535
15 Feb 2015 04:27:01.566         0.002786         0.001077         0.000751
15 Feb 2015 04:28:23.489         0.002615         0.001082         0.000957
15 Feb 2015 04:29:48.119         0.002427         0.001075         0.001141
15 Feb 2015 04:31:15.822         0.002224         0.001057         0.001299
15 Feb 2015 04:32:46.932         0.002012         0.001028         0.001431
15 Feb 2015 04:34:21.763         0.001795         0.000991         0.001536
15 Feb 2015 04:36:00.605         0.001577         0.000945         0.001615
15 Feb 2015 04:37:42.402         0.001365         0.000894         0.001668
15 Feb 2015 04:39:27.092         0.001162         0.000840         0.001698
15 Feb 2015 04:41:14.888         0.000970         0.000783         0.001707
15 Feb 2015 04:43:06.065         0.000790         0.000724         0.001698
15 Feb 2015 04:45:00.938         0.000624         0.000666         0.001674
15 Feb 2015 04:47:01.386         0.000469         0.000608         0.001638
15 Feb 2015 04:49:08.915         0.000325         0.000550         0.001590
15 Feb 2015 04:51:24.244         0.000192         0.000492         0.001532
15 Feb 2015 04:53:38.168         0.000079         0.000440         0.001472
15 Feb 2015 04:55:47.735        -0.000016         0.000394         0.001411
15 Feb 2015 04:57:29.323        -0.000081         0.000360         0.001364
15 Feb 2015 04:59:10.869        -0.000139         0.000329         0.001317
15 Feb 2015 05:01:18.738        -0.000204         0.000292         0.001258
15 Feb 2015 05:03:39.198        -0.000266         0.000256         0.001196
15 Feb 2015 05:06:11.300        -0.000323         0.000220         0.001131
15 Feb 2015 05:08:53.855        -0.000375         0.000185         0.001065
15 Feb 2015 05:11:46.246        -0.000421         0.000152         0.000999
15 Feb 2015 05:14:48.058        -0.000462         0.000121         0.000934
15 Feb 2015 05:17:58.958        -0.000499         0.000091         0.000870
15 Feb 2015 05:21:18.626        -0.000531         0.000064         0.000807
15 Feb 2015 05:24:46.729        -0.000559         0.000038         0.000747
15 Feb 2015 05:28:14.432        -0.000583         0.000015         0.000691
15 Feb 2015 05:31:35.157        -0.000604        -0.000006         0.000640
15 Feb 2015 05:34:38.015        -0.000621        -0.000024         0.000596
15 Feb 2015 05:37:25.697        -0.000635        -0.000039         0.000558
15 Feb 2015 05:40:47.034        -0.000650        -0.000056         0.000515
15 Feb 2015 05:44:24.088        -0.000666        -0.000074         0.000470
15 Feb 2015 05:48:14.090        -0.000682        -0.000091         0.000424
15 Feb 2015 05:52:14.344        -0.000699        -0.000110         0.000378
15 Feb 2015 05:56:22.804        -0.000715        -0.000128         0.000331
15 Feb 2015 06:00:37.754        -0.000733        -0.000147         0.000283
15 Feb 2015 06:04:50.831        -0.000750        -0.000166         0.000235
15 Feb 2015 06:08:58.642        -0.000768        -0.000185         0.000187
15 Feb 2015 06:13:00.233        -0.000786        -0.000204         0.000139
15 Feb 2015 06:16:54.522        -0.000804        -0.000224         0.000089
15 Feb 2015 06:20:43.905        -0.000822        -0.000244         0.000038
15 Feb 2015 06:23:54.161        -0.000838        -0.000262        -0.000008
15 Feb 2015 06:26:28.356        -0.000851        -0.000277        -0.000048
15 Feb 2015 06:29:02.752        -0.000863        -0.000293        -0.000090
15 Feb 2015 06:32:11.570        -0.000879        -0.000313        -0.000146
15 Feb 2015 06:35:31.175        -0.000895        -0.000336        -0.000210
15 Feb 2015 06:38:56.553        -0.000911        -0.000362        -0.000284
15 Feb 2015 06:42:23.483        -0.000924        -0.000390        -0.000368
15 Feb 2015 06:45:48.961        -0.000934        -0.000420        -0.000462
15 Feb 2015 06:49:10.765        -0.000940        -0.000451        -0.000567
15 Feb 2015 06:52:27.290        -0.000938        -0.000483        -0.000683
15 Feb 2015 06:55:37.449        -0.000927        -0.000516        -0.000810
15 Feb 2015 06:58:40.590        -0.000905        -0.000548        -0.000949
15 Feb 2015 07:01:36.425        -0.000868        -0.000579        -0.001099
15 Feb 2015 07:04:24.962        -0.000813        -0.000607        -0.001260
15 Feb 2015 07:06:46.880        -0.000749        -0.000629        -0.001407
15 Feb 2015 07:09:08.722        -0.000663        -0.000647        -0.001566
15 Feb 2015 07:11:18.480        -0.000562        -0.000659        -0.001721
15 Feb 2015 07:13:17.251        -0.000445        -0.000665        -0.001868
15 Feb 2015 07:15:06.606        -0.000316        -0.000664        -0.002006
15 Feb 2015 07:16:48.637        -0.000173        -0.000655        -0.002134
15 Feb 2015 07:18:28.081        -0.000010        -0.000640        -0.002256
15 Feb 2015 07:19:35.842         0.000114        -0.000624        -0.002335
15 Feb 2015 07:20:44.376         0.000251        -0.000602        -0.002411
15 Feb 2015 07:22:11.551         0.000444        -0.000567        -0.002497
15 Feb 2015 07:23:42.520         0.000665        -0.000519        -0.002571
15 Feb 2015 07:25:11.433         0.000901        -0.000461        -0.002622
15 Feb 2015 07:26:38.155         0.001147        -0.000392        -0.002648
15 Feb 2015 07:28:02.780         0.001401        -0.000313        -0.002645
15 Feb 2015 07:29:25.407         0.001656        -0.000225        -0.002611
15 Feb 2015 07:30:46.149         0.001907        -0.000128        -0.002544
15 Feb 2015 07:32:05.145         0.002150        -0.000025        -0.002444
15 Feb 2015 07:33:13.031         0.002352         0.000069        -0.002330
15 Feb 2015 07:34:19.398         0.002539         0.000166        -0.002193
15 Feb 2015 07:35:24.650         0.002709         0.000263        -0.002033
15 Feb 2015 07:36:28.419         0.002859         0.000360        -0.001850
15 Feb 2015 07:37:19.718         0.002968         0.000439        -0.001685
15 Feb 2015 07:38:11.177         0.003062         0.000518        -0.001507
15 Feb 2015 07:39:02.236         0.003137         0.000592        -0.001324
15 Feb 2015 07:39:54.174         0.003193         0.000661        -0.001141
15 Feb 2015 07:40:42.413         0.003227         0.000719        -0.000973
15 Feb 2015 07:41:34.085         0.003247         0.000777        -0.000791
15 Feb 2015 07:42:29.175         0.003252         0.000835        -0.000591
15 Feb 2015 07:43:22.307         0.003239         0.000887        -0.000395
15 Feb 2015 07:44:24.017         0.003203         0.000939        -0.000169
15 Feb 2015 07:45:21.738         0.003150         0.000980         0.000036
15 Feb 2015 07:46:17.561         0.003082         0.001013         0.000227
15 Feb 2015 07:47:09.196         0.003006         0.001037         0.000395
15 Feb 2015 07:48:19.674         0.002886         0.001060         0.000609
15 Feb 2015 07:49:38.919         0.002733         0.001074         0.000826
15 Feb 2015 07:51:01.788         0.002556         0.001076         0.001024
15 Feb 2015 07:52:27.464         0.002363         0.001066         0.001200
15 Feb 2015 07:53:56.290         0.002158         0.001045         0.001350
15 Feb 2015 07:55:28.589         0.001945         0.001014         0.001473
15 Feb 2015 07:57:04.661         0.001728         0.000975         0.001571
15 Feb 2015 07:58:44.785         0.001511         0.000928         0.001642
15 Feb 2015 08:00:27.871         0.001300         0.000876         0.001688
15 Feb 2015 08:02:13.956         0.001100         0.000821         0.001711
15 Feb 2015 08:04:03.268         0.000910         0.000764         0.001715
15 Feb 2015 08:05:56.096         0.000734         0.000706         0.001701
15 Feb 2015 08:07:52.772         0.000570         0.000648         0.001674
15 Feb 2015 08:09:56.142         0.000417         0.000590         0.001634
15 Feb 2015 08:12:06.884         0.000276         0.000532         0.001583
15 Feb 2015 08:14:23.405         0.000147         0.000475         0.001523
15 Feb 2015 08:16:36.532         0.000039         0.000425         0.001463
15 Feb 2015 08:18:27.915        -0.000040         0.000386         0.001411
15 Feb 2015 08:20:19.244        -0.000110         0.000350         0.001358
15 Feb 2015 08:22:13.952        -0.000173         0.000315         0.001305
15 Feb 2015 08:24:27.790        -0.000239         0.000278         0.001245
15 Feb 2015 08:26:53.569        -0.000300         0.000241         0.001181
15 Feb 2015 08:29:30.152        -0.000356         0.000206         0.001115
15 Feb 2015 08:32:16.650        -0.000407         0.000171         0.001048
15 Feb 2015 08:35:12.537        -0.000452         0.000139         0.000982
15 Feb 2015 08:38:17.412        -0.000492         0.000108         0.000917
15 Feb 2015 08:41:30.934        -0.000528         0.000079         0.000853
15 Feb 2015 08:44:52.759        -0.000559         0.000052         0.000791
15 Feb 2015 08:48:21.725        -0.000587         0.000026         0.000731
15 Feb 2015 08:51:46.183        -0.000610         0.000004         0.000676
15 Feb 2015 08:54:20.016        -0.000626        -0.000012         0.000637
15 Feb 2015 08:56:53.510        -0.000641        -0.000027         0.000599
15 Feb 2015 08:59:55.185        -0.000657        -0.000044         0.000557
15 Feb 2015 09:03:18.283        -0.000674        -0.000062         0.000512
15 Feb 2015 09:06:56.460        -0.000691        -0.000081         0.000465
15 Feb 2015 09:10:46.295        -0.000708        -0.000099         0.000418
15 Feb 2015 09:14:45.320        -0.000725        -0.000118         0.000370
15 Feb 2015 09:18:51.601        -0.000743        -0.000137         0.000321
15 Feb 2015 09:23:01.768        -0.000761        -0.000157         0.000272
15 Feb 2015 09:27:07.310        -0.000779        -0.000176         0.000223
15 Feb 2015 09:31:07.584        -0.000798        -0.000196         0.000173
15 Feb 2015 09:35:01.520        -0.000816        -0.000216         0.000122
15 Feb 2015 09:38:48.057        -0.000835        -0.000236         0.000071
15 Feb 2015 09:42:29.558        -0.000853        -0.000257         0.000017
15 Feb 2015 09:45:16.518        -0.000867        -0.000274        -0.000027
15 Feb 2015 09:48:03.673        -0.000882        -0.000291        -0.000074
15 Feb 2015 09:50:58.254        -0.000897        -0.000311        -0.000126
15 Feb 2015 09:54:11.738        -0.000913        -0.000334        -0.000189
15 Feb 2015 09:57:33.033        -0.000928        -0.000359        -0.000262
15 Feb 2015 10:00:57.587        -0.000942        -0.000387        -0.000345
15 Feb 2015 10:04:21.987        -0.000953        -0.000416        -0.000438
15 Feb 2015 10:07:43.704        -0.000960        -0.000448        -0.000542
15 Feb 2015 10:11:00.876        -0.000960        -0.000480        -0.000657
15 Feb 2015 10:14:12.204        -0.000951        -0.000513        -0.000784
15 Feb 2015 10:17:16.868        -0.000930        -0.000546        -0.000923
15 Feb 2015 10:20:14.453        -0.000896        -0.000578        -0.001073
15 Feb 2015 10:23:04.877        -0.000844        -0.000607        -0.001233
15 Feb 2015 10:25:31.239        -0.000781        -0.000630        -0.001384
15 Feb 2015 10:27:57.403        -0.000695        -0.000650        -0.001548
15 Feb 2015 10:30:10.415        -0.000594        -0.000663        -0.001705
15 Feb 2015 10:32:11.706        -0.000478        -0.000670        -0.001856
15 Feb 2015 10:34:03.167        -0.000349        -0.000670        -0.001997
15 Feb 2015 10:35:46.032        -0.000206        -0.000663        -0.002127
15 Feb 2015 10:37:25.764        -0.000046        -0.000649        -0.002250
15 Feb 2015 10:38:47.539         0.000103        -0.000630        -0.002346
15 Feb 2015 10:40:09.805         0.000270        -0.000604        -0.002435
15 Feb 2015 10:41:35.304         0.000462        -0.000568        -0.002517
15 Feb 2015 10:43:05.963         0.000686        -0.000519        -0.002588
15 Feb 2015 10:44:34.625         0.000924        -0.000460        -0.002637
15 Feb 2015 10:46:01.114         0.001172        -0.000390        -0.002659
15 Feb 2015 10:47:25.526         0.001426        -0.000310        -0.002652
15 Feb 2015 10:48:47.960         0.001681        -0.000222        -0.002613
15 Feb 2015 10:50:08.531         0.001932        -0.000125        -0.002542
15 Feb 2015 10:51:27.391         0.002174        -0.000021        -0.002438
15 Feb 2015 10:52:45.087         0.002402         0.000087        -0.002301
15 Feb 2015 10:53:47.252         0.002574         0.000177        -0.002167
15 Feb 2015 10:54:50.268         0.002735         0.000271        -0.002007
15 Feb 2015 10:55:46.068         0.002865         0.000356        -0.001845
15 Feb 2015 10:56:42.579         0.002983         0.000443        -0.001662
15 Feb 2015 10:57:33.899         0.003074         0.000520        -0.001483
15 Feb 2015 10:58:25.751         0.003147         0.000594        -0.001299
15 Feb 2015 10:59:16.814         0.003199         0.000660        -0.001120
15 Feb 2015 11:00:05.343         0.003231         0.000718        -0.000951
15 Feb 2015 11:00:57.565         0.003250         0.000776        -0.000767
15 Feb 2015 11:01:51.346         0.003253         0.000833        -0.000571
15 Feb 2015 11:02:45.595         0.003238         0.000884        -0.000372
15 Feb 2015 11:03:49.470         0.003198         0.000938        -0.000139
15 Feb 2015 11:04:47.157         0.003143         0.000978         0.000065
15 Feb 2015 11:05:42.791         0.003074         0.001010         0.000253
15 Feb 2015 11:06:39.313         0.002989         0.001035         0.000435
15 Feb 2015 11:07:51.688         0.002863         0.001057         0.000650
15 Feb 2015 11:09:12.609         0.002704         0.001070         0.000867
15 Feb 2015 11:10:36.036         0.002525         0.001070         0.001061
15 Feb 2015 11:12:02.307         0.002330         0.001058         0.001232
15 Feb 2015 11:13:31.749         0.002124         0.001036         0.001378
15 Feb 2015 11:15:04.676         0.001910         0.001005         0.001497
15 Feb 2015 11:16:41.381         0.001693         0.000965         0.001591
15 Feb 2015 11:18:22.136         0.001477         0.000918         0.001658
15 Feb 2015 11:20:06.092         0.001268         0.000866         0.001701
15 Feb 2015 11:21:53.127         0.001068         0.000811         0.001722
15 Feb 2015 11:23:43.479         0.000880         0.000754         0.001723
15 Feb 2015 11:25:37.442         0.000704         0.000696         0.001708
15 Feb 2015 11:27:35.816         0.000541         0.000639         0.001678
15 Feb 2015 11:29:41.132         0.000388         0.000580         0.001636
15 Feb 2015 11:31:54.061         0.000247         0.000522         0.001584
15 Feb 2015 11:34:10.867         0.000121         0.000467         0.001524
15 Feb 2015 11:36:23.443         0.000015         0.000418         0.001463
15 Feb 2015 11:38:02.950        -0.000055         0.000383         0.001416
15 Feb 2015 11:39:42.403        -0.000118         0.000351         0.001370
15 Feb 2015 11:41:42.139        -0.000185         0.000315         0.001314
15 Feb 2015 11:43:56.980        -0.000251         0.000277         0.001253
15 Feb 2015 11:46:23.722        -0.000313         0.000240         0.001189
15 Feb 2015 11:49:00.911        -0.000370         0.000204         0.001122
15 Feb 2015 11:51:47.726        -0.000422         0.000170         0.001055
15 Feb 2015 11:54:43.622        -0.000468         0.000137         0.000989
15 Feb 2015 11:57:48.193        -0.000509         0.000106         0.000923
15 Feb 2015 12:01:01.077        -0.000545         0.000077         0.000858
15 Feb 2015 12:04:21.903        -0.000577         0.000049         0.000796
15 Feb 2015 12:07:50.271        -0.000606         0.000023         0.000735
15 Feb 2015 12:11:13.102        -0.000631         0.000000         0.000680
15 Feb 2015 12:12:56.205        -0.000642        -0.000011         0.000653
15 Feb 2015 12:14:38.872        -0.000653        -0.000022         0.000627
15 Feb 2015 12:17:35.289        -0.000670        -0.000039         0.000583
15 Feb 2015 12:20:49.076        -0.000687        -0.000057         0.000538
15 Feb 2015 12:24:19.921        -0.000705        -0.000076         0.000490
15 Feb 2015 12:28:03.012        -0.000723        -0.000095         0.000442
15 Feb 2015 12:31:55.621        -0.000741        -0.000115         0.000392
15 Feb 2015 12:35:55.654        -0.000760        -0.000135         0.000342
15 Feb 2015 12:40:01.050        -0.000779        -0.000155         0.000291
15 Feb 2015 12:44:02.237        -0.000798        -0.000175         0.000240
15 Feb 2015 12:47:58.658        -0.000817        -0.000195         0.000189
15 Feb 2015 12:51:49.280        -0.000836        -0.000216         0.000137
15 Feb 2015 12:55:33.067        -0.000855        -0.000236         0.000084
15 Feb 2015 12:59:13.407        -0.000874        -0.000258         0.000028
15 Feb 2015 13:02:09.004        -0.000889        -0.000276        -0.000020
15 Feb 2015 13:05:04.763        -0.000905        -0.000295        -0.000071
15 Feb 2015 13:07:50.097        -0.000919        -0.000314        -0.000122
15 Feb 2015 13:10:59.970        -0.000935        -0.000337        -0.000187
15 Feb 2015 13:14:18.257        -0.000950        -0.000363        -0.000261
15 Feb 2015 13:17:40.559        -0.000964        -0.000391        -0.000346
15 Feb 2015 13:21:03.308        -0.000975        -0.000421        -0.000441
15 Feb 2015 13:24:23.855        -0.000981        -0.000453        -0.000547
15 Feb 2015 13:27:40.233        -0.000980        -0.000486        -0.000665
15 Feb 2015 13:30:51.052        -0.000970        -0.000519        -0.000794
15 Feb 2015 13:33:55.428        -0.000948        -0.000553        -0.000936
15 Feb 2015 13:36:52.908        -0.000912        -0.000585        -0.001089
15 Feb 2015 13:39:43.395        -0.000858        -0.000614        -0.001252
15 Feb 2015 13:42:10.057        -0.000791        -0.000637        -0.001406
15 Feb 2015 13:44:36.485        -0.000702        -0.000657        -0.001572
15 Feb 2015 13:46:49.405        -0.000597        -0.000670        -0.001732
15 Feb 2015 13:48:50.434        -0.000478        -0.000676        -0.001883
15 Feb 2015 13:50:41.582        -0.000344        -0.000675        -0.002024
15 Feb 2015 13:52:24.129        -0.000198        -0.000668        -0.002154
15 Feb 2015 13:54:03.460        -0.000035        -0.000652        -0.002276
15 Feb 2015 13:55:21.361         0.000111        -0.000634        -0.002367
15 Feb 2015 13:56:39.799         0.000272        -0.000608        -0.002451
15 Feb 2015 13:58:05.267         0.000466        -0.000572        -0.002532
15 Feb 2015 13:59:35.400         0.000690        -0.000523        -0.002601
15 Feb 2015 14:01:03.984         0.000930        -0.000464        -0.002648
15 Feb 2015 14:02:30.404         0.001178        -0.000394        -0.002668
15 Feb 2015 14:03:54.757         0.001433        -0.000314        -0.002659
15 Feb 2015 14:05:17.144         0.001688        -0.000225        -0.002619
15 Feb 2015 14:06:37.682         0.001939        -0.000129        -0.002546
15 Feb 2015 14:07:56.532         0.002180        -0.000026        -0.002440
15 Feb 2015 14:09:14.333         0.002408         0.000082        -0.002302
15 Feb 2015 14:10:15.262         0.002576         0.000170        -0.002169
15 Feb 2015 14:11:17.339         0.002734         0.000262        -0.002012
15 Feb 2015 14:12:13.076         0.002864         0.000347        -0.001851
15 Feb 2015 14:13:09.484         0.002982         0.000433        -0.001668
15 Feb 2015 14:14:00.964         0.003073         0.000510        -0.001489
15 Feb 2015 14:14:53.125         0.003147         0.000584        -0.001305
15 Feb 2015 14:15:44.373         0.003199         0.000650        -0.001126
15 Feb 2015 14:16:33.228         0.003232         0.000708        -0.000956
15 Feb 2015 14:17:25.863         0.003251         0.000767        -0.000771
15 Feb 2015 14:18:19.881         0.003254         0.000823        -0.000575
15 Feb 2015 14:19:14.498         0.003240         0.000875        -0.000374
15 Feb 2015 14:20:18.901         0.003200         0.000929        -0.000140
15 Feb 2015 14:21:16.915         0.003145         0.000970         0.000064
15 Feb 2015 14:22:12.874         0.003076         0.001002         0.000253
15 Feb 2015 14:23:09.535         0.002992         0.001028         0.000435
15 Feb 2015 14:24:22.209         0.002867         0.001051         0.000651
15 Feb 2015 14:25:43.202         0.002708         0.001064         0.000867
15 Feb 2015 14:27:06.672         0.002530         0.001065         0.001062
15 Feb 2015 14:28:32.950         0.002336         0.001054         0.001234
15 Feb 2015 14:30:02.357         0.002131         0.001033         0.001380
15 Feb 2015 14:31:35.201         0.001918         0.001003         0.001500
15 Feb 2015 14:33:11.770         0.001701         0.000964         0.001595
15 Feb 2015 14:34:52.332         0.001486         0.000918         0.001664
15 Feb 2015 14:36:36.582         0.001275         0.000867         0.001708
15 Feb 2015 14:38:23.959         0.001074         0.000813         0.001730
15 Feb 2015 14:40:14.694         0.000884         0.000756         0.001733
15 Feb 2015 14:42:09.081         0.000707         0.000698         0.001718
15 Feb 2015 14:44:07.956         0.000542         0.000641         0.001690
15 Feb 2015 14:46:13.857         0.000388         0.000582         0.001648
15 Feb 2015 14:48:27.472         0.000244         0.000524         0.001596
15 Feb 2015 14:50:45.249         0.000116         0.000469         0.001536
15 Feb 2015 14:52:58.201         0.000009         0.000419         0.001475
15 Feb 2015 14:54:31.653        -0.000058         0.000387         0.001432
15 Feb 2015 14:56:05.015        -0.000118         0.000356         0.001388
15 Feb 2015 14:58:05.161        -0.000187         0.000319         0.001332
15 Feb 2015 15:00:19.387        -0.000255         0.000282         0.001271
15 Feb 2015 15:02:45.496        -0.000319         0.000244         0.001206
15 Feb 2015 15:05:21.872        -0.000378         0.000208         0.001139
15 Feb 2015 15:08:07.652        -0.000431         0.000173         0.001072
15 Feb 2015 15:11:02.268        -0.000478         0.000139         0.001005
15 Feb 2015 15:14:05.288        -0.000521         0.000108         0.000938
15 Feb 2015 15:17:16.329        -0.000559         0.000078         0.000873
15 Feb 2015 15:20:35.002        -0.000592         0.000050         0.000810
15 Feb 2015 15:24:00.897        -0.000622         0.000024         0.000748
15 Feb 2015 15:27:23.265        -0.000648        -0.000000         0.000691
15 Feb 2015 15:29:21.383        -0.000662        -0.000013         0.000659
15 Feb 2015 15:31:19.080        -0.000675        -0.000026         0.000629
15 Feb 2015 15:34:18.111        -0.000693        -0.000044         0.000584
15 Feb 2015 15:37:34.304        -0.000712        -0.000063         0.000536
15 Feb 2015 15:41:05.748        -0.000731        -0.000083         0.000487
15 Feb 2015 15:44:48.250        -0.000750        -0.000103         0.000437
15 Feb 2015 15:48:39.256        -0.000769        -0.000123         0.000386
15 Feb 2015 15:52:36.807        -0.000789        -0.000144         0.000334
15 Feb 2015 15:56:35.355        -0.000808        -0.000164         0.000281
15 Feb 2015 16:00:29.809        -0.000828        -0.000185         0.000228
15 Feb 2015 16:04:19.393        -0.000848        -0.000206         0.000175
15 Feb 2015 16:08:03.108        -0.000867        -0.000227         0.000121
15 Feb 2015 16:11:39.935        -0.000886        -0.000249         0.000065
15 Feb 2015 16:15:11.459        -0.000905        -0.000271         0.000007
15 Feb 2015 16:17:36.565        -0.000918        -0.000287        -0.000035
15 Feb 2015 16:20:01.896        -0.000931        -0.000303        -0.000080
15 Feb 2015 16:22:55.756        -0.000947        -0.000324        -0.000138
15 Feb 2015 16:26:04.889        -0.000962        -0.000348        -0.000206
15 Feb 2015 16:29:22.154        -0.000978        -0.000375        -0.000285
15 Feb 2015 16:32:42.920        -0.000991        -0.000404        -0.000375
15 Feb 2015 16:36:03.832        -0.001000        -0.000436        -0.000476
15 Feb 2015 16:39:22.148        -0.001003        -0.000468        -0.000588
15 Feb 2015 16:42:36.369        -0.000999        -0.000502        -0.000712
15 Feb 2015 16:45:44.983        -0.000984        -0.000536        -0.000849
15 Feb 2015 16:48:47.186        -0.000957        -0.000570        -0.000997
15 Feb 2015 16:51:42.609        -0.000913        -0.000601        -0.001157
15 Feb 2015 16:54:31.249        -0.000849        -0.000630        -0.001327
15 Feb 2015 16:56:52.998        -0.000775        -0.000651        -0.001482
15 Feb 2015 16:59:14.589        -0.000677        -0.000669        -0.001648
15 Feb 2015 17:01:23.439        -0.000564        -0.000679        -0.001807
15 Feb 2015 17:03:21.015        -0.000436        -0.000683        -0.001956
15 Feb 2015 17:05:09.123        -0.000294        -0.000679        -0.002093
15 Feb 2015 17:06:49.757        -0.000140        -0.000668        -0.002220
15 Feb 2015 17:08:27.963         0.000033        -0.000649        -0.002338
15 Feb 2015 17:09:42.889         0.000181        -0.000628        -0.002422
15 Feb 2015 17:10:58.293         0.000345        -0.000600        -0.002499
15 Feb 2015 17:12:26.334         0.000554        -0.000559        -0.002575
15 Feb 2015 17:13:56.224         0.000786        -0.000506        -0.002635
15 Feb 2015 17:15:23.881         0.001031        -0.000442        -0.002670
15 Feb 2015 17:16:49.424         0.001283        -0.000368        -0.002677
15 Feb 2015 17:18:12.948         0.001538        -0.000285        -0.002654
15 Feb 2015 17:19:34.561         0.001792        -0.000193        -0.002599
15 Feb 2015 17:20:54.394         0.002040        -0.000094        -0.002512
15 Feb 2015 17:22:12.701         0.002275         0.000011        -0.002392
15 Feb 2015 17:23:07.307         0.002433         0.000087        -0.002288
15 Feb 2015 17:24:05.618         0.002592         0.000171        -0.002159
15 Feb 2015 17:25:07.021         0.002747         0.000262        -0.002001
15 Feb 2015 17:26:02.042         0.002874         0.000345        -0.001840
15 Feb 2015 17:26:57.645         0.002989         0.000430        -0.001659
15 Feb 2015 17:27:49.135         0.003079         0.000506        -0.001480
15 Feb 2015 17:28:41.973         0.003152         0.000580        -0.001294
15 Feb 2015 17:29:33.005         0.003202         0.000645        -0.001117
15 Feb 2015 17:30:22.291         0.003234         0.000703        -0.000946
15 Feb 2015 17:31:15.591         0.003253         0.000762        -0.000758
15 Feb 2015 17:32:09.360         0.003255         0.000818        -0.000563
15 Feb 2015 17:33:04.945         0.003239         0.000871        -0.000360
15 Feb 2015 17:34:03.135         0.003204         0.000919        -0.000149
15 Feb 2015 17:35:01.220         0.003150         0.000961         0.000056
15 Feb 2015 17:35:57.629         0.003082         0.000994         0.000246
15 Feb 2015 17:36:53.305         0.003000         0.001020         0.000425
15 Feb 2015 17:38:05.855         0.002877         0.001043         0.000641
15 Feb 2015 17:39:26.807         0.002720         0.001058         0.000859
15 Feb 2015 17:40:50.197         0.002544         0.001060         0.001055
15 Feb 2015 17:42:16.343         0.002352         0.001051         0.001228
15 Feb 2015 17:43:45.560         0.002147         0.001031         0.001376
15 Feb 2015 17:45:18.151         0.001935         0.001002         0.001499
15 Feb 2015 17:46:54.401         0.001720         0.000965         0.001595
15 Feb 2015 17:48:34.576         0.001504         0.000920         0.001667
15 Feb 2015 17:50:18.926         0.001292         0.000870         0.001714
15 Feb 2015 17:52:06.491         0.001090         0.000817         0.001738
15 Feb 2015 17:53:57.448         0.000898         0.000760         0.001743
15 Feb 2015 17:55:52.089         0.000718         0.000703         0.001730
15 Feb 2015 17:57:51.165         0.000551         0.000645         0.001703
15 Feb 2015 17:59:57.326         0.000394         0.000587         0.001663
15 Feb 2015 18:02:11.286         0.000248         0.000529         0.001611
15 Feb 2015 18:04:30.395         0.000117         0.000473         0.001551
15 Feb 2015 18:06:44.072         0.000007         0.000423         0.001490
15 Feb 2015 18:08:14.681        -0.000059         0.000391         0.001448
15 Feb 2015 18:09:45.232        -0.000119         0.000361         0.001406
15 Feb 2015 18:11:45.336        -0.000190         0.000324         0.001350
15 Feb 2015 18:13:59.063        -0.000260         0.000286         0.001289
15 Feb 2015 18:16:24.574        -0.000325         0.000248         0.001223
15 Feb 2015 18:19:00.154        -0.000386         0.000211         0.001156
15 Feb 2015 18:21:44.908        -0.000440         0.000176         0.001089
15 Feb 2015 18:24:38.252        -0.000489         0.000142         0.001021
15 Feb 2015 18:27:39.724        -0.000533         0.000110         0.000954
15 Feb 2015 18:30:48.920        -0.000572         0.000079         0.000888
15 Feb 2015 18:34:05.441        -0.000607         0.000051         0.000824
15 Feb 2015 18:37:28.862        -0.000639         0.000024         0.000761
15 Feb 2015 18:40:50.891        -0.000666        -0.000001         0.000703
15 Feb 2015 18:42:58.163        -0.000682        -0.000015         0.000667
15 Feb 2015 18:45:05.011        -0.000697        -0.000029         0.000633
15 Feb 2015 18:48:05.422        -0.000716        -0.000048         0.000587
15 Feb 2015 18:51:22.340        -0.000736        -0.000068         0.000537
15 Feb 2015 18:54:53.203        -0.000756        -0.000089         0.000487
15 Feb 2015 18:58:34.170        -0.000776        -0.000109         0.000435
15 Feb 2015 19:02:22.812        -0.000797        -0.000130         0.000382
15 Feb 2015 19:06:17.270        -0.000817        -0.000152         0.000327
15 Feb 2015 19:10:09.457        -0.000838        -0.000173         0.000273
15 Feb 2015 19:13:57.656        -0.000858        -0.000195         0.000219
15 Feb 2015 19:17:40.953        -0.000878        -0.000216         0.000164
15 Feb 2015 19:21:18.380        -0.000898        -0.000238         0.000107
15 Feb 2015 19:24:49.798        -0.000917        -0.000260         0.000049
15 Feb 2015 19:27:51.915        -0.000934        -0.000281        -0.000005
15 Feb 2015 19:30:07.007        -0.000947        -0.000296        -0.000047
15 Feb 2015 19:32:22.320        -0.000959        -0.000312        -0.000092
15 Feb 2015 19:35:19.104        -0.000975        -0.000335        -0.000154
15 Feb 2015 19:38:27.809        -0.000990        -0.000360        -0.000227
15 Feb 2015 19:41:44.074        -0.001005        -0.000388        -0.000311
15 Feb 2015 19:45:03.450        -0.001017        -0.000418        -0.000406
15 Feb 2015 19:48:22.732        -0.001024        -0.000451        -0.000512
15 Feb 2015 19:51:37.397        -0.001025        -0.000484        -0.000630
15 Feb 2015 19:54:49.639        -0.001017        -0.000518        -0.000761
15 Feb 2015 19:57:56.417        -0.000997        -0.000553        -0.000904
15 Feb 2015 20:00:56.845        -0.000963        -0.000586        -0.001059
15 Feb 2015 20:03:50.643        -0.000910        -0.000618        -0.001226
15 Feb 2015 20:06:37.914        -0.000837        -0.000645        -0.001403
15 Feb 2015 20:08:55.046        -0.000755        -0.000665        -0.001559
15 Feb 2015 20:11:12.121        -0.000648        -0.000680        -0.001724
15 Feb 2015 20:13:17.129        -0.000526        -0.000687        -0.001882
15 Feb 2015 20:15:11.408        -0.000389        -0.000688        -0.002028
15 Feb 2015 20:16:56.580        -0.000240        -0.000681        -0.002162
15 Feb 2015 20:18:36.091        -0.000077        -0.000667        -0.002285
15 Feb 2015 20:20:02.296         0.000084        -0.000647        -0.002385
15 Feb 2015 20:21:28.836         0.000265        -0.000619        -0.002478
15 Feb 2015 20:22:50.990         0.000453        -0.000584        -0.002555
15 Feb 2015 20:24:20.047         0.000676        -0.000537        -0.002622
15 Feb 2015 20:25:48.695         0.000917        -0.000478        -0.002668
15 Feb 2015 20:27:15.180         0.001166        -0.000409        -0.002687
15 Feb 2015 20:28:39.608         0.001421        -0.000330        -0.002676
15 Feb 2015 20:30:02.082         0.001677        -0.000242        -0.002635
15 Feb 2015 20:31:22.723         0.001928        -0.000147        -0.002562
15 Feb 2015 20:32:41.702         0.002169        -0.000045        -0.002456
15 Feb 2015 20:33:59.744         0.002398         0.000062        -0.002318
15 Feb 2015 20:34:58.833         0.002561         0.000146        -0.002190
15 Feb 2015 20:35:58.964         0.002715         0.000234        -0.002040
15 Feb 2015 20:36:55.416         0.002848         0.000319        -0.001879
15 Feb 2015 20:37:52.532         0.002969         0.000405        -0.001697
15 Feb 2015 20:38:44.557         0.003063         0.000482        -0.001519
15 Feb 2015 20:39:36.998         0.003139         0.000556        -0.001335
15 Feb 2015 20:40:29.124         0.003194         0.000624        -0.001154
15 Feb 2015 20:41:18.605         0.003230         0.000683        -0.000983
15 Feb 2015 20:42:11.920         0.003252         0.000743        -0.000796
15 Feb 2015 20:43:07.130         0.003257         0.000800        -0.000597
15 Feb 2015 20:44:01.971         0.003245         0.000853        -0.000397
15 Feb 2015 20:45:06.262         0.003209         0.000908        -0.000164
15 Feb 2015 20:46:05.139         0.003156         0.000951         0.000044
15 Feb 2015 20:47:02.103         0.003089         0.000985         0.000236
15 Feb 2015 20:47:56.008         0.003011         0.001010         0.000409
15 Feb 2015 20:49:08.225         0.002891         0.001035         0.000626
15 Feb 2015 20:50:29.077         0.002736         0.001051         0.000845
15 Feb 2015 20:51:52.325         0.002562         0.001055         0.001043
15 Feb 2015 20:53:18.270         0.002372         0.001048         0.001218
15 Feb 2015 20:54:47.221         0.002169         0.001030         0.001369
15 Feb 2015 20:56:19.475         0.001958         0.001002         0.001494
15 Feb 2015 20:57:55.315         0.001743         0.000967         0.001594
15 Feb 2015 20:59:35.004         0.001528         0.000924         0.001668
15 Feb 2015 21:01:18.789         0.001316         0.000875         0.001718
15 Feb 2015 21:03:06.441         0.001111         0.000822         0.001746
15 Feb 2015 21:04:57.515         0.000917         0.000766         0.001753
15 Feb 2015 21:06:52.302         0.000735         0.000710         0.001743
15 Feb 2015 21:08:51.389         0.000565         0.000652         0.001718
15 Feb 2015 21:10:57.617         0.000405         0.000594         0.001679
15 Feb 2015 21:13:11.336         0.000257         0.000535         0.001629
15 Feb 2015 21:15:31.421         0.000121         0.000479         0.001569
15 Feb 2015 21:17:46.156         0.000008         0.000428         0.001508
15 Feb 2015 21:19:18.599        -0.000060         0.000395         0.001465
15 Feb 2015 21:20:50.991        -0.000123         0.000365         0.001422
15 Feb 2015 21:22:51.128        -0.000196         0.000327         0.001366
15 Feb 2015 21:25:04.914        -0.000267         0.000289         0.001304
15 Feb 2015 21:27:30.233        -0.000334         0.000250         0.001239
15 Feb 2015 21:30:05.377        -0.000396         0.000213         0.001171
15 Feb 2015 21:32:49.431        -0.000452         0.000177         0.001103
15 Feb 2015 21:35:41.792        -0.000503         0.000143         0.001034
15 Feb 2015 21:38:41.986        -0.000548         0.000110         0.000967
15 Feb 2015 21:41:49.595        -0.000588         0.000080         0.000900
15 Feb 2015 21:45:04.202        -0.000625         0.000051         0.000835
15 Feb 2015 21:48:25.376        -0.000657         0.000023         0.000772
15 Feb 2015 21:51:46.841        -0.000686        -0.000002         0.000712
15 Feb 2015 21:54:07.880        -0.000704        -0.000019         0.000672
15 Feb 2015 21:56:28.548        -0.000721        -0.000035         0.000633
15 Feb 2015 21:59:31.715        -0.000742        -0.000055         0.000584
15 Feb 2015 22:02:50.490        -0.000763        -0.000076         0.000533
15 Feb 2015 22:06:21.532        -0.000784        -0.000097         0.000480
15 Feb 2015 22:10:01.492        -0.000806        -0.000118         0.000426
15 Feb 2015 22:13:48.134        -0.000827        -0.000140         0.000371
15 Feb 2015 22:17:37.337        -0.000849        -0.000162         0.000315
15 Feb 2015 22:21:23.132        -0.000870        -0.000184         0.000260
15 Feb 2015 22:25:04.859        -0.000890        -0.000206         0.000203
15 Feb 2015 22:28:41.576        -0.000911        -0.000229         0.000145
15 Feb 2015 22:32:12.341        -0.000931        -0.000251         0.000086
15 Feb 2015 22:35:40.234        -0.000951        -0.000275         0.000024
15 Feb 2015 22:38:23.212        -0.000967        -0.000294        -0.000028
15 Feb 2015 22:41:06.324        -0.000982        -0.000314        -0.000083
15 Feb 2015 22:43:49.863        -0.000997        -0.000335        -0.000143
15 Feb 2015 22:46:54.337        -0.001013        -0.000361        -0.000216
15 Feb 2015 22:50:07.418        -0.001027        -0.000389        -0.000300
15 Feb 2015 22:53:24.856        -0.001039        -0.000419        -0.000396
15 Feb 2015 22:56:43.030        -0.001047        -0.000452        -0.000503
15 Feb 2015 22:59:56.103        -0.001048        -0.000485        -0.000621
15 Feb 2015 23:03:05.647        -0.001040        -0.000520        -0.000752
15 Feb 2015 23:06:13.431        -0.001021        -0.000555        -0.000897
15 Feb 2015 23:09:15.177        -0.000986        -0.000589        -0.001055
15 Feb 2015 23:12:10.511        -0.000933        -0.000621        -0.001224
15 Feb 2015 23:14:59.500        -0.000859        -0.000650        -0.001404
15 Feb 2015 23:17:18.969        -0.000775        -0.000670        -0.001564
15 Feb 2015 23:19:38.291        -0.000665        -0.000685        -0.001733
15 Feb 2015 23:21:44.723        -0.000540        -0.000693        -0.001893
15 Feb 2015 23:23:39.941        -0.000401        -0.000694        -0.002041
15 Feb 2015 23:25:25.815        -0.000249        -0.000687        -0.002176
15 Feb 2015 23:27:05.240        -0.000084        -0.000672        -0.002299
15 Feb 2015 23:28:32.039         0.000080        -0.000652        -0.002400
15 Feb 2015 23:29:59.146         0.000263        -0.000624        -0.002493
15 Feb 2015 23:31:20.345         0.000451        -0.000590        -0.002568
15 Feb 2015 23:32:48.906         0.000674        -0.000542        -0.002634
15 Feb 2015 23:34:17.547         0.000915        -0.000483        -0.002678
15 Feb 2015 23:35:44.024         0.001165        -0.000415        -0.002696
15 Feb 2015 23:37:08.450         0.001421        -0.000336        -0.002685
15 Feb 2015 23:38:30.930         0.001676        -0.000249        -0.002643
15 Feb 2015 23:39:51.588         0.001927        -0.000154        -0.002568
15 Feb 2015 23:41:10.603         0.002168        -0.000053        -0.002462
15 Feb 2015 23:42:28.780         0.002397         0.000054        -0.002323
15 Feb 2015 23:43:26.983         0.002557         0.000136        -0.002197
15 Feb 2015 23:44:26.021         0.002709         0.000222        -0.002050
15 Feb 2015 23:45:22.635         0.002843         0.000307        -0.001890
15 Feb 2015 23:46:19.894         0.002964         0.000393        -0.001708
15 Feb 2015 23:47:12.143         0.003059         0.000470        -0.001530
15 Feb 2015 23:48:04.807         0.003136         0.000544        -0.001346
15 Feb 2015 23:48:57.261         0.003193         0.000612        -0.001164
15 Feb 2015 23:49:47.075         0.003230         0.000671        -0.000993
15 Feb 2015 23:50:40.787         0.003252         0.000731        -0.000805
15 Feb 2015 23:51:36.456         0.003259         0.000790        -0.000605
15 Feb 2015 23:52:31.541         0.003247         0.000843        -0.000404
15 Feb 2015 23:53:36.059         0.003212         0.000898        -0.000171
15 Feb 2015 23:54:35.332         0.003160         0.000942         0.000038
15 Feb 2015 23:55:32.696         0.003093         0.000976         0.000231
15 Feb 2015 23:56:25.732         0.003018         0.001002         0.000402
15 Feb 2015 23:57:37.950         0.002899         0.001028         0.000619
15 Feb 2015 23:58:58.790         0.002746         0.001045         0.000838
16 Feb 2015 00:00:21.990         0.002574         0.001050         0.001038
16 Feb 2015 00:01:47.840         0.002385         0.001044         0.001214
16 Feb 2015 00:03:16.641         0.002183         0.001027         0.001366
16 Feb 2015 00:04:48.686         0.001973         0.001001         0.001493
16 Feb 2015 00:06:24.252         0.001759         0.000967         0.001595
16 Feb 2015 00:08:03.600         0.001544         0.000925         0.001672
16 Feb 2015 00:09:46.976         0.001332         0.000878         0.001724
16 Feb 2015 00:11:34.619         0.001126         0.000826         0.001754
16 Feb 2015 00:13:25.936         0.000930         0.000771         0.001764
16 Feb 2015 00:15:21.009         0.000746         0.000714         0.001755
16 Feb 2015 00:17:20.357         0.000574         0.000657         0.001732
16 Feb 2015 00:19:26.935         0.000411         0.000598         0.001694
16 Feb 2015 00:21:39.884         0.000261         0.000540         0.001645
16 Feb 2015 00:23:59.094         0.000124         0.000484         0.001586
16 Feb 2015 00:26:14.805         0.000008         0.000432         0.001525
16 Feb 2015 00:27:46.679        -0.000062         0.000400         0.001483
16 Feb 2015 00:29:18.479        -0.000125         0.000369         0.001440
16 Feb 2015 00:31:18.603        -0.000200         0.000331         0.001383
16 Feb 2015 00:33:32.157        -0.000273         0.000293         0.001321
16 Feb 2015 00:35:57.051        -0.000342         0.000254         0.001256
16 Feb 2015 00:38:31.531        -0.000405         0.000216         0.001188
16 Feb 2015 00:41:14.668        -0.000463         0.000180         0.001119
16 Feb 2015 00:44:05.835        -0.000515         0.000145         0.001050
16 Feb 2015 00:47:04.542        -0.000562         0.000112         0.000982
16 Feb 2015 00:50:10.360        -0.000604         0.000081         0.000915
16 Feb 2015 00:53:22.864        -0.000642         0.000051         0.000849
16 Feb 2015 00:56:41.615        -0.000675         0.000023         0.000784
16 Feb 2015 01:00:02.915        -0.000706        -0.000003         0.000723
16 Feb 2015 01:02:28.735        -0.000726        -0.000021         0.000680
16 Feb 2015 01:04:54.200        -0.000745        -0.000038         0.000639
16 Feb 2015 01:07:57.760        -0.000767        -0.000059         0.000588
16 Feb 2015 01:11:16.076        -0.000789        -0.000081         0.000535
16 Feb 2015 01:14:45.653        -0.000811        -0.000103         0.000480
16 Feb 2015 01:18:23.326        -0.000834        -0.000125         0.000424
16 Feb 2015 01:22:06.981        -0.000856        -0.000148         0.000367
16 Feb 2015 01:25:50.385        -0.000878        -0.000170         0.000310
16 Feb 2015 01:29:30.486        -0.000900        -0.000193         0.000252
16 Feb 2015 01:33:06.508        -0.000921        -0.000216         0.000193
16 Feb 2015 01:36:37.554        -0.000942        -0.000239         0.000134
16 Feb 2015 01:40:02.694        -0.000963        -0.000262         0.000072
16 Feb 2015 01:43:23.744        -0.000983        -0.000286         0.000008
16 Feb 2015 01:45:41.860        -0.000996        -0.000303        -0.000039
16 Feb 2015 01:48:00.165        -0.001009        -0.000321        -0.000089
16 Feb 2015 01:50:48.097        -0.001025        -0.000344        -0.000154
16 Feb 2015 01:53:51.295        -0.001040        -0.000370        -0.000231
16 Feb 2015 01:57:03.309        -0.001054        -0.000399        -0.000319
16 Feb 2015 02:00:19.672        -0.001065        -0.000431        -0.000420
16 Feb 2015 02:03:34.286        -0.001071        -0.000464        -0.000531
16 Feb 2015 02:06:44.346        -0.001070        -0.000498        -0.000654
16 Feb 2015 02:09:51.590        -0.001059        -0.000533        -0.000789
16 Feb 2015 02:12:56.174        -0.001036        -0.000568        -0.000938
16 Feb 2015 02:15:57.623        -0.000996        -0.000603        -0.001103
16 Feb 2015 02:18:52.866        -0.000936        -0.000635        -0.001279
16 Feb 2015 02:21:41.815        -0.000852        -0.000662        -0.001465
16 Feb 2015 02:23:58.380        -0.000761        -0.000681        -0.001626
16 Feb 2015 02:26:14.874        -0.000643        -0.000694        -0.001795
16 Feb 2015 02:28:18.784        -0.000511        -0.000700        -0.001954
16 Feb 2015 02:30:11.760        -0.000364        -0.000698        -0.002100
16 Feb 2015 02:31:55.587        -0.000206        -0.000689        -0.002231
16 Feb 2015 02:33:34.191        -0.000033        -0.000672        -0.002351
16 Feb 2015 02:34:49.363         0.000115        -0.000652        -0.002436
16 Feb 2015 02:36:05.003         0.000278        -0.000627        -0.002515
16 Feb 2015 02:37:28.600         0.000475        -0.000590        -0.002590
16 Feb 2015 02:38:56.842         0.000701        -0.000541        -0.002652
16 Feb 2015 02:40:25.204         0.000944        -0.000481        -0.002692
16 Feb 2015 02:41:51.416         0.001196        -0.000411        -0.002706
16 Feb 2015 02:43:15.594         0.001452        -0.000332        -0.002689
16 Feb 2015 02:44:37.848         0.001707        -0.000244        -0.002642
16 Feb 2015 02:45:58.309         0.001957        -0.000149        -0.002563
16 Feb 2015 02:47:17.190         0.002197        -0.000047        -0.002452
16 Feb 2015 02:48:26.729         0.002399         0.000047        -0.002326
16 Feb 2015 02:49:24.166         0.002557         0.000128        -0.002202
16 Feb 2015 02:50:22.115         0.002706         0.000212        -0.002057
16 Feb 2015 02:51:18.761         0.002840         0.000296        -0.001897
16 Feb 2015 02:52:16.023         0.002961         0.000381        -0.001716
16 Feb 2015 02:53:08.462         0.003057         0.000459        -0.001538
16 Feb 2015 02:54:01.404         0.003135         0.000533        -0.001354
16 Feb 2015 02:54:54.110         0.003192         0.000601        -0.001172
16 Feb 2015 02:55:44.267         0.003229         0.000660        -0.001000
16 Feb 2015 02:56:38.407         0.003253         0.000721        -0.000811
16 Feb 2015 02:57:34.411         0.003260         0.000780        -0.000610
16 Feb 2015 02:58:29.818         0.003250         0.000834        -0.000409
16 Feb 2015 02:59:34.736         0.003215         0.000889        -0.000175
16 Feb 2015 03:00:34.375         0.003163         0.000933         0.000035
16 Feb 2015 03:01:32.091         0.003097         0.000968         0.000229
16 Feb 2015 03:02:24.758         0.003023         0.000994         0.000398
16 Feb 2015 03:03:37.158         0.002905         0.001021         0.000616
16 Feb 2015 03:04:58.028         0.002753         0.001038         0.000836
16 Feb 2015 03:06:21.227         0.002582         0.001044         0.001036
16 Feb 2015 03:07:47.033         0.002394         0.001039         0.001213
16 Feb 2015 03:09:15.741         0.002194         0.001024         0.001366
16 Feb 2015 03:10:47.638         0.001985         0.000999         0.001495
16 Feb 2015 03:12:22.997         0.001771         0.000966         0.001598
16 Feb 2015 03:14:02.074         0.001557         0.000926         0.001676
16 Feb 2015 03:15:45.112         0.001345         0.000879         0.001731
16 Feb 2015 03:17:32.348         0.001139         0.000828         0.001763
16 Feb 2015 03:19:23.958         0.000941         0.000774         0.001774
16 Feb 2015 03:21:19.381         0.000754         0.000718         0.001768
16 Feb 2015 03:23:19.104         0.000580         0.000661         0.001745
16 Feb 2015 03:25:25.675         0.000415         0.000602         0.001709
16 Feb 2015 03:27:37.913         0.000264         0.000545         0.001660
16 Feb 2015 03:29:56.311         0.000125         0.000488         0.001603
16 Feb 2015 03:32:13.074         0.000006         0.000436         0.001542
16 Feb 2015 03:33:42.219        -0.000063         0.000405         0.001500
16 Feb 2015 03:35:11.272        -0.000126         0.000375         0.001459
16 Feb 2015 03:37:11.299        -0.000203         0.000336         0.001402
16 Feb 2015 03:39:24.325        -0.000278         0.000297         0.001340
16 Feb 2015 03:41:48.560        -0.000348         0.000258         0.001274
16 Feb 2015 03:44:22.158        -0.000414         0.000220         0.001206
16 Feb 2015 03:47:04.167        -0.000473         0.000183         0.001137
16 Feb 2015 03:49:53.934        -0.000527         0.000148         0.001067
16 Feb 2015 03:52:50.960        -0.000576         0.000114         0.000998
16 Feb 2015 03:55:54.802        -0.000619         0.000082         0.000930
16 Feb 2015 03:59:05.029        -0.000658         0.000052         0.000864
16 Feb 2015 04:02:21.202        -0.000694         0.000024         0.000799
16 Feb 2015 04:05:42.848        -0.000726        -0.000004         0.000735
16 Feb 2015 04:08:09.844        -0.000747        -0.000023         0.000690
16 Feb 2015 04:10:36.487        -0.000767        -0.000041         0.000647
16 Feb 2015 04:13:39.246        -0.000790        -0.000062         0.000595
16 Feb 2015 04:16:56.098        -0.000814        -0.000084         0.000540
16 Feb 2015 04:20:23.458        -0.000838        -0.000107         0.000484
16 Feb 2015 04:23:58.280        -0.000861        -0.000130         0.000426
16 Feb 2015 04:27:38.524        -0.000885        -0.000154         0.000367
16 Feb 2015 04:31:16.516        -0.000907        -0.000177         0.000307
16 Feb 2015 04:34:51.332        -0.000930        -0.000200         0.000248
16 Feb 2015 04:38:22.125        -0.000952        -0.000224         0.000187
16 Feb 2015 04:41:48.028        -0.000973        -0.000248         0.000124
16 Feb 2015 04:45:08.133        -0.000994        -0.000272         0.000060
16 Feb 2015 04:48:23.132        -0.001014        -0.000296        -0.000006
16 Feb 2015 04:50:35.489        -0.001027        -0.000314        -0.000054
16 Feb 2015 04:52:48.077        -0.001040        -0.000332        -0.000105
16 Feb 2015 04:55:39.613        -0.001055        -0.000356        -0.000176
16 Feb 2015 04:58:43.373        -0.001070        -0.000384        -0.000258
16 Feb 2015 05:01:55.306        -0.001083        -0.000414        -0.000353
16 Feb 2015 05:05:10.714        -0.001093        -0.000447        -0.000460
16 Feb 2015 05:08:21.250        -0.001096        -0.000481        -0.000577
16 Feb 2015 05:11:27.932        -0.001090        -0.000516        -0.000705
16 Feb 2015 05:14:30.521        -0.001075        -0.000551        -0.000846
16 Feb 2015 05:17:30.239        -0.001046        -0.000585        -0.001000
16 Feb 2015 05:20:29.703        -0.000998        -0.000620        -0.001171
16 Feb 2015 05:23:24.828        -0.000927        -0.000651        -0.001356
16 Feb 2015 05:26:04.919        -0.000836        -0.000676        -0.001539
16 Feb 2015 05:28:17.701        -0.000736        -0.000693        -0.001700
16 Feb 2015 05:30:30.497        -0.000610        -0.000703        -0.001869
16 Feb 2015 05:32:31.209        -0.000469        -0.000706        -0.002025
16 Feb 2015 05:34:21.388        -0.000314        -0.000701        -0.002167
16 Feb 2015 05:36:02.670        -0.000149        -0.000689        -0.002294
16 Feb 2015 05:37:40.337         0.000033        -0.000668        -0.002409
16 Feb 2015 05:38:53.478         0.000185        -0.000647        -0.002488
16 Feb 2015 05:40:06.990         0.000351        -0.000619        -0.002560
16 Feb 2015 05:41:33.106         0.000562        -0.000577        -0.002630
16 Feb 2015 05:43:01.493         0.000797        -0.000524        -0.002683
16 Feb 2015 05:44:28.958         0.001045        -0.000460        -0.002711
16 Feb 2015 05:45:54.324         0.001300        -0.000386        -0.002711
16 Feb 2015 05:47:17.704         0.001556        -0.000303        -0.002682
16 Feb 2015 05:48:39.220         0.001810        -0.000213        -0.002620
16 Feb 2015 05:49:59.022         0.002056        -0.000115        -0.002527
16 Feb 2015 05:51:17.523         0.002290        -0.000012        -0.002403
16 Feb 2015 05:52:09.467         0.002438         0.000059        -0.002302
16 Feb 2015 05:53:03.458         0.002585         0.000135        -0.002181
16 Feb 2015 05:54:02.258         0.002733         0.000220        -0.002031
16 Feb 2015 05:54:57.081         0.002860         0.000301        -0.001872
16 Feb 2015 05:55:52.493         0.002976         0.000383        -0.001695
16 Feb 2015 05:56:44.832         0.003069         0.000460        -0.001517
16 Feb 2015 05:57:38.749         0.003145         0.000534        -0.001330
16 Feb 2015 05:58:30.953         0.003199         0.000600        -0.001151
16 Feb 2015 05:59:21.612         0.003234         0.000660        -0.000977
16 Feb 2015 06:00:16.610         0.003256         0.000720        -0.000785
16 Feb 2015 06:01:11.777         0.003261         0.000778        -0.000587
16 Feb 2015 06:02:08.528         0.003248         0.000832        -0.000381
16 Feb 2015 06:03:08.159         0.003215         0.000883        -0.000166
16 Feb 2015 06:04:07.707         0.003164         0.000926         0.000042
16 Feb 2015 06:05:05.598         0.003097         0.000961         0.000236
16 Feb 2015 06:05:59.864         0.003021         0.000988         0.000410
16 Feb 2015 06:07:13.029         0.002901         0.001015         0.000628
16 Feb 2015 06:08:34.076         0.002750         0.001033         0.000847
16 Feb 2015 06:09:57.431         0.002578         0.001039         0.001046
16 Feb 2015 06:11:23.369         0.002391         0.001035         0.001223
16 Feb 2015 06:12:52.178         0.002191         0.001020         0.001376
16 Feb 2015 06:14:24.139         0.001982         0.000996         0.001504
16 Feb 2015 06:15:59.518         0.001769         0.000963         0.001607
16 Feb 2015 06:17:38.566         0.001555         0.000923         0.001686
16 Feb 2015 06:19:21.524         0.001344         0.000878         0.001740
16 Feb 2015 06:21:08.624         0.001138         0.000828         0.001773
16 Feb 2015 06:23:00.103         0.000940         0.000774         0.001785
16 Feb 2015 06:24:56.132         0.000752         0.000718         0.001779
16 Feb 2015 06:26:56.669         0.000575         0.000661         0.001757
16 Feb 2015 06:29:02.912         0.000411         0.000603         0.001721
16 Feb 2015 06:31:14.762         0.000259         0.000546         0.001674
16 Feb 2015 06:33:32.682         0.000119         0.000490         0.001617
16 Feb 2015 06:35:50.176        -0.000002         0.000438         0.001555
16 Feb 2015 06:37:07.196        -0.000063         0.000410         0.001520
16 Feb 2015 06:38:24.158        -0.000119         0.000384         0.001484
16 Feb 2015 06:40:23.804        -0.000198         0.000345         0.001427
16 Feb 2015 06:42:35.002        -0.000275         0.000306         0.001366
16 Feb 2015 06:44:57.664        -0.000349         0.000266         0.001300
16 Feb 2015 06:47:29.567        -0.000417         0.000227         0.001231
16 Feb 2015 06:50:09.698        -0.000479         0.000190         0.001162
16 Feb 2015 06:52:57.368        -0.000535         0.000154         0.001092
16 Feb 2015 06:55:52.054        -0.000585         0.000120         0.001022
16 Feb 2015 06:58:53.305        -0.000631         0.000087         0.000953
16 Feb 2015 07:02:00.686        -0.000672         0.000056         0.000885
16 Feb 2015 07:05:13.755        -0.000709         0.000027         0.000819
16 Feb 2015 07:08:32.051        -0.000743        -0.000001         0.000754
16 Feb 2015 07:10:41.084        -0.000763        -0.000019         0.000713
16 Feb 2015 07:12:49.614        -0.000782        -0.000035         0.000674
16 Feb 2015 07:15:45.776        -0.000807        -0.000057         0.000621
16 Feb 2015 07:18:56.526        -0.000831        -0.000080         0.000565
16 Feb 2015 07:22:18.544        -0.000856        -0.000103         0.000507
16 Feb 2015 07:25:48.268        -0.000881        -0.000127         0.000448
16 Feb 2015 07:29:23.496        -0.000905        -0.000151         0.000387
16 Feb 2015 07:32:57.297        -0.000929        -0.000175         0.000326
16 Feb 2015 07:36:28.221        -0.000952        -0.000199         0.000265
16 Feb 2015 07:39:55.482        -0.000975        -0.000224         0.000202
16 Feb 2015 07:43:18.246        -0.000997        -0.000248         0.000138
16 Feb 2015 07:46:35.655        -0.001018        -0.000273         0.000072
16 Feb 2015 07:49:49.295        -0.001039        -0.000298         0.000003
16 Feb 2015 07:51:49.552        -0.001051        -0.000314        -0.000042
16 Feb 2015 07:53:49.990        -0.001063        -0.000331        -0.000090
16 Feb 2015 07:56:34.233        -0.001078        -0.000355        -0.000159
16 Feb 2015 07:59:32.856        -0.001093        -0.000382        -0.000241
16 Feb 2015 08:02:41.583        -0.001107        -0.000413        -0.000335
16 Feb 2015 08:05:54.992        -0.001116        -0.000446        -0.000443
16 Feb 2015 08:09:03.477        -0.001120        -0.000480        -0.000560
16 Feb 2015 08:12:07.324        -0.001116        -0.000515        -0.000687
16 Feb 2015 08:15:06.949        -0.001102        -0.000549        -0.000825
16 Feb 2015 08:18:03.195        -0.001075        -0.000584        -0.000976
16 Feb 2015 08:20:57.761        -0.001031        -0.000618        -0.001142
16 Feb 2015 08:23:51.562        -0.000964        -0.000650        -0.001324
16 Feb 2015 08:26:31.146        -0.000878        -0.000677        -0.001506
16 Feb 2015 08:28:59.444        -0.000770        -0.000696        -0.001686
16 Feb 2015 08:31:03.199        -0.000656        -0.000707        -0.001843
16 Feb 2015 08:33:07.124        -0.000515        -0.000712        -0.002004
16 Feb 2015 08:35:00.524        -0.000361        -0.000709        -0.002151
16 Feb 2015 08:36:44.471        -0.000194        -0.000698        -0.002282
16 Feb 2015 08:38:22.639        -0.000014        -0.000679        -0.002400
16 Feb 2015 08:39:29.239         0.000121        -0.000661        -0.002474
16 Feb 2015 08:40:36.350         0.000269        -0.000638        -0.002542
16 Feb 2015 08:41:59.462         0.000467        -0.000602        -0.002615
16 Feb 2015 08:43:26.702         0.000692        -0.000554        -0.002675
16 Feb 2015 08:44:54.954         0.000937        -0.000494        -0.002713
16 Feb 2015 08:46:21.195         0.001190        -0.000425        -0.002724
16 Feb 2015 08:47:45.407         0.001446        -0.000346        -0.002706
16 Feb 2015 08:49:07.708         0.001702        -0.000259        -0.002658
16 Feb 2015 08:50:28.236         0.001952        -0.000165        -0.002577
16 Feb 2015 08:51:47.236         0.002191        -0.000064        -0.002465
16 Feb 2015 08:52:56.817         0.002393         0.000029        -0.002339
16 Feb 2015 08:53:51.199         0.002543         0.000105        -0.002222
16 Feb 2015 08:54:46.012         0.002684         0.000183        -0.002087
16 Feb 2015 08:55:42.656         0.002820         0.000265        -0.001929
16 Feb 2015 08:56:40.124         0.002944         0.000350        -0.001751
16 Feb 2015 08:57:32.782         0.003042         0.000427        -0.001575
16 Feb 2015 08:58:25.937         0.003123         0.000502        -0.001392
16 Feb 2015 08:59:19.721         0.003185         0.000571        -0.001207
16 Feb 2015 09:00:10.586         0.003226         0.000632        -0.001033
16 Feb 2015 09:01:05.459         0.003253         0.000694        -0.000843
16 Feb 2015 09:02:03.316         0.003263         0.000755        -0.000637
16 Feb 2015 09:02:58.927         0.003255         0.000809        -0.000436
16 Feb 2015 09:04:03.565         0.003225         0.000866        -0.000204
16 Feb 2015 09:05:04.254         0.003175         0.000912         0.000009
16 Feb 2015 09:05:49.079         0.003128         0.000940         0.000161
16 Feb 2015 09:06:33.700         0.003071         0.000965         0.000307
16 Feb 2015 09:07:41.646         0.002969         0.000995         0.000518
16 Feb 2015 09:08:59.408         0.002833         0.001019         0.000740
16 Feb 2015 09:10:21.619         0.002672         0.001031         0.000949
16 Feb 2015 09:11:46.224         0.002494         0.001033         0.001138
16 Feb 2015 09:13:13.512         0.002300         0.001025         0.001304
16 Feb 2015 09:14:43.762         0.002097         0.001006         0.001445
16 Feb 2015 09:16:17.243         0.001886         0.000979         0.001562
16 Feb 2015 09:17:54.208         0.001673         0.000944         0.001654
16 Feb 2015 09:19:34.899         0.001460         0.000902         0.001723
16 Feb 2015 09:21:19.547         0.001251         0.000855         0.001768
16 Feb 2015 09:23:08.382         0.001048         0.000804         0.001792
16 Feb 2015 09:25:01.643         0.000854         0.000750         0.001796
16 Feb 2015 09:26:59.590         0.000671         0.000694         0.001784
16 Feb 2015 09:29:02.513         0.000498         0.000637         0.001756
16 Feb 2015 09:31:10.751         0.000339         0.000580         0.001715
16 Feb 2015 09:33:24.705         0.000191         0.000523         0.001664
16 Feb 2015 09:35:44.863         0.000057         0.000468         0.001604
16 Feb 2015 09:37:40.609        -0.000042         0.000425         0.001551
16 Feb 2015 09:39:36.263        -0.000129         0.000385         0.001497
16 Feb 2015 09:41:29.193        -0.000205         0.000348         0.001444
16 Feb 2015 09:43:41.392        -0.000285         0.000308         0.001382
16 Feb 2015 09:46:03.920        -0.000360         0.000268         0.001316
16 Feb 2015 09:48:35.432        -0.000429         0.000229         0.001247
16 Feb 2015 09:51:14.860        -0.000493         0.000191         0.001176
16 Feb 2015 09:54:01.513        -0.000550         0.000155         0.001106
16 Feb 2015 09:56:54.869        -0.000603         0.000120         0.001035
16 Feb 2015 09:59:54.472        -0.000649         0.000087         0.000966
16 Feb 2015 10:02:59.888        -0.000692         0.000056         0.000897
16 Feb 2015 10:06:10.676        -0.000730         0.000026         0.000830
16 Feb 2015 10:09:26.378        -0.000766        -0.000003         0.000764
16 Feb 2015 10:11:46.566        -0.000789        -0.000022         0.000718
16 Feb 2015 10:14:06.311        -0.000810        -0.000041         0.000674
16 Feb 2015 10:17:04.397        -0.000836        -0.000064         0.000619
16 Feb 2015 10:20:15.923        -0.000862        -0.000088         0.000561
16 Feb 2015 10:23:37.178        -0.000888        -0.000112         0.000501
16 Feb 2015 10:27:05.077        -0.000914        -0.000137         0.000439
16 Feb 2015 10:30:35.814        -0.000939        -0.000162         0.000376
16 Feb 2015 10:34:04.176        -0.000964        -0.000186         0.000313
16 Feb 2015 10:37:29.597        -0.000987        -0.000211         0.000249
16 Feb 2015 10:40:51.277        -0.001011        -0.000236         0.000184
16 Feb 2015 10:44:08.416        -0.001033        -0.000261         0.000117
16 Feb 2015 10:47:20.296        -0.001054        -0.000287         0.000048
16 Feb 2015 10:50:05.970        -0.001072        -0.000310        -0.000015
16 Feb 2015 10:52:28.715        -0.001086        -0.000330        -0.000073
16 Feb 2015 10:54:51.572        -0.001100        -0.000351        -0.000135
16 Feb 2015 10:57:44.056        -0.001116        -0.000378        -0.000215
16 Feb 2015 11:00:48.125        -0.001130        -0.000409        -0.000308
16 Feb 2015 11:03:59.111        -0.001140        -0.000442        -0.000414
16 Feb 2015 11:07:05.317        -0.001145        -0.000475        -0.000530
16 Feb 2015 11:10:06.926        -0.001143        -0.000510        -0.000655
16 Feb 2015 11:13:04.202        -0.001131        -0.000545        -0.000790
16 Feb 2015 11:15:57.706        -0.001107        -0.000579        -0.000938
16 Feb 2015 11:18:48.517        -0.001068        -0.000613        -0.001098
16 Feb 2015 11:21:38.908        -0.001009        -0.000646        -0.001274
16 Feb 2015 11:24:19.190        -0.000929        -0.000674        -0.001454
16 Feb 2015 11:26:48.346        -0.000829        -0.000696        -0.001633
16 Feb 2015 11:29:08.323        -0.000707        -0.000711        -0.001810
16 Feb 2015 11:31:05.670        -0.000580        -0.000717        -0.001962
16 Feb 2015 11:33:03.250        -0.000427        -0.000717        -0.002116
16 Feb 2015 11:34:51.187        -0.000261        -0.000709        -0.002254
16 Feb 2015 11:36:30.288        -0.000085        -0.000693        -0.002375
16 Feb 2015 11:37:55.144         0.000084        -0.000671        -0.002472
16 Feb 2015 11:39:20.287         0.000271        -0.000642        -0.002558
16 Feb 2015 11:40:39.992         0.000463        -0.000607        -0.002628
16 Feb 2015 11:42:06.880         0.000688        -0.000560        -0.002686
16 Feb 2015 11:43:34.777         0.000933        -0.000501        -0.002723
16 Feb 2015 11:45:01.042         0.001186        -0.000431        -0.002734
16 Feb 2015 11:46:25.277         0.001443        -0.000353        -0.002715
16 Feb 2015 11:47:47.607         0.001699        -0.000267        -0.002665
16 Feb 2015 11:49:08.174         0.001949        -0.000173        -0.002584
16 Feb 2015 11:50:27.240         0.002188        -0.000073        -0.002472
16 Feb 2015 11:51:36.955         0.002390         0.000020        -0.002345
16 Feb 2015 11:52:29.029         0.002533         0.000092        -0.002234
16 Feb 2015 11:53:21.497         0.002669         0.000166        -0.002106
16 Feb 2015 11:54:18.287         0.002806         0.000248        -0.001950
16 Feb 2015 11:55:15.949         0.002932         0.000333        -0.001773
16 Feb 2015 11:56:08.675         0.003032         0.000410        -0.001598
16 Feb 2015 11:57:01.893         0.003115         0.000484        -0.001415
16 Feb 2015 11:57:56.354         0.003180         0.000555        -0.001229
16 Feb 2015 11:58:47.621         0.003223         0.000616        -0.001055
16 Feb 2015 11:59:42.122         0.003251         0.000678        -0.000866
16 Feb 2015 12:00:41.574         0.003264         0.000741        -0.000656
16 Feb 2015 12:01:37.229         0.003258         0.000796        -0.000455
16 Feb 2015 12:02:41.514         0.003230         0.000853        -0.000224
16 Feb 2015 12:03:42.888         0.003183         0.000900        -0.000009
16 Feb 2015 12:04:27.161         0.003137         0.000929         0.000142
16 Feb 2015 12:05:11.207         0.003083         0.000954         0.000286
16 Feb 2015 12:06:17.740         0.002986         0.000985         0.000494
16 Feb 2015 12:07:34.649         0.002855         0.001010         0.000715
16 Feb 2015 12:08:56.650         0.002697         0.001025         0.000928
16 Feb 2015 12:10:20.979         0.002521         0.001029         0.001119
16 Feb 2015 12:11:47.916         0.002330         0.001022         0.001288
16 Feb 2015 12:13:17.735         0.002128         0.001006         0.001433
16 Feb 2015 12:14:50.699         0.001919         0.000980         0.001554
16 Feb 2015 12:16:27.059         0.001707         0.000947         0.001651
16 Feb 2015 12:18:07.052         0.001494         0.000908         0.001723
16 Feb 2015 12:19:50.908         0.001284         0.000862         0.001772
16 Feb 2015 12:21:38.854         0.001081         0.000812         0.001800
16 Feb 2015 12:23:31.122         0.000885         0.000759         0.001809
16 Feb 2015 12:25:27.962         0.000699         0.000704         0.001799
16 Feb 2015 12:27:29.654         0.000525         0.000648         0.001775
16 Feb 2015 12:29:36.518         0.000362         0.000591         0.001737
16 Feb 2015 12:31:48.934         0.000212         0.000535         0.001688
16 Feb 2015 12:34:07.364         0.000074         0.000480         0.001630
16 Feb 2015 12:36:06.968        -0.000032         0.000435         0.001577
16 Feb 2015 12:38:06.457        -0.000125         0.000393         0.001521
16 Feb 2015 12:39:55.254        -0.000201         0.000357         0.001470
16 Feb 2015 12:42:06.248        -0.000283         0.000316         0.001407
16 Feb 2015 12:44:27.302        -0.000361         0.000276         0.001341
16 Feb 2015 12:46:57.237        -0.000433         0.000236         0.001272
16 Feb 2015 12:49:34.878        -0.000499         0.000198         0.001202
16 Feb 2015 12:52:19.511        -0.000559         0.000161         0.001130
16 Feb 2015 12:55:10.601        -0.000613         0.000125         0.001059
16 Feb 2015 12:58:07.686        -0.000662         0.000092         0.000989
16 Feb 2015 13:01:10.332        -0.000707         0.000059         0.000919
16 Feb 2015 13:04:18.104        -0.000747         0.000029         0.000851
16 Feb 2015 13:07:30.554        -0.000784        -0.000001         0.000783
16 Feb 2015 13:09:27.691        -0.000805        -0.000018         0.000744
16 Feb 2015 13:11:24.283        -0.000824        -0.000034         0.000705
16 Feb 2015 13:14:15.114        -0.000851        -0.000057         0.000649
16 Feb 2015 13:17:19.970        -0.000879        -0.000082         0.000590
16 Feb 2015 13:20:35.664        -0.000906        -0.000107         0.000529
16 Feb 2015 13:23:58.390        -0.000933        -0.000132         0.000466
16 Feb 2015 13:27:25.005        -0.000959        -0.000158         0.000401
16 Feb 2015 13:30:49.520        -0.000985        -0.000183         0.000337
16 Feb 2015 13:34:11.441        -0.001010        -0.000209         0.000271
16 Feb 2015 13:37:30.000        -0.001034        -0.000234         0.000204
16 Feb 2015 13:40:44.439        -0.001057        -0.000260         0.000135
16 Feb 2015 13:43:53.961        -0.001078        -0.000286         0.000064
16 Feb 2015 13:46:59.338        -0.001099        -0.000313        -0.000009
16 Feb 2015 13:49:11.922        -0.001113        -0.000332        -0.000065
16 Feb 2015 13:51:24.642        -0.001126        -0.000353        -0.000125
16 Feb 2015 13:54:12.781        -0.001142        -0.000380        -0.000205
16 Feb 2015 13:57:13.600        -0.001156        -0.000410        -0.000299
16 Feb 2015 14:00:21.288        -0.001166        -0.000443        -0.000407
16 Feb 2015 14:03:24.366        -0.001171        -0.000477        -0.000523
16 Feb 2015 14:06:22.953        -0.001169        -0.000512        -0.000648
16 Feb 2015 14:09:17.237        -0.001157        -0.000547        -0.000783
16 Feb 2015 14:12:07.643        -0.001134        -0.000581        -0.000930
16 Feb 2015 14:14:54.977        -0.001096        -0.000615        -0.001088
16 Feb 2015 14:17:40.814        -0.001039        -0.000648        -0.001260
16 Feb 2015 14:20:19.319        -0.000962        -0.000676        -0.001438
16 Feb 2015 14:22:47.307        -0.000865        -0.000699        -0.001617
16 Feb 2015 14:25:06.467        -0.000746        -0.000715        -0.001793
16 Feb 2015 14:27:18.016        -0.000606        -0.000723        -0.001964
16 Feb 2015 14:29:18.823        -0.000448        -0.000723        -0.002122
16 Feb 2015 14:31:08.383        -0.000279        -0.000715        -0.002263
16 Feb 2015 14:32:48.654        -0.000100        -0.000699        -0.002386
16 Feb 2015 14:34:15.153         0.000074        -0.000678        -0.002484
16 Feb 2015 14:35:41.905         0.000266        -0.000648        -0.002572
16 Feb 2015 14:37:00.202         0.000455        -0.000614        -0.002640
16 Feb 2015 14:38:26.631         0.000680        -0.000567        -0.002697
16 Feb 2015 14:39:54.179         0.000925        -0.000508        -0.002734
16 Feb 2015 14:41:20.502         0.001179        -0.000439        -0.002743
16 Feb 2015 14:42:44.790         0.001436        -0.000362        -0.002724
16 Feb 2015 14:44:07.175         0.001692        -0.000276        -0.002674
16 Feb 2015 14:45:27.805         0.001942        -0.000183        -0.002593
16 Feb 2015 14:46:46.958         0.002181        -0.000084        -0.002481
16 Feb 2015 14:47:57.198         0.002385         0.000009        -0.002353
16 Feb 2015 14:48:45.092         0.002517         0.000075        -0.002251
16 Feb 2015 14:49:33.373         0.002643         0.000143        -0.002136
16 Feb 2015 14:50:31.124         0.002784         0.000225        -0.001980
16 Feb 2015 14:51:29.656         0.002914         0.000311        -0.001804
16 Feb 2015 14:52:22.531         0.003017         0.000388        -0.001630
16 Feb 2015 14:53:15.740         0.003103         0.000462        -0.001449
16 Feb 2015 14:54:11.172         0.003172         0.000535        -0.001260
16 Feb 2015 14:55:02.946         0.003218         0.000597        -0.001084
16 Feb 2015 14:55:56.829         0.003249         0.000658        -0.000899
16 Feb 2015 14:56:57.689         0.003265         0.000724        -0.000685
16 Feb 2015 14:57:53.337         0.003262         0.000779        -0.000485
16 Feb 2015 14:58:56.865         0.003238         0.000836        -0.000257
16 Feb 2015 14:59:59.324         0.003193         0.000885        -0.000037
16 Feb 2015 15:00:51.398         0.003141         0.000920         0.000140
16 Feb 2015 15:01:43.329         0.003076         0.000950         0.000310
16 Feb 2015 15:02:50.004         0.002978         0.000980         0.000516
16 Feb 2015 15:04:08.727         0.002843         0.001005         0.000740
16 Feb 2015 15:05:31.000         0.002684         0.001020         0.000950
16 Feb 2015 15:06:55.600         0.002508         0.001023         0.001140
16 Feb 2015 15:08:22.794         0.002316         0.001017         0.001307
16 Feb 2015 15:09:52.848         0.002114         0.001001         0.001451
16 Feb 2015 15:11:26.018         0.001906         0.000976         0.001570
16 Feb 2015 15:13:02.548         0.001693         0.000943         0.001665
16 Feb 2015 15:14:42.671         0.001481         0.000903         0.001737
16 Feb 2015 15:16:26.612         0.001272         0.000859         0.001785
16 Feb 2015 15:18:14.592         0.001069         0.000809         0.001813
16 Feb 2015 15:20:06.842         0.000874         0.000757         0.001821
16 Feb 2015 15:22:03.609         0.000688         0.000702         0.001812
16 Feb 2015 15:24:05.168         0.000514         0.000647         0.001787
16 Feb 2015 15:26:11.832         0.000351         0.000591         0.001750
16 Feb 2015 15:28:23.979         0.000200         0.000535         0.001701
16 Feb 2015 15:30:42.065         0.000062         0.000480         0.001643
16 Feb 2015 15:32:39.365        -0.000043         0.000436         0.001590
16 Feb 2015 15:34:36.546        -0.000136         0.000395         0.001536
16 Feb 2015 15:36:29.345        -0.000216         0.000357         0.001482
16 Feb 2015 15:38:41.211        -0.000299         0.000316         0.001420
16 Feb 2015 15:41:02.860        -0.000378         0.000275         0.001353
16 Feb 2015 15:43:32.911        -0.000452         0.000235         0.001283
16 Feb 2015 15:46:10.282        -0.000519         0.000196         0.001212
16 Feb 2015 15:48:54.286        -0.000580         0.000159         0.001140
16 Feb 2015 15:51:44.394        -0.000635         0.000123         0.001068
16 Feb 2015 15:54:40.153        -0.000686         0.000089         0.000997
16 Feb 2015 15:57:41.135        -0.000731         0.000057         0.000927
16 Feb 2015 16:00:46.913        -0.000773         0.000026         0.000857
16 Feb 2015 16:03:57.041        -0.000811        -0.000004         0.000789
16 Feb 2015 16:06:21.306        -0.000837        -0.000026         0.000738
16 Feb 2015 16:08:45.124        -0.000862        -0.000047         0.000689
16 Feb 2015 16:11:41.938        -0.000891        -0.000071         0.000630
16 Feb 2015 16:14:50.577        -0.000920        -0.000097         0.000568
16 Feb 2015 16:18:07.301        -0.000948        -0.000123         0.000503
16 Feb 2015 16:21:29.373        -0.000976        -0.000150         0.000437
16 Feb 2015 16:24:50.343        -0.001003        -0.000176         0.000371
16 Feb 2015 16:28:09.114        -0.001029        -0.000202         0.000303
16 Feb 2015 16:31:24.986        -0.001054        -0.000228         0.000235
16 Feb 2015 16:34:37.242        -0.001077        -0.000255         0.000164
16 Feb 2015 16:37:45.130        -0.001100        -0.000281         0.000092
16 Feb 2015 16:40:51.137        -0.001122        -0.000309         0.000016
16 Feb 2015 16:43:10.421        -0.001137        -0.000330        -0.000045
16 Feb 2015 16:45:29.827        -0.001152        -0.000352        -0.000109
16 Feb 2015 16:48:08.140        -0.001167        -0.000378        -0.000186
16 Feb 2015 16:51:04.431        -0.001181        -0.000409        -0.000280
16 Feb 2015 16:54:09.319        -0.001192        -0.000442        -0.000388
16 Feb 2015 16:57:09.770        -0.001197        -0.000476        -0.000503
16 Feb 2015 17:00:05.843        -0.001196        -0.000511        -0.000628
16 Feb 2015 17:02:57.650        -0.001185        -0.000545        -0.000762
16 Feb 2015 17:05:45.490        -0.001164        -0.000580        -0.000907
16 Feb 2015 17:08:29.934        -0.001128        -0.000614        -0.001062
16 Feb 2015 17:11:12.043        -0.001076        -0.000646        -0.001230
16 Feb 2015 17:13:49.847        -0.001003        -0.000676        -0.001407
16 Feb 2015 17:16:17.526        -0.000910        -0.000700        -0.001584
16 Feb 2015 17:18:36.581        -0.000797        -0.000717        -0.001760
16 Feb 2015 17:20:48.182        -0.000661        -0.000728        -0.001932
16 Feb 2015 17:22:53.178        -0.000504        -0.000730        -0.002097
16 Feb 2015 17:24:46.767        -0.000333        -0.000724        -0.002244
16 Feb 2015 17:26:30.200        -0.000153        -0.000710        -0.002372
16 Feb 2015 17:28:07.640         0.000040        -0.000687        -0.002485
16 Feb 2015 17:29:20.633         0.000200        -0.000664        -0.002561
16 Feb 2015 17:30:33.905         0.000373        -0.000635        -0.002627
16 Feb 2015 17:31:58.662         0.000589        -0.000592        -0.002690
16 Feb 2015 17:33:25.637         0.000826        -0.000538        -0.002734
16 Feb 2015 17:34:52.724         0.001078        -0.000473        -0.002753
16 Feb 2015 17:36:17.785         0.001335        -0.000399        -0.002744
16 Feb 2015 17:37:40.897         0.001592        -0.000317        -0.002705
16 Feb 2015 17:39:02.202         0.001845        -0.000227        -0.002635
16 Feb 2015 17:40:21.904         0.002089        -0.000130        -0.002534
16 Feb 2015 17:41:40.837         0.002322        -0.000028        -0.002401
16 Feb 2015 17:42:36.355         0.002477         0.000047        -0.002288
16 Feb 2015 17:43:32.695         0.002626         0.000125        -0.002156
16 Feb 2015 17:44:33.094         0.002774         0.000211        -0.001995
16 Feb 2015 17:45:31.538         0.002905         0.000296        -0.001820
16 Feb 2015 17:46:24.383         0.003008         0.000372        -0.001648
16 Feb 2015 17:47:17.779         0.003096         0.000446        -0.001468
16 Feb 2015 17:48:13.716         0.003167         0.000519        -0.001278
16 Feb 2015 17:49:05.930         0.003215         0.000583        -0.001101
16 Feb 2015 17:49:59.898         0.003248         0.000644        -0.000916
16 Feb 2015 17:51:00.635         0.003266         0.000709        -0.000703
16 Feb 2015 17:51:56.528         0.003264         0.000765        -0.000503
16 Feb 2015 17:52:59.947         0.003242         0.000823        -0.000275
16 Feb 2015 17:54:03.278         0.003199         0.000874        -0.000053
16 Feb 2015 17:55:03.422         0.003140         0.000914         0.000151
16 Feb 2015 17:55:57.577         0.003072         0.000945         0.000327
16 Feb 2015 17:57:05.537         0.002972         0.000975         0.000536
16 Feb 2015 17:58:25.761         0.002833         0.001001         0.000762
16 Feb 2015 17:59:48.277         0.002674         0.001015         0.000971
16 Feb 2015 18:01:13.113         0.002496         0.001018         0.001159
16 Feb 2015 18:02:40.524         0.002305         0.001012         0.001325
16 Feb 2015 18:04:10.769         0.002103         0.000996         0.001467
16 Feb 2015 18:05:44.097         0.001894         0.000971         0.001585
16 Feb 2015 18:07:20.745         0.001683         0.000939         0.001679
16 Feb 2015 18:09:00.940         0.001471         0.000900         0.001750
16 Feb 2015 18:10:44.902         0.001262         0.000856         0.001798
16 Feb 2015 18:12:32.851         0.001059         0.000807         0.001825
16 Feb 2015 18:14:25.012         0.000864         0.000755         0.001833
16 Feb 2015 18:16:21.628         0.000679         0.000701         0.001824
16 Feb 2015 18:18:22.970         0.000504         0.000646         0.001800
16 Feb 2015 18:20:29.346         0.000341         0.000591         0.001763
16 Feb 2015 18:22:41.127         0.000190         0.000535         0.001715
16 Feb 2015 18:24:58.765         0.000051         0.000481         0.001657
16 Feb 2015 18:26:53.570        -0.000052         0.000438         0.001606
16 Feb 2015 18:28:48.235        -0.000145         0.000397         0.001552
16 Feb 2015 18:30:43.819        -0.000228         0.000358         0.001497
16 Feb 2015 18:32:56.282        -0.000314         0.000317         0.001434
16 Feb 2015 18:35:18.167        -0.000394         0.000276         0.001366
16 Feb 2015 18:37:48.032        -0.000469         0.000235         0.001296
16 Feb 2015 18:40:24.847        -0.000538         0.000196         0.001224
16 Feb 2015 18:43:07.945        -0.000600         0.000158         0.001152
16 Feb 2015 18:45:56.813        -0.000657         0.000122         0.001079
16 Feb 2015 18:48:51.007        -0.000709         0.000088         0.001007
16 Feb 2015 18:51:50.105        -0.000755         0.000055         0.000936
16 Feb 2015 18:54:53.686        -0.000798         0.000023         0.000866
16 Feb 2015 18:58:01.315        -0.000838        -0.000008         0.000796
16 Feb 2015 19:00:33.537        -0.000867        -0.000031         0.000741
16 Feb 2015 19:03:05.430        -0.000895        -0.000054         0.000687
16 Feb 2015 19:06:03.526        -0.000925        -0.000080         0.000625
16 Feb 2015 19:09:11.932        -0.000955        -0.000106         0.000560
16 Feb 2015 19:12:27.113        -0.000984        -0.000133         0.000493
16 Feb 2015 19:15:44.951        -0.001013        -0.000160         0.000425
16 Feb 2015 19:19:01.014        -0.001040        -0.000187         0.000356
16 Feb 2015 19:22:14.801        -0.001067        -0.000214         0.000286
16 Feb 2015 19:25:25.618        -0.001092        -0.000241         0.000215
16 Feb 2015 19:28:32.782        -0.001116        -0.000269         0.000141
16 Feb 2015 19:31:35.559        -0.001138        -0.000296         0.000066
16 Feb 2015 19:34:34.663        -0.001159        -0.000324        -0.000013
16 Feb 2015 19:36:48.649        -0.001174        -0.000346        -0.000076
16 Feb 2015 19:39:02.782        -0.001188        -0.000368        -0.000142
16 Feb 2015 19:41:49.766        -0.001203        -0.000397        -0.000231
16 Feb 2015 19:44:50.154        -0.001215        -0.000430        -0.000334
16 Feb 2015 19:47:49.305        -0.001223        -0.000464        -0.000448
16 Feb 2015 19:50:44.195        -0.001225        -0.000499        -0.000569
16 Feb 2015 19:53:34.861        -0.001218        -0.000533        -0.000700
16 Feb 2015 19:56:21.456        -0.001201        -0.000568        -0.000840
16 Feb 2015 19:59:04.319        -0.001173        -0.000602        -0.000990
16 Feb 2015 20:01:44.068        -0.001128        -0.000636        -0.001151
16 Feb 2015 20:04:21.845        -0.001065        -0.000667        -0.001324
16 Feb 2015 20:06:51.896        -0.000983        -0.000693        -0.001500
16 Feb 2015 20:09:13.166        -0.000880        -0.000714        -0.001676
16 Feb 2015 20:11:26.843        -0.000757        -0.000729        -0.001849
16 Feb 2015 20:13:33.822        -0.000612        -0.000736        -0.002017
16 Feb 2015 20:15:34.787        -0.000445        -0.000735        -0.002177
16 Feb 2015 20:17:25.005        -0.000266        -0.000725        -0.002318
16 Feb 2015 20:19:05.432        -0.000078        -0.000707        -0.002439
16 Feb 2015 20:20:27.741         0.000094        -0.000685        -0.002529
16 Feb 2015 20:21:50.331         0.000282        -0.000656        -0.002610
16 Feb 2015 20:23:09.699         0.000479        -0.000620        -0.002675
16 Feb 2015 20:24:35.568         0.000707        -0.000571        -0.002727
16 Feb 2015 20:26:02.477         0.000953        -0.000512        -0.002758
16 Feb 2015 20:27:28.546         0.001209        -0.000443        -0.002762
16 Feb 2015 20:28:52.595         0.001467        -0.000364        -0.002736
16 Feb 2015 20:30:14.771         0.001722        -0.000278        -0.002680
16 Feb 2015 20:31:35.241         0.001971        -0.000185        -0.002593
16 Feb 2015 20:32:54.414         0.002209        -0.000087        -0.002475
16 Feb 2015 20:34:01.771         0.002403         0.000002        -0.002349
16 Feb 2015 20:34:43.019         0.002516         0.000058        -0.002260
16 Feb 2015 20:35:24.223         0.002624         0.000115        -0.002162
16 Feb 2015 20:36:21.020         0.002763         0.000195        -0.002012
16 Feb 2015 20:37:18.816         0.002893         0.000278        -0.001840
16 Feb 2015 20:38:11.627         0.002998         0.000354        -0.001670
16 Feb 2015 20:39:05.052         0.003088         0.000429        -0.001490
16 Feb 2015 20:40:01.594         0.003161         0.000503        -0.001299
16 Feb 2015 20:40:54.302         0.003212         0.000567        -0.001121
16 Feb 2015 20:41:48.275         0.003246         0.000629        -0.000937
16 Feb 2015 20:42:48.712         0.003266         0.000694        -0.000726
16 Feb 2015 20:43:44.875         0.003267         0.000750        -0.000525
16 Feb 2015 20:44:48.024         0.003248         0.000809        -0.000299
16 Feb 2015 20:45:52.549         0.003206         0.000861        -0.000072
16 Feb 2015 20:46:53.172         0.003149         0.000903         0.000134
16 Feb 2015 20:47:49.176         0.003081         0.000935         0.000316
16 Feb 2015 20:48:55.845         0.002984         0.000966         0.000521
16 Feb 2015 20:50:15.840         0.002848         0.000992         0.000748
16 Feb 2015 20:51:38.239         0.002691         0.001008         0.000959
16 Feb 2015 20:53:02.903         0.002516         0.001013         0.001149
16 Feb 2015 20:54:30.079         0.002326         0.001008         0.001317
16 Feb 2015 20:56:00.019         0.002126         0.000994         0.001461
16 Feb 2015 20:57:32.967         0.001918         0.000971         0.001582
16 Feb 2015 20:59:09.156         0.001707         0.000941         0.001680
16 Feb 2015 21:00:48.808         0.001496         0.000903         0.001753
16 Feb 2015 21:02:32.140         0.001287         0.000860         0.001805
16 Feb 2015 21:04:19.367         0.001083         0.000813         0.001835
16 Feb 2015 21:06:10.708         0.000887         0.000763         0.001846
16 Feb 2015 21:08:06.399         0.000700         0.000710         0.001840
16 Feb 2015 21:10:06.700         0.000523         0.000655         0.001819
16 Feb 2015 21:12:11.908         0.000358         0.000600         0.001784
16 Feb 2015 21:14:22.376         0.000204         0.000545         0.001738
16 Feb 2015 21:16:38.535         0.000062         0.000490         0.001682
16 Feb 2015 21:18:36.672        -0.000047         0.000446         0.001630
16 Feb 2015 21:20:34.637        -0.000145         0.000403         0.001575
16 Feb 2015 21:22:28.500        -0.000230         0.000365         0.001520
16 Feb 2015 21:24:40.325        -0.000318         0.000323         0.001457
16 Feb 2015 21:27:01.287        -0.000401         0.000281         0.001389
16 Feb 2015 21:29:29.972        -0.000478         0.000240         0.001319
16 Feb 2015 21:32:05.333        -0.000549         0.000200         0.001246
16 Feb 2015 21:34:46.699        -0.000614         0.000162         0.001173
16 Feb 2015 21:37:33.563        -0.000673         0.000126         0.001100
16 Feb 2015 21:40:25.487        -0.000726         0.000090         0.001027
16 Feb 2015 21:43:22.058        -0.000775         0.000057         0.000955
16 Feb 2015 21:46:22.864        -0.000819         0.000024         0.000883
16 Feb 2015 21:49:27.484        -0.000861        -0.000007         0.000812
16 Feb 2015 21:51:56.781        -0.000891        -0.000031         0.000756
16 Feb 2015 21:54:25.658        -0.000920        -0.000054         0.000701
16 Feb 2015 21:57:21.354        -0.000951        -0.000081         0.000637
16 Feb 2015 22:00:26.962        -0.000983        -0.000108         0.000570
16 Feb 2015 22:03:38.944        -0.001014        -0.000136         0.000501
16 Feb 2015 22:06:52.433        -0.001043        -0.000164         0.000431
16 Feb 2015 22:10:04.261        -0.001072        -0.000192         0.000360
16 Feb 2015 22:13:13.899        -0.001099        -0.000220         0.000288
16 Feb 2015 22:16:20.696        -0.001124        -0.000247         0.000214
16 Feb 2015 22:19:23.996        -0.001149        -0.000275         0.000138
16 Feb 2015 22:22:23.106        -0.001172        -0.000304         0.000059
16 Feb 2015 22:25:18.182        -0.001192        -0.000332        -0.000022
16 Feb 2015 22:27:39.334        -0.001208        -0.000356        -0.000092
16 Feb 2015 22:30:00.572        -0.001222        -0.000381        -0.000166
16 Feb 2015 22:32:49.937        -0.001236        -0.000412        -0.000262
16 Feb 2015 22:35:48.423        -0.001247        -0.000446        -0.000372
16 Feb 2015 22:38:42.819        -0.001253        -0.000480        -0.000489
16 Feb 2015 22:41:33.104        -0.001251        -0.000515        -0.000615
16 Feb 2015 22:44:19.309        -0.001241        -0.000550        -0.000750
16 Feb 2015 22:47:01.595        -0.001219        -0.000585        -0.000894
16 Feb 2015 22:49:40.296        -0.001185        -0.000619        -0.001048
16 Feb 2015 22:52:16.008        -0.001135        -0.000651        -0.001212
16 Feb 2015 22:54:49.813        -0.001065        -0.000681        -0.001386
16 Feb 2015 22:57:14.700        -0.000976        -0.000706        -0.001562
16 Feb 2015 22:59:31.650        -0.000868        -0.000725        -0.001736
16 Feb 2015 23:01:41.662        -0.000738        -0.000738        -0.001907
16 Feb 2015 23:03:45.481        -0.000587        -0.000743        -0.002072
16 Feb 2015 23:05:43.696        -0.000414        -0.000739        -0.002228
16 Feb 2015 23:07:32.529        -0.000228        -0.000727        -0.002366
16 Feb 2015 23:09:11.621        -0.000035        -0.000707        -0.002482
16 Feb 2015 23:10:24.565         0.000122        -0.000686        -0.002560
16 Feb 2015 23:11:37.843         0.000293        -0.000659        -0.002630
16 Feb 2015 23:12:58.836         0.000496        -0.000621        -0.002694
16 Feb 2015 23:14:24.465         0.000726        -0.000572        -0.002743
16 Feb 2015 23:15:51.076         0.000974        -0.000512        -0.002770
16 Feb 2015 23:17:16.972         0.001230        -0.000442        -0.002770
16 Feb 2015 23:18:40.858         0.001489        -0.000364        -0.002741
16 Feb 2015 23:20:02.891         0.001744        -0.000277        -0.002681
16 Feb 2015 23:21:23.253         0.001992        -0.000184        -0.002590
16 Feb 2015 23:22:42.468         0.002229        -0.000086        -0.002469
16 Feb 2015 23:23:48.474         0.002417         0.000001        -0.002343
16 Feb 2015 23:24:27.596         0.002524         0.000054        -0.002257
16 Feb 2015 23:25:06.305         0.002625         0.000107        -0.002165
16 Feb 2015 23:26:02.023         0.002761         0.000185        -0.002017
16 Feb 2015 23:26:58.700         0.002889         0.000266        -0.001849
16 Feb 2015 23:27:51.343         0.002994         0.000342        -0.001680
16 Feb 2015 23:28:44.840         0.003084         0.000416        -0.001501
16 Feb 2015 23:29:41.635         0.003159         0.000490        -0.001310
16 Feb 2015 23:30:34.737         0.003210         0.000554        -0.001131
16 Feb 2015 23:31:29.068         0.003246         0.000616        -0.000946
16 Feb 2015 23:32:29.969         0.003267         0.000682        -0.000734
16 Feb 2015 23:33:26.500         0.003269         0.000739        -0.000533
16 Feb 2015 23:34:29.717         0.003251         0.000798        -0.000307
16 Feb 2015 23:35:34.860         0.003210         0.000851        -0.000079
16 Feb 2015 23:36:35.867         0.003153         0.000893         0.000128
16 Feb 2015 23:37:32.515         0.003086         0.000926         0.000313
16 Feb 2015 23:38:38.972         0.002990         0.000958         0.000517
16 Feb 2015 23:39:59.230         0.002856         0.000985         0.000746
16 Feb 2015 23:41:21.620         0.002700         0.001002         0.000957
16 Feb 2015 23:42:46.234         0.002526         0.001008         0.001147
16 Feb 2015 23:44:13.309         0.002337         0.001005         0.001317
16 Feb 2015 23:45:43.092         0.002138         0.000992         0.001463
16 Feb 2015 23:47:15.819         0.001932         0.000970         0.001585
16 Feb 2015 23:48:51.718         0.001721         0.000941         0.001684
16 Feb 2015 23:50:31.008         0.001510         0.000905         0.001760
16 Feb 2015 23:52:13.900         0.001301         0.000863         0.001814
16 Feb 2015 23:54:00.604         0.001097         0.000817         0.001846
16 Feb 2015 23:55:51.336         0.000900         0.000767         0.001860
16 Feb 2015 23:57:46.324         0.000712         0.000715         0.001856
16 Feb 2015 23:59:45.820         0.000534         0.000661         0.001836
17 Feb 2015 00:01:50.111         0.000367         0.000607         0.001803
17 Feb 2015 00:03:59.537         0.000211         0.000552         0.001758
17 Feb 2015 00:06:14.517         0.000067         0.000498         0.001704
17 Feb 2015 00:08:14.308        -0.000047         0.000452         0.001651
17 Feb 2015 00:10:13.893        -0.000149         0.000409         0.001596
17 Feb 2015 00:12:07.443        -0.000236         0.000370         0.001542
17 Feb 2015 00:14:19.014        -0.000326         0.000328         0.001478
17 Feb 2015 00:16:39.377        -0.000411         0.000285         0.001410
17 Feb 2015 00:19:07.146        -0.000491         0.000244         0.001339
17 Feb 2015 00:21:41.275        -0.000564         0.000204         0.001266
17 Feb 2015 00:24:21.113        -0.000630         0.000165         0.001192
17 Feb 2015 00:27:06.161        -0.000691         0.000128         0.001118
17 Feb 2015 00:29:55.993        -0.000746         0.000092         0.001044
17 Feb 2015 00:32:50.203        -0.000797         0.000058         0.000971
17 Feb 2015 00:35:48.392        -0.000843         0.000025         0.000898
17 Feb 2015 00:38:50.150        -0.000886        -0.000007         0.000826
17 Feb 2015 00:41:19.449        -0.000918        -0.000033         0.000768
17 Feb 2015 00:43:48.287        -0.000948        -0.000057         0.000710
17 Feb 2015 00:46:42.531        -0.000981        -0.000084         0.000644
17 Feb 2015 00:49:45.943        -0.001014        -0.000113         0.000575
17 Feb 2015 00:52:55.090        -0.001046        -0.000142         0.000503
17 Feb 2015 00:56:04.237        -0.001077        -0.000170         0.000431
17 Feb 2015 00:59:11.800        -0.001106        -0.000199         0.000358
17 Feb 2015 01:02:17.216        -0.001134        -0.000227         0.000283
17 Feb 2015 01:05:19.867        -0.001160        -0.000256         0.000206
17 Feb 2015 01:08:19.131        -0.001184        -0.000285         0.000127
17 Feb 2015 01:11:14.347        -0.001207        -0.000314         0.000046
17 Feb 2015 01:13:45.420        -0.001225        -0.000340        -0.000029
17 Feb 2015 01:16:16.562        -0.001242        -0.000366        -0.000108
17 Feb 2015 01:18:40.468        -0.001256        -0.000393        -0.000188
17 Feb 2015 01:21:31.920        -0.001270        -0.000425        -0.000291
17 Feb 2015 01:24:25.910        -0.001279        -0.000460        -0.000405
17 Feb 2015 01:27:15.953        -0.001282        -0.000495        -0.000526
17 Feb 2015 01:30:02.015        -0.001277        -0.000530        -0.000655
17 Feb 2015 01:32:44.054        -0.001263        -0.000565        -0.000793
17 Feb 2015 01:35:22.387        -0.001238        -0.000599        -0.000941
17 Feb 2015 01:37:57.353        -0.001199        -0.000633        -0.001097
17 Feb 2015 01:40:29.297        -0.001144        -0.000664        -0.001263
17 Feb 2015 01:42:58.227        -0.001069        -0.000693        -0.001438
17 Feb 2015 01:45:18.930        -0.000975        -0.000717        -0.001613
17 Feb 2015 01:47:32.370        -0.000861        -0.000735        -0.001786
17 Feb 2015 01:49:39.382        -0.000726        -0.000746        -0.001955
17 Feb 2015 01:51:40.607        -0.000570        -0.000749        -0.002117
17 Feb 2015 01:53:36.566        -0.000393        -0.000744        -0.002270
17 Feb 2015 01:55:24.739        -0.000201        -0.000730        -0.002405
17 Feb 2015 01:57:03.090        -0.000003        -0.000708        -0.002518
17 Feb 2015 01:57:56.932         0.000115        -0.000692        -0.002575
17 Feb 2015 01:58:51.123         0.000241        -0.000673        -0.002627
17 Feb 2015 02:00:11.521         0.000440        -0.000637        -0.002693
17 Feb 2015 02:01:36.021         0.000665        -0.000591        -0.002745
17 Feb 2015 02:03:02.263         0.000909        -0.000534        -0.002777
17 Feb 2015 02:04:28.326         0.001165        -0.000467        -0.002782
17 Feb 2015 02:05:52.709         0.001423        -0.000391        -0.002759
17 Feb 2015 02:07:15.203         0.001680        -0.000307        -0.002706
17 Feb 2015 02:08:35.986         0.001930        -0.000216        -0.002622
17 Feb 2015 02:09:55.458         0.002170        -0.000119        -0.002508
17 Feb 2015 02:11:06.118         0.002374        -0.000028        -0.002379
17 Feb 2015 02:12:02.155         0.002527         0.000047        -0.002258
17 Feb 2015 02:12:58.062         0.002671         0.000124        -0.002121
17 Feb 2015 02:13:51.580         0.002799         0.000199        -0.001974
17 Feb 2015 02:14:45.663         0.002917         0.000276        -0.001810
17 Feb 2015 02:15:38.027         0.003017         0.000350        -0.001640
17 Feb 2015 02:16:32.726         0.003104         0.000425        -0.001457
17 Feb 2015 02:17:28.451         0.003173         0.000496        -0.001270
17 Feb 2015 02:18:21.613         0.003220         0.000559        -0.001092
17 Feb 2015 02:19:18.398         0.003254         0.000623        -0.000898
17 Feb 2015 02:20:19.734         0.003271         0.000688        -0.000683
17 Feb 2015 02:21:17.179         0.003268         0.000745        -0.000479
17 Feb 2015 02:22:23.540         0.003244         0.000804        -0.000243
17 Feb 2015 02:23:27.002         0.003199         0.000854        -0.000023
17 Feb 2015 02:24:17.181         0.003151         0.000888         0.000146
17 Feb 2015 02:25:07.188         0.003091         0.000918         0.000308
17 Feb 2015 02:26:15.525         0.002994         0.000950         0.000519
17 Feb 2015 02:27:35.896         0.002860         0.000979         0.000747
17 Feb 2015 02:28:58.316         0.002705         0.000996         0.000958
17 Feb 2015 02:30:22.922         0.002533         0.001003         0.001150
17 Feb 2015 02:31:49.943         0.002345         0.001001         0.001320
17 Feb 2015 02:33:19.618         0.002147         0.000989         0.001467
17 Feb 2015 02:34:52.179         0.001941         0.000968         0.001591
17 Feb 2015 02:36:27.847         0.001731         0.000940         0.001691
17 Feb 2015 02:38:06.835         0.001520         0.000905         0.001768
17 Feb 2015 02:39:49.349         0.001312         0.000865         0.001824
17 Feb 2015 02:41:35.598         0.001107         0.000819         0.001858
17 Feb 2015 02:43:25.789         0.000910         0.000771         0.001873
17 Feb 2015 02:45:20.146         0.000721         0.000719         0.001871
17 Feb 2015 02:47:18.912         0.000542         0.000666         0.001853
17 Feb 2015 02:49:22.367         0.000373         0.000612         0.001822
17 Feb 2015 02:51:30.841         0.000216         0.000558         0.001779
17 Feb 2015 02:53:44.739         0.000070         0.000504         0.001726
17 Feb 2015 02:55:45.708        -0.000048         0.000458         0.001673
17 Feb 2015 02:57:46.459        -0.000154         0.000414         0.001617
17 Feb 2015 02:59:40.316        -0.000243         0.000374         0.001562
17 Feb 2015 03:01:51.780        -0.000336         0.000331         0.001498
17 Feb 2015 03:04:11.665        -0.000423         0.000289         0.001430
17 Feb 2015 03:06:38.589        -0.000505         0.000247         0.001358
17 Feb 2015 03:09:11.548        -0.000580         0.000206         0.001285
17 Feb 2015 03:11:49.908        -0.000648         0.000167         0.001211
17 Feb 2015 03:14:33.186        -0.000711         0.000129         0.001136
17 Feb 2015 03:17:20.968        -0.000768         0.000093         0.001061
17 Feb 2015 03:20:12.863        -0.000820         0.000058         0.000986
17 Feb 2015 03:23:08.484        -0.000868         0.000024         0.000912
17 Feb 2015 03:26:07.434        -0.000913        -0.000008         0.000838
17 Feb 2015 03:28:37.795        -0.000947        -0.000035         0.000778
17 Feb 2015 03:31:07.666        -0.000979        -0.000060         0.000718
17 Feb 2015 03:34:00.728        -0.001014        -0.000089         0.000649
17 Feb 2015 03:37:02.078        -0.001048        -0.000118         0.000577
17 Feb 2015 03:40:08.167        -0.001081        -0.000148         0.000503
17 Feb 2015 03:43:13.064        -0.001113        -0.000177         0.000428
17 Feb 2015 03:46:16.426        -0.001142        -0.000207         0.000352
17 Feb 2015 03:49:17.665        -0.001171        -0.000236         0.000275
17 Feb 2015 03:52:16.207        -0.001197        -0.000265         0.000195
17 Feb 2015 03:55:11.458        -0.001222        -0.000295         0.000113
17 Feb 2015 03:58:03.780        -0.001244        -0.000325         0.000028
17 Feb 2015 04:00:23.912        -0.001261        -0.000350        -0.000046
17 Feb 2015 04:02:44.114        -0.001277        -0.000376        -0.000123
17 Feb 2015 04:05:15.041        -0.001291        -0.000405        -0.000213
17 Feb 2015 04:08:08.337        -0.001303        -0.000439        -0.000323
17 Feb 2015 04:10:57.913        -0.001310        -0.000474        -0.000440
17 Feb 2015 04:13:43.684        -0.001311        -0.000510        -0.000566
17 Feb 2015 04:16:25.398        -0.001303        -0.000545        -0.000699
17 Feb 2015 04:19:03.517        -0.001285        -0.000580        -0.000841
17 Feb 2015 04:21:37.981        -0.001255        -0.000614        -0.000991
17 Feb 2015 04:24:09.876        -0.001211        -0.000647        -0.001151
17 Feb 2015 04:26:36.683        -0.001150        -0.000678        -0.001317
17 Feb 2015 04:29:00.933        -0.001070        -0.000705        -0.001492
17 Feb 2015 04:31:17.725        -0.000971        -0.000727        -0.001666
17 Feb 2015 04:33:27.839        -0.000851        -0.000744        -0.001837
17 Feb 2015 04:35:31.980        -0.000712        -0.000753        -0.002004
17 Feb 2015 04:37:30.704        -0.000551        -0.000755        -0.002164
17 Feb 2015 04:39:24.475        -0.000369        -0.000748        -0.002312
17 Feb 2015 04:41:11.917        -0.000171        -0.000732        -0.002445
17 Feb 2015 04:42:49.881         0.000033        -0.000709        -0.002555
17 Feb 2015 04:44:00.078         0.000193        -0.000685        -0.002625
17 Feb 2015 04:45:10.511         0.000365        -0.000656        -0.002685
17 Feb 2015 04:46:33.636         0.000583        -0.000614        -0.002742
17 Feb 2015 04:47:59.254         0.000821        -0.000561        -0.002780
17 Feb 2015 04:49:25.251         0.001074        -0.000498        -0.002794
17 Feb 2015 04:50:50.341         0.001332        -0.000425        -0.002780
17 Feb 2015 04:52:13.483         0.001590        -0.000344        -0.002736
17 Feb 2015 04:53:34.858         0.001843        -0.000255        -0.002661
17 Feb 2015 04:54:54.753         0.002087        -0.000161        -0.002557
17 Feb 2015 04:56:14.453         0.002320        -0.000061        -0.002420
17 Feb 2015 04:57:16.089         0.002491         0.000020        -0.002292
17 Feb 2015 04:58:17.849         0.002651         0.000104        -0.002144
17 Feb 2015 04:59:11.011         0.002780         0.000179        -0.002000
17 Feb 2015 05:00:04.898         0.002899         0.000255        -0.001839
17 Feb 2015 05:00:57.138         0.003002         0.000329        -0.001672
17 Feb 2015 05:01:51.463         0.003091         0.000402        -0.001491
17 Feb 2015 05:02:48.013         0.003164         0.000475        -0.001302
17 Feb 2015 05:03:41.677         0.003214         0.000539        -0.001123
17 Feb 2015 05:04:37.802         0.003250         0.000602        -0.000932
17 Feb 2015 05:05:41.583         0.003271         0.000671        -0.000710
17 Feb 2015 05:06:39.103         0.003271         0.000728        -0.000506
17 Feb 2015 05:07:44.833         0.003250         0.000788        -0.000273
17 Feb 2015 05:08:49.418         0.003208         0.000840        -0.000048
17 Feb 2015 05:09:43.999         0.003157         0.000878         0.000136
17 Feb 2015 05:10:38.464         0.003094         0.000910         0.000312
17 Feb 2015 05:11:46.132         0.002998         0.000943         0.000520
17 Feb 2015 05:13:06.570         0.002865         0.000972         0.000749
17 Feb 2015 05:14:29.015         0.002712         0.000990         0.000960
17 Feb 2015 05:15:53.606         0.002540         0.000998         0.001152
17 Feb 2015 05:17:20.565         0.002353         0.000997         0.001323
17 Feb 2015 05:18:50.124         0.002156         0.000986         0.001471
17 Feb 2015 05:20:22.508         0.001951         0.000966         0.001596
17 Feb 2015 05:21:57.932         0.001742         0.000939         0.001698
17 Feb 2015 05:23:36.605         0.001531         0.000906         0.001777
17 Feb 2015 05:25:18.730         0.001323         0.000866         0.001834
17 Feb 2015 05:27:04.506         0.001118         0.000822         0.001870
17 Feb 2015 05:28:54.139         0.000920         0.000774         0.001887
17 Feb 2015 05:30:47.845         0.000730         0.000724         0.001887
17 Feb 2015 05:32:45.862         0.000550         0.000672         0.001871
17 Feb 2015 05:34:48.460         0.000380         0.000618         0.001841
17 Feb 2015 05:36:55.956         0.000220         0.000564         0.001800
17 Feb 2015 05:39:08.745         0.000072         0.000511         0.001748
17 Feb 2015 05:41:11.150        -0.000050         0.000463         0.001695
17 Feb 2015 05:43:13.342        -0.000159         0.000418         0.001638
17 Feb 2015 05:45:07.551        -0.000251         0.000379         0.001583
17 Feb 2015 05:47:18.897        -0.000346         0.000335         0.001519
17 Feb 2015 05:49:38.276        -0.000436         0.000292         0.001450
17 Feb 2015 05:52:04.321        -0.000520         0.000250         0.001378
17 Feb 2015 05:54:36.070        -0.000597         0.000209         0.001304
17 Feb 2015 05:57:12.911        -0.000667         0.000169         0.001229
17 Feb 2015 05:59:54.385        -0.000732         0.000131         0.001153
17 Feb 2015 06:02:40.091        -0.000791         0.000094         0.001078
17 Feb 2015 06:05:29.651        -0.000845         0.000058         0.001002
17 Feb 2015 06:08:22.691        -0.000895         0.000024         0.000926
17 Feb 2015 06:11:18.830        -0.000941        -0.000010         0.000851
17 Feb 2015 06:13:50.036        -0.000977        -0.000037         0.000787
17 Feb 2015 06:16:20.778        -0.001011        -0.000064         0.000724
17 Feb 2015 06:19:12.506        -0.001047        -0.000094         0.000653
17 Feb 2015 06:22:11.659        -0.001083        -0.000124         0.000579
17 Feb 2015 06:25:13.601        -0.001117        -0.000154         0.000503
17 Feb 2015 06:28:14.417        -0.001149        -0.000185         0.000425
17 Feb 2015 06:31:13.701        -0.001180        -0.000215         0.000347
17 Feb 2015 06:34:10.902        -0.001208        -0.000245         0.000266
17 Feb 2015 06:37:05.483        -0.001235        -0.000275         0.000184
17 Feb 2015 06:39:56.884        -0.001260        -0.000306         0.000098
17 Feb 2015 06:42:47.023        -0.001282        -0.000337         0.000009
17 Feb 2015 06:44:47.183        -0.001297        -0.000359        -0.000058
17 Feb 2015 06:46:47.468        -0.001310        -0.000383        -0.000128
17 Feb 2015 06:49:21.888        -0.001324        -0.000413        -0.000224
17 Feb 2015 06:52:11.389        -0.001336        -0.000448        -0.000337
17 Feb 2015 06:54:57.310        -0.001341        -0.000483        -0.000458
17 Feb 2015 06:57:33.681        -0.001340        -0.000518        -0.000580
17 Feb 2015 07:00:12.394        -0.001331        -0.000553        -0.000716
17 Feb 2015 07:02:47.359        -0.001311        -0.000588        -0.000860
17 Feb 2015 07:05:18.763        -0.001279        -0.000622        -0.001011
17 Feb 2015 07:07:46.860        -0.001233        -0.000655        -0.001171
17 Feb 2015 07:10:13.619        -0.001169        -0.000686        -0.001341
17 Feb 2015 07:12:34.894        -0.001087        -0.000713        -0.001515
17 Feb 2015 07:14:49.231        -0.000985        -0.000735        -0.001689
17 Feb 2015 07:16:57.273        -0.000864        -0.000751        -0.001859
17 Feb 2015 07:18:59.650        -0.000723        -0.000760        -0.002025
17 Feb 2015 07:20:56.867        -0.000560        -0.000761        -0.002183
17 Feb 2015 07:22:49.351        -0.000378        -0.000754        -0.002331
17 Feb 2015 07:24:37.475        -0.000176        -0.000738        -0.002464
17 Feb 2015 07:26:15.819         0.000032        -0.000714        -0.002573
17 Feb 2015 07:27:25.497         0.000193        -0.000691        -0.002642
17 Feb 2015 07:28:35.408         0.000365        -0.000662        -0.002701
17 Feb 2015 07:29:58.196         0.000583        -0.000620        -0.002756
17 Feb 2015 07:31:23.512         0.000822        -0.000567        -0.002792
17 Feb 2015 07:32:49.254         0.001075        -0.000503        -0.002804
17 Feb 2015 07:34:14.302         0.001334        -0.000431        -0.002788
17 Feb 2015 07:35:37.438         0.001592        -0.000350        -0.002743
17 Feb 2015 07:36:58.819         0.001845        -0.000262        -0.002667
17 Feb 2015 07:38:18.767         0.002088        -0.000168        -0.002561
17 Feb 2015 07:39:38.727         0.002322        -0.000068        -0.002423
17 Feb 2015 07:40:41.612         0.002496         0.000014        -0.002292
17 Feb 2015 07:41:44.487         0.002658         0.000100        -0.002141
17 Feb 2015 07:42:41.725         0.002796         0.000179        -0.001984
17 Feb 2015 07:43:34.507         0.002911         0.000253        -0.001825
17 Feb 2015 07:44:26.699         0.003011         0.000326        -0.001657
17 Feb 2015 07:45:21.893         0.003100         0.000400        -0.001474
17 Feb 2015 07:46:18.171         0.003170         0.000471        -0.001287
17 Feb 2015 07:47:12.159         0.003219         0.000535        -0.001106
17 Feb 2015 07:48:09.950         0.003255         0.000600        -0.000910
17 Feb 2015 07:49:12.096         0.003273         0.000666        -0.000694
17 Feb 2015 07:50:10.309         0.003272         0.000724        -0.000487
17 Feb 2015 07:51:17.555         0.003249         0.000784        -0.000250
17 Feb 2015 07:52:21.910         0.003206         0.000835        -0.000027
17 Feb 2015 07:53:13.529         0.003158         0.000871         0.000146
17 Feb 2015 07:54:04.996         0.003098         0.000902         0.000312
17 Feb 2015 07:55:13.877         0.003001         0.000936         0.000524
17 Feb 2015 07:56:34.379         0.002869         0.000965         0.000752
17 Feb 2015 07:57:56.863         0.002716         0.000984         0.000964
17 Feb 2015 07:59:21.454         0.002545         0.000993         0.001156
17 Feb 2015 08:00:48.367         0.002360         0.000992         0.001327
17 Feb 2015 08:02:17.827         0.002164         0.000983         0.001476
17 Feb 2015 08:03:50.053         0.001960         0.000964         0.001602
17 Feb 2015 08:05:25.254         0.001751         0.000938         0.001705
17 Feb 2015 08:07:03.634         0.001541         0.000906         0.001786
17 Feb 2015 08:08:45.388         0.001332         0.000868         0.001845
17 Feb 2015 08:10:30.714         0.001127         0.000825         0.001883
17 Feb 2015 08:12:19.810         0.000929         0.000778         0.001902
17 Feb 2015 08:14:12.889         0.000738         0.000728         0.001903
17 Feb 2015 08:16:10.179         0.000556         0.000677         0.001889
17 Feb 2015 08:18:11.942         0.000385         0.000624         0.001861
17 Feb 2015 08:20:18.489         0.000224         0.000570         0.001820
17 Feb 2015 08:22:30.202         0.000074         0.000517         0.001770
17 Feb 2015 08:24:47.589        -0.000066         0.000464         0.001710
17 Feb 2015 08:26:51.399        -0.000178         0.000418         0.001653
17 Feb 2015 08:28:49.274        -0.000274         0.000377         0.001596
17 Feb 2015 08:31:01.672        -0.000371         0.000333         0.001531
17 Feb 2015 08:33:21.464        -0.000463         0.000290         0.001461
17 Feb 2015 08:35:47.376        -0.000547         0.000247         0.001388
17 Feb 2015 08:38:18.567        -0.000625         0.000205         0.001313
17 Feb 2015 08:40:54.480        -0.000697         0.000165         0.001237
17 Feb 2015 08:43:34.687        -0.000763         0.000127         0.001161
17 Feb 2015 08:46:18.811        -0.000823         0.000089         0.001084
17 Feb 2015 08:49:06.488        -0.000878         0.000053         0.001007
17 Feb 2015 08:51:57.359        -0.000929         0.000018         0.000930
17 Feb 2015 08:54:51.055        -0.000976        -0.000016         0.000853
17 Feb 2015 08:57:45.700        -0.001020        -0.000049         0.000777
17 Feb 2015 09:00:23.025        -0.001056        -0.000077         0.000708
17 Feb 2015 09:03:15.875        -0.001094        -0.000108         0.000633
17 Feb 2015 09:06:14.127        -0.001130        -0.000140         0.000555
17 Feb 2015 09:09:11.704        -0.001165        -0.000171         0.000476
17 Feb 2015 09:12:08.106        -0.001197        -0.000202         0.000396
17 Feb 2015 09:15:02.821        -0.001228        -0.000233         0.000314
17 Feb 2015 09:17:55.343        -0.001256        -0.000264         0.000230
17 Feb 2015 09:20:45.161        -0.001282        -0.000295         0.000143
17 Feb 2015 09:23:31.747        -0.001306        -0.000327         0.000053
17 Feb 2015 09:25:58.271        -0.001325        -0.000355        -0.000030
17 Feb 2015 09:28:24.845        -0.001341        -0.000384        -0.000119
17 Feb 2015 09:30:44.376        -0.001355        -0.000413        -0.000208
17 Feb 2015 09:33:31.016        -0.001367        -0.000448        -0.000322
17 Feb 2015 09:36:13.907        -0.001373        -0.000484        -0.000443
17 Feb 2015 09:38:53.602        -0.001371        -0.000519        -0.000572
17 Feb 2015 09:41:29.723        -0.001362        -0.000555        -0.000708
17 Feb 2015 09:44:02.260        -0.001342        -0.000590        -0.000852
17 Feb 2015 09:46:31.305        -0.001311        -0.000625        -0.001004
17 Feb 2015 09:48:57.050        -0.001265        -0.000658        -0.001163
17 Feb 2015 09:51:19.829        -0.001203        -0.000688        -0.001331
17 Feb 2015 09:53:34.081        -0.001126        -0.000715        -0.001497
17 Feb 2015 09:55:47.505        -0.001027        -0.000737        -0.001670
17 Feb 2015 09:57:54.950        -0.000909        -0.000754        -0.001841
17 Feb 2015 09:59:56.891        -0.000771        -0.000765        -0.002007
17 Feb 2015 10:01:53.809        -0.000612        -0.000768        -0.002166
17 Feb 2015 10:03:46.112        -0.000433        -0.000763        -0.002315
17 Feb 2015 10:05:34.158        -0.000235        -0.000749        -0.002450
17 Feb 2015 10:07:15.919        -0.000023        -0.000726        -0.002566
17 Feb 2015 10:08:23.901         0.000131        -0.000705        -0.002635
17 Feb 2015 10:09:32.170         0.000297        -0.000679        -0.002695
17 Feb 2015 10:10:52.330         0.000505        -0.000641        -0.002753
17 Feb 2015 10:12:16.736         0.000738        -0.000592        -0.002795
17 Feb 2015 10:13:42.246         0.000987        -0.000532        -0.002814
17 Feb 2015 10:15:07.399         0.001245        -0.000463        -0.002807
17 Feb 2015 10:16:31.187         0.001504        -0.000385        -0.002770
17 Feb 2015 10:17:53.158         0.001759        -0.000300        -0.002703
17 Feb 2015 10:19:13.573         0.002006        -0.000208        -0.002607
17 Feb 2015 10:20:33.361         0.002243        -0.000111        -0.002479
17 Feb 2015 10:21:40.626         0.002432        -0.000025        -0.002347
17 Feb 2015 10:22:48.184         0.002611         0.000065        -0.002191
17 Feb 2015 10:23:40.225         0.002739         0.000137        -0.002055
17 Feb 2015 10:24:33.009         0.002860         0.000210        -0.001902
17 Feb 2015 10:25:24.833         0.002966         0.000282        -0.001740
17 Feb 2015 10:26:18.153         0.003059         0.000355        -0.001566
17 Feb 2015 10:27:16.398         0.003141         0.000430        -0.001372
17 Feb 2015 10:28:11.349         0.003200         0.000497        -0.001190
17 Feb 2015 10:29:06.786         0.003241         0.000560        -0.001004
17 Feb 2015 10:30:08.774         0.003269         0.000628        -0.000791
17 Feb 2015 10:31:06.995         0.003277         0.000687        -0.000586
17 Feb 2015 10:32:09.377         0.003266         0.000746        -0.000366
17 Feb 2015 10:33:19.048         0.003230         0.000805        -0.000122
17 Feb 2015 10:34:21.883         0.003178         0.000851         0.000091
17 Feb 2015 10:35:21.519         0.003112         0.000889         0.000285
17 Feb 2015 10:36:25.064         0.003027         0.000922         0.000482
17 Feb 2015 10:37:45.269         0.002900         0.000953         0.000713
17 Feb 2015 10:39:07.408         0.002752         0.000975         0.000928
17 Feb 2015 10:40:31.585         0.002585         0.000987         0.001125
17 Feb 2015 10:41:57.995         0.002403         0.000989         0.001301
17 Feb 2015 10:43:26.857         0.002210         0.000982         0.001455
17 Feb 2015 10:44:58.385         0.002007         0.000966         0.001586
17 Feb 2015 10:46:32.785         0.001800         0.000943         0.001695
17 Feb 2015 10:48:10.253         0.001590         0.000913         0.001781
17 Feb 2015 10:49:50.983         0.001381         0.000877         0.001846
17 Feb 2015 10:51:35.166         0.001175         0.000836         0.001890
17 Feb 2015 10:53:22.994         0.000975         0.000790         0.001914
17 Feb 2015 10:55:14.669         0.000782         0.000742         0.001920
17 Feb 2015 10:57:10.412         0.000597         0.000692         0.001911
17 Feb 2015 10:59:10.467         0.000422         0.000640         0.001887
17 Feb 2015 11:01:15.126         0.000258         0.000587         0.001850
17 Feb 2015 11:03:24.744         0.000104         0.000533         0.001803
17 Feb 2015 11:05:39.793        -0.000040         0.000480         0.001746
17 Feb 2015 11:07:31.163        -0.000147         0.000438         0.001695
17 Feb 2015 11:09:22.417        -0.000244         0.000398         0.001642
17 Feb 2015 11:11:31.178        -0.000345         0.000354         0.001579
17 Feb 2015 11:13:47.718        -0.000441         0.000310         0.001510
17 Feb 2015 11:16:10.468        -0.000531         0.000267         0.001438
17 Feb 2015 11:18:38.429        -0.000614         0.000224         0.001363
17 Feb 2015 11:21:11.002        -0.000690         0.000183         0.001287
17 Feb 2015 11:23:47.750        -0.000760         0.000143         0.001209
17 Feb 2015 11:26:28.299        -0.000824         0.000105         0.001131
17 Feb 2015 11:29:12.298        -0.000883         0.000068         0.001053
17 Feb 2015 11:31:59.404        -0.000937         0.000032         0.000975
17 Feb 2015 11:34:49.265        -0.000988        -0.000004         0.000896
17 Feb 2015 11:37:03.117        -0.001024        -0.000030         0.000835
17 Feb 2015 11:39:16.183        -0.001059        -0.000056         0.000775
17 Feb 2015 11:42:00.399        -0.001098        -0.000087         0.000700
17 Feb 2015 11:44:52.302        -0.001137        -0.000120         0.000621
17 Feb 2015 11:47:46.711        -0.001175        -0.000152         0.000541
17 Feb 2015 11:50:40.232        -0.001209        -0.000184         0.000459
17 Feb 2015 11:53:32.495        -0.001242        -0.000216         0.000376
17 Feb 2015 11:56:23.025        -0.001272        -0.000247         0.000290
17 Feb 2015 11:59:11.343        -0.001301        -0.000279         0.000203
17 Feb 2015 12:01:56.975        -0.001326        -0.000311         0.000112
17 Feb 2015 12:04:40.451        -0.001349        -0.000344         0.000017
17 Feb 2015 12:06:47.131        -0.001365        -0.000370        -0.000060
17 Feb 2015 12:08:53.911        -0.001379        -0.000396        -0.000142
17 Feb 2015 12:11:26.121        -0.001393        -0.000429        -0.000245
17 Feb 2015 12:14:08.414        -0.001402        -0.000465        -0.000364
17 Feb 2015 12:16:47.308        -0.001405        -0.000501        -0.000490
17 Feb 2015 12:19:22.867        -0.001401        -0.000537        -0.000623
17 Feb 2015 12:21:54.954        -0.001387        -0.000573        -0.000763
17 Feb 2015 12:24:23.589        -0.001362        -0.000608        -0.000911
17 Feb 2015 12:26:48.867        -0.001325        -0.000642        -0.001066
17 Feb 2015 12:29:10.980        -0.001273        -0.000674        -0.001228
17 Feb 2015 12:31:12.898        -0.001214        -0.000700        -0.001376
17 Feb 2015 12:32:12.898        -0.001179        -0.000712        -0.001451
17 Feb 2015 12:33:58.289        -0.001107        -0.000732        -0.001588
17 Feb 2015 12:36:06.149        -0.000999        -0.000752        -0.001759
17 Feb 2015 12:38:09.053        -0.000871        -0.000766        -0.001927
17 Feb 2015 12:40:06.984        -0.000723        -0.000773        -0.002088
17 Feb 2015 12:42:00.342        -0.000555        -0.000772        -0.002241
17 Feb 2015 12:43:49.483        -0.000368        -0.000763        -0.002382
17 Feb 2015 12:45:34.724        -0.000162        -0.000745        -0.002508
17 Feb 2015 12:47:13.934         0.000055        -0.000719        -0.002613
17 Feb 2015 12:48:27.194         0.000229        -0.000693        -0.002680
17 Feb 2015 12:49:40.581         0.000416        -0.000660        -0.002735
17 Feb 2015 12:51:03.574         0.000639        -0.000615        -0.002780
17 Feb 2015 12:52:28.621         0.000881        -0.000560        -0.002805
17 Feb 2015 12:53:53.884         0.001133        -0.000495        -0.002805
17 Feb 2015 12:55:18.459         0.001390        -0.000421        -0.002777
17 Feb 2015 12:56:41.512         0.001644        -0.000339        -0.002719
17 Feb 2015 12:58:02.913         0.001890        -0.000251        -0.002632
17 Feb 2015 12:59:22.930         0.002126        -0.000158        -0.002516
17 Feb 2015 13:00:42.026         0.002347        -0.000061        -0.002371
17 Feb 2015 13:02:00.259         0.002550         0.000040        -0.002199
17 Feb 2015 13:03:01.353         0.002694         0.000119        -0.002047
17 Feb 2015 13:04:02.617         0.002824         0.000200        -0.001878
17 Feb 2015 13:05:08.817         0.002947         0.000286        -0.001682
17 Feb 2015 13:06:23.088         0.003058         0.000380        -0.001447
17 Feb 2015 13:07:35.720         0.003139         0.000468        -0.001207
17 Feb 2015 13:08:52.103         0.003194         0.000556        -0.000946
17 Feb 2015 13:10:06.615         0.003218         0.000634        -0.000687
17 Feb 2015 13:11:23.486         0.003212         0.000707        -0.000421
17 Feb 2015 13:12:37.281         0.003178         0.000769        -0.000170
17 Feb 2015 13:13:48.770         0.003122         0.000820         0.000065
17 Feb 2015 13:14:56.220         0.003050         0.000861         0.000277
17 Feb 2015 13:16:00.006         0.002966         0.000892         0.000467
17 Feb 2015 13:17:22.011         0.002839         0.000923         0.000694
17 Feb 2015 13:18:45.794         0.002693         0.000944         0.000904
17 Feb 2015 13:20:11.686         0.002528         0.000956         0.001095
17 Feb 2015 13:21:39.914         0.002349         0.000958         0.001266
17 Feb 2015 13:23:10.701         0.002159         0.000951         0.001415
17 Feb 2015 13:24:44.261         0.001961         0.000936         0.001543
17 Feb 2015 13:26:20.801         0.001758         0.000913         0.001648
17 Feb 2015 13:28:00.521         0.001553         0.000884         0.001732
17 Feb 2015 13:29:43.615         0.001349         0.000849         0.001794
17 Feb 2015 13:31:30.276         0.001149         0.000810         0.001837
17 Feb 2015 13:33:20.701         0.000954         0.000766         0.001860
17 Feb 2015 13:35:15.097         0.000766         0.000720         0.001866
17 Feb 2015 13:37:13.690         0.000586         0.000671         0.001857
17 Feb 2015 13:39:16.736         0.000416         0.000621         0.001834
17 Feb 2015 13:41:24.536         0.000255         0.000571         0.001799
17 Feb 2015 13:43:37.464         0.000105         0.000519         0.001754
17 Feb 2015 13:45:56.016        -0.000035         0.000468         0.001699
17 Feb 2015 13:47:47.986        -0.000138         0.000429         0.001652
17 Feb 2015 13:49:39.818        -0.000231         0.000391         0.001602
17 Feb 2015 13:51:50.361        -0.000329         0.000349         0.001541
17 Feb 2015 13:54:08.990        -0.000424         0.000306         0.001476
17 Feb 2015 13:56:34.022        -0.000512         0.000264         0.001407
17 Feb 2015 13:59:04.368        -0.000593         0.000223         0.001336
17 Feb 2015 14:01:39.376        -0.000669         0.000184         0.001263
17 Feb 2015 14:04:18.567        -0.000738         0.000145         0.001189
17 Feb 2015 14:07:01.540        -0.000803         0.000108         0.001114
17 Feb 2015 14:09:47.924        -0.000862         0.000071         0.001039
17 Feb 2015 14:12:37.353        -0.000917         0.000036         0.000963
17 Feb 2015 14:15:29.461        -0.000968         0.000002         0.000887
17 Feb 2015 14:17:40.307        -0.001004        -0.000024         0.000830
17 Feb 2015 14:19:49.965        -0.001038        -0.000048         0.000773
17 Feb 2015 14:22:35.091        -0.001079        -0.000079         0.000701
17 Feb 2015 14:25:28.998        -0.001120        -0.000111         0.000624
17 Feb 2015 14:25:56.294        -0.001126        -0.000116         0.000612
17 Feb 2015 14:26:56.294        -0.001139        -0.000127         0.000586
17 Feb 2015 14:29:55.493        -0.001178        -0.000159         0.000504
17 Feb 2015 14:32:49.191        -0.001213        -0.000191         0.000424
17 Feb 2015 14:35:41.430        -0.001246        -0.000223         0.000341
17 Feb 2015 14:38:31.572        -0.001278        -0.000255         0.000256
17 Feb 2015 14:41:19.168        -0.001306        -0.000287         0.000167
17 Feb 2015 14:44:03.759        -0.001333        -0.000319         0.000076
17 Feb 2015 14:46:46.189        -0.001356        -0.000352        -0.000020
17 Feb 2015 14:48:56.668        -0.001373        -0.000379        -0.000102
17 Feb 2015 14:51:07.209        -0.001387        -0.000407        -0.000189
17 Feb 2015 14:53:51.425        -0.001400        -0.000443        -0.000305
17 Feb 2015 14:56:25.667        -0.001408        -0.000478        -0.000423
17 Feb 2015 14:59:03.248        -0.001408        -0.000515        -0.000554
17 Feb 2015 15:01:37.271        -0.001400        -0.000552        -0.000692
17 Feb 2015 15:04:07.765        -0.001382        -0.000588        -0.000837
17 Feb 2015 15:06:34.806        -0.001351        -0.000623        -0.000990
17 Feb 2015 15:08:58.555        -0.001307        -0.000657        -0.001151
17 Feb 2015 15:11:19.284        -0.001246        -0.000688        -0.001319
17 Feb 2015 15:13:36.993        -0.001167        -0.000716        -0.001492
17 Feb 2015 15:15:45.048        -0.001071        -0.000739        -0.001661
17 Feb 2015 15:17:50.727        -0.000955        -0.000757        -0.001831
17 Feb 2015 15:19:51.240        -0.000819        -0.000769        -0.001997
17 Feb 2015 15:21:46.979        -0.000663        -0.000774        -0.002155
17 Feb 2015 15:23:38.324        -0.000487        -0.000770        -0.002304
17 Feb 2015 15:25:25.611        -0.000292        -0.000758        -0.002439
17 Feb 2015 15:27:09.145        -0.000079        -0.000737        -0.002557
17 Feb 2015 15:28:29.226         0.000103        -0.000714        -0.002638
17 Feb 2015 15:29:49.499         0.000299        -0.000683        -0.002707
17 Feb 2015 15:31:07.352         0.000502        -0.000646        -0.002760
17 Feb 2015 15:32:31.321         0.000734        -0.000597        -0.002797
17 Feb 2015 15:33:56.474         0.000981        -0.000538        -0.002812
17 Feb 2015 15:35:21.412         0.001236        -0.000470        -0.002800
17 Feb 2015 15:36:45.480         0.001493        -0.000393        -0.002760
17 Feb 2015 15:38:07.785         0.001745        -0.000310        -0.002689
17 Feb 2015 15:39:28.544         0.001988        -0.000220        -0.002590
17 Feb 2015 15:40:48.097         0.002218        -0.000126        -0.002462
17 Feb 2015 15:42:06.920         0.002432        -0.000027        -0.002305
17 Feb 2015 15:43:12.668         0.002598         0.000057        -0.002153
17 Feb 2015 15:44:18.843         0.002749         0.000143        -0.001982
17 Feb 2015 15:45:21.243         0.002875         0.000225        -0.001805
17 Feb 2015 15:46:29.822         0.002992         0.000313        -0.001596
17 Feb 2015 15:47:44.331         0.003093         0.000406        -0.001355
17 Feb 2015 15:48:57.380         0.003164         0.000492        -0.001110
17 Feb 2015 15:50:13.458         0.003207         0.000577        -0.000848
17 Feb 2015 15:51:28.429         0.003219         0.000653        -0.000588
17 Feb 2015 15:52:45.178         0.003202         0.000722        -0.000323
17 Feb 2015 15:53:57.943         0.003160         0.000780        -0.000079
17 Feb 2015 15:55:00.752         0.003104         0.000822         0.000124
17 Feb 2015 15:56:03.646         0.003033         0.000859         0.000319
17 Feb 2015 15:57:14.105         0.002936         0.000892         0.000525
17 Feb 2015 15:58:36.601         0.002805         0.000921         0.000748
17 Feb 2015 16:00:00.976         0.002653         0.000940         0.000953
17 Feb 2015 16:01:27.521         0.002485         0.000949         0.001139
17 Feb 2015 16:02:56.463         0.002303         0.000949         0.001304
17 Feb 2015 16:04:28.022         0.002111         0.000941         0.001448
17 Feb 2015 16:06:02.410         0.001911         0.000924         0.001570
17 Feb 2015 16:07:39.830         0.001708         0.000901         0.001670
17 Feb 2015 16:09:20.480         0.001503         0.000871         0.001748
17 Feb 2015 16:11:04.553         0.001300         0.000835         0.001805
17 Feb 2015 16:12:52.243         0.001101         0.000796         0.001843
17 Feb 2015 16:14:43.747         0.000907         0.000752         0.001862
17 Feb 2015 16:16:39.277         0.000721         0.000706         0.001864
17 Feb 2015 16:18:39.063         0.000544         0.000657         0.001852
17 Feb 2015 16:20:43.372         0.000376         0.000607         0.001826
17 Feb 2015 16:22:52.519         0.000218         0.000557         0.001788
17 Feb 2015 16:25:06.904         0.000070         0.000506         0.001741
17 Feb 2015 16:27:27.068        -0.000068         0.000456         0.001684
17 Feb 2015 16:29:33.478        -0.000179         0.000412         0.001629
17 Feb 2015 16:31:34.129        -0.000276         0.000372         0.001575
17 Feb 2015 16:33:48.745        -0.000373         0.000330         0.001512
17 Feb 2015 16:36:10.482        -0.000464         0.000288         0.001445
17 Feb 2015 16:38:38.024        -0.000550         0.000247         0.001375
17 Feb 2015 16:41:10.524        -0.000629         0.000207         0.001303
17 Feb 2015 16:43:47.428        -0.000702         0.000168         0.001230
17 Feb 2015 16:46:28.298        -0.000769         0.000130         0.001156
17 Feb 2015 16:49:12.749        -0.000831         0.000093         0.001081
17 Feb 2015 16:52:00.414        -0.000889         0.000058         0.001006
17 Feb 2015 16:54:50.928        -0.000943         0.000023         0.000930
17 Feb 2015 16:57:43.921        -0.000993        -0.000011         0.000854
17 Feb 2015 17:00:20.024        -0.001035        -0.000041         0.000786
17 Feb 2015 17:02:55.682        -0.001074        -0.000070         0.000717
17 Feb 2015 17:05:48.043        -0.001115        -0.000102         0.000641
17 Feb 2015 17:08:43.294        -0.001155        -0.000134         0.000563
17 Feb 2015 17:11:37.591        -0.001192        -0.000165         0.000483
17 Feb 2015 17:14:30.590        -0.001227        -0.000197         0.000401
17 Feb 2015 17:17:21.821        -0.001260        -0.000229         0.000318
17 Feb 2015 17:20:10.829        -0.001291        -0.000261         0.000231
17 Feb 2015 17:22:57.168        -0.001320        -0.000293         0.000142
17 Feb 2015 17:25:40.375        -0.001345        -0.000326         0.000049
17 Feb 2015 17:28:02.654        -0.001365        -0.000355        -0.000037
17 Feb 2015 17:30:24.979        -0.001383        -0.000385        -0.000128
17 Feb 2015 17:32:46.131        -0.001398        -0.000416        -0.000224
17 Feb 2015 17:35:21.536        -0.001409        -0.000450        -0.000338
17 Feb 2015 17:38:01.091        -0.001415        -0.000487        -0.000464
17 Feb 2015 17:40:37.142        -0.001413        -0.000524        -0.000597
17 Feb 2015 17:43:09.665        -0.001402        -0.000561        -0.000738
17 Feb 2015 17:45:38.683        -0.001380        -0.000597        -0.000886
17 Feb 2015 17:48:04.295        -0.001346        -0.000632        -0.001042
17 Feb 2015 17:50:26.694        -0.001296        -0.000665        -0.001206
17 Feb 2015 17:52:46.191        -0.001230        -0.000696        -0.001376
17 Feb 2015 17:55:01.415        -0.001144        -0.000723        -0.001549
17 Feb 2015 17:57:06.433        -0.001044        -0.000744        -0.001716
17 Feb 2015 17:59:10.119        -0.000922        -0.000761        -0.001886
17 Feb 2015 18:01:08.827        -0.000779        -0.000771        -0.002050
17 Feb 2015 18:03:02.915        -0.000617        -0.000773        -0.002205
17 Feb 2015 18:04:52.743        -0.000435        -0.000768        -0.002350
17 Feb 2015 18:06:38.633        -0.000234        -0.000754        -0.002480
17 Feb 2015 18:08:20.882        -0.000015        -0.000731        -0.002594
17 Feb 2015 18:09:24.781         0.000133        -0.000711        -0.002656
17 Feb 2015 18:10:28.891         0.000291        -0.000686        -0.002710
17 Feb 2015 18:11:48.420         0.000499        -0.000649        -0.002763
17 Feb 2015 18:13:12.127         0.000731        -0.000601        -0.002801
17 Feb 2015 18:14:37.139         0.000978        -0.000543        -0.002816
17 Feb 2015 18:16:01.968         0.001233        -0.000475        -0.002804
17 Feb 2015 18:17:25.950         0.001490        -0.000399        -0.002763
17 Feb 2015 18:18:48.222         0.001742        -0.000316        -0.002693
17 Feb 2015 18:20:08.956         0.001986        -0.000227        -0.002593
17 Feb 2015 18:21:28.498         0.002216        -0.000133        -0.002465
17 Feb 2015 18:22:47.312         0.002431        -0.000036        -0.002308
17 Feb 2015 18:23:55.562         0.002602         0.000052        -0.002150
17 Feb 2015 18:24:57.272         0.002743         0.000132        -0.001990
17 Feb 2015 18:25:58.970         0.002869         0.000212        -0.001815
17 Feb 2015 18:27:07.236         0.002987         0.000299        -0.001608
17 Feb 2015 18:28:21.830         0.003089         0.000392        -0.001368
17 Feb 2015 18:29:34.950         0.003161         0.000479        -0.001123
17 Feb 2015 18:30:51.065         0.003206         0.000563        -0.000861
17 Feb 2015 18:32:06.012         0.003220         0.000639        -0.000601
17 Feb 2015 18:33:22.845         0.003204         0.000709        -0.000337
17 Feb 2015 18:34:35.748         0.003163         0.000767        -0.000092
17 Feb 2015 18:35:46.634         0.003100         0.000815         0.000137
17 Feb 2015 18:36:50.475         0.003027         0.000852         0.000334
17 Feb 2015 18:38:02.140         0.002928         0.000885         0.000542
17 Feb 2015 18:39:24.847         0.002794         0.000913         0.000763
17 Feb 2015 18:40:49.460         0.002641         0.000932         0.000966
17 Feb 2015 18:42:16.265         0.002472         0.000941         0.001151
17 Feb 2015 18:43:45.488         0.002290         0.000941         0.001315
17 Feb 2015 18:45:17.347         0.002097         0.000933         0.001457
17 Feb 2015 18:46:52.053         0.001897         0.000917         0.001577
17 Feb 2015 18:48:29.808         0.001694         0.000893         0.001675
17 Feb 2015 18:50:10.809         0.001489         0.000863         0.001751
17 Feb 2015 18:51:55.248         0.001286         0.000828         0.001807
17 Feb 2015 18:53:43.319         0.001088         0.000789         0.001843
17 Feb 2015 18:55:35.220         0.000895         0.000745         0.001861
17 Feb 2015 18:57:31.162         0.000709         0.000700         0.001862
17 Feb 2015 18:59:31.378         0.000533         0.000652         0.001849
17 Feb 2015 19:01:36.138         0.000366         0.000602         0.001822
17 Feb 2015 19:03:45.761         0.000208         0.000552         0.001784
17 Feb 2015 19:06:00.656         0.000061         0.000502         0.001736
17 Feb 2015 19:08:04.521        -0.000061         0.000458         0.001687
17 Feb 2015 19:10:08.087        -0.000171         0.000416         0.001634
17 Feb 2015 19:12:07.326        -0.000267         0.000377         0.001580
17 Feb 2015 19:14:21.250        -0.000364         0.000335         0.001518
17 Feb 2015 19:16:42.439        -0.000457         0.000293         0.001452
17 Feb 2015 19:19:09.509        -0.000543         0.000252         0.001382
17 Feb 2015 19:21:41.574        -0.000623         0.000212         0.001310
17 Feb 2015 19:24:18.058        -0.000697         0.000173         0.001237
17 Feb 2015 19:26:58.514        -0.000765         0.000135         0.001163
17 Feb 2015 19:29:42.554        -0.000828         0.000099         0.001088
17 Feb 2015 19:32:29.810        -0.000886         0.000063         0.001013
17 Feb 2015 19:35:19.916        -0.000940         0.000028         0.000938
17 Feb 2015 19:38:12.503        -0.000991        -0.000005         0.000862
17 Feb 2015 19:40:39.147        -0.001031        -0.000034         0.000797
17 Feb 2015 19:43:05.030        -0.001069        -0.000061         0.000733
17 Feb 2015 19:45:55.522        -0.001110        -0.000092         0.000658
17 Feb 2015 19:48:50.520        -0.001151        -0.000124         0.000579
17 Feb 2015 19:51:44.587        -0.001189        -0.000156         0.000500
17 Feb 2015 19:54:37.438        -0.001225        -0.000188         0.000418
17 Feb 2015 19:57:28.604        -0.001259        -0.000220         0.000335
17 Feb 2015 20:00:17.633        -0.001290        -0.000252         0.000249
17 Feb 2015 20:03:04.082        -0.001320        -0.000284         0.000160
17 Feb 2015 20:05:47.503        -0.001346        -0.000317         0.000067
17 Feb 2015 20:08:28.300        -0.001370        -0.000350        -0.000030
17 Feb 2015 20:10:55.291        -0.001388        -0.000381        -0.000124
17 Feb 2015 20:13:11.997        -0.001403        -0.000411        -0.000218
17 Feb 2015 20:15:38.558        -0.001414        -0.000444        -0.000325
17 Feb 2015 20:18:18.098        -0.001421        -0.000480        -0.000450
17 Feb 2015 20:20:54.133        -0.001420        -0.000517        -0.000583
17 Feb 2015 20:23:26.648        -0.001411        -0.000554        -0.000723
17 Feb 2015 20:25:55.660        -0.001390        -0.000591        -0.000871
17 Feb 2015 20:28:21.260        -0.001357        -0.000626        -0.001027
17 Feb 2015 20:30:43.626        -0.001309        -0.000660        -0.001190
17 Feb 2015 20:33:03.053        -0.001244        -0.000691        -0.001360
17 Feb 2015 20:35:18.546        -0.001161        -0.000719        -0.001534
17 Feb 2015 20:37:27.774        -0.001059        -0.000742        -0.001707
17 Feb 2015 20:39:31.580        -0.000938        -0.000759        -0.001877
17 Feb 2015 20:41:30.346        -0.000796        -0.000770        -0.002041
17 Feb 2015 20:43:24.492        -0.000635        -0.000774        -0.002198
17 Feb 2015 20:45:14.380        -0.000454        -0.000769        -0.002343
17 Feb 2015 20:47:00.333        -0.000255        -0.000756        -0.002475
17 Feb 2015 20:48:42.647        -0.000037        -0.000734        -0.002589
17 Feb 2015 20:49:54.245         0.000129        -0.000713        -0.002660
17 Feb 2015 20:51:06.047         0.000307        -0.000685        -0.002720
17 Feb 2015 20:52:25.175         0.000516        -0.000648        -0.002771
17 Feb 2015 20:53:48.929         0.000749        -0.000599        -0.002807
17 Feb 2015 20:55:13.829         0.000997        -0.000541        -0.002819
17 Feb 2015 20:56:38.494         0.001253        -0.000474        -0.002805
17 Feb 2015 20:58:02.299         0.001510        -0.000398        -0.002761
17 Feb 2015 20:59:24.390         0.001762        -0.000315        -0.002688
17 Feb 2015 21:00:44.975         0.002005        -0.000226        -0.002586
17 Feb 2015 21:02:04.425         0.002234        -0.000132        -0.002455
17 Feb 2015 21:03:23.157         0.002447        -0.000035        -0.002296
17 Feb 2015 21:04:29.888         0.002614         0.000050        -0.002139
17 Feb 2015 21:05:36.956         0.002765         0.000137        -0.001963
17 Feb 2015 21:06:38.378         0.002887         0.000216        -0.001787
17 Feb 2015 21:07:48.209         0.003005         0.000305        -0.001573
17 Feb 2015 21:09:02.061         0.003102         0.000396        -0.001334
17 Feb 2015 21:10:16.084         0.003170         0.000482        -0.001085
17 Feb 2015 21:11:31.276         0.003210         0.000564        -0.000825
17 Feb 2015 21:12:46.732         0.003220         0.000640        -0.000564
17 Feb 2015 21:14:02.518         0.003201         0.000708        -0.000304
17 Feb 2015 21:15:15.197         0.003156         0.000764        -0.000061
17 Feb 2015 21:16:16.414         0.003101         0.000806         0.000136
17 Feb 2015 21:17:17.727         0.003031         0.000841         0.000325
17 Feb 2015 21:18:29.411         0.002932         0.000875         0.000533
17 Feb 2015 21:19:52.128         0.002800         0.000904         0.000754
17 Feb 2015 21:21:16.748         0.002648         0.000923         0.000958
17 Feb 2015 21:22:43.557         0.002479         0.000933         0.001143
17 Feb 2015 21:24:12.779         0.002297         0.000934         0.001308
17 Feb 2015 21:25:44.632         0.002105         0.000926         0.001450
17 Feb 2015 21:27:19.326         0.001906         0.000911         0.001571
17 Feb 2015 21:28:57.065         0.001702         0.000888         0.001670
17 Feb 2015 21:30:38.043         0.001498         0.000859         0.001747
17 Feb 2015 21:32:22.453         0.001295         0.000825         0.001804
17 Feb 2015 21:34:10.488         0.001096         0.000786         0.001841
17 Feb 2015 21:36:02.345         0.000903         0.000744         0.001859
17 Feb 2015 21:37:58.234         0.000718         0.000699         0.001861
17 Feb 2015 21:39:58.388         0.000541         0.000652         0.001849
17 Feb 2015 21:42:03.073         0.000373         0.000603         0.001823
17 Feb 2015 21:44:12.608         0.000216         0.000553         0.001785
17 Feb 2015 21:46:27.397         0.000068         0.000504         0.001738
17 Feb 2015 21:48:33.493        -0.000057         0.000459         0.001688
17 Feb 2015 21:50:39.298        -0.000169         0.000416         0.001634
17 Feb 2015 21:52:37.694        -0.000264         0.000378         0.001581
17 Feb 2015 21:54:51.517        -0.000362         0.000337         0.001519
17 Feb 2015 21:57:12.591        -0.000455         0.000295         0.001453
17 Feb 2015 21:59:39.556        -0.000541         0.000254         0.001384
17 Feb 2015 22:02:11.502        -0.000622         0.000215         0.001313
17 Feb 2015 22:04:47.850        -0.000696         0.000176         0.001240
17 Feb 2015 22:07:28.152        -0.000764         0.000138         0.001166
17 Feb 2015 22:10:12.014        -0.000828         0.000102         0.001091
17 Feb 2015 22:12:59.069        -0.000887         0.000066         0.001016
17 Feb 2015 22:15:48.951        -0.000941         0.000032         0.000940
17 Feb 2015 22:18:41.291        -0.000992        -0.000002         0.000864
17 Feb 2015 22:20:55.773        -0.001030        -0.000028         0.000805
17 Feb 2015 22:23:09.118        -0.001065        -0.000053         0.000746
17 Feb 2015 22:25:57.824        -0.001107        -0.000084         0.000672
17 Feb 2015 22:28:52.543        -0.001148        -0.000116         0.000593
17 Feb 2015 22:31:46.338        -0.001187        -0.000148         0.000514
17 Feb 2015 22:34:38.982        -0.001223        -0.000180         0.000433
17 Feb 2015 22:37:30.005        -0.001258        -0.000212         0.000349
17 Feb 2015 22:40:18.962        -0.001290        -0.000244         0.000263
17 Feb 2015 22:43:05.409        -0.001320        -0.000276         0.000174
17 Feb 2015 22:45:48.911        -0.001348        -0.000309         0.000082
17 Feb 2015 22:48:30.635        -0.001372        -0.000342        -0.000015
17 Feb 2015 22:50:35.549        -0.001389        -0.000368        -0.000095
17 Feb 2015 22:52:40.546        -0.001403        -0.000396        -0.000179
17 Feb 2015 22:55:13.715        -0.001417        -0.000430        -0.000289
17 Feb 2015 22:57:53.844        -0.001426        -0.000467        -0.000412
17 Feb 2015 23:00:30.520        -0.001428        -0.000504        -0.000544
17 Feb 2015 23:03:03.692        -0.001421        -0.000541        -0.000682
17 Feb 2015 23:05:33.358        -0.001404        -0.000577        -0.000828
17 Feb 2015 23:07:59.584        -0.001375        -0.000613        -0.000982
17 Feb 2015 23:10:22.520        -0.001331        -0.000648        -0.001144
17 Feb 2015 23:12:42.418        -0.001272        -0.000680        -0.001312
17 Feb 2015 23:14:59.412        -0.001193        -0.000710        -0.001486
17 Feb 2015 23:17:10.123        -0.001097        -0.000734        -0.001660
17 Feb 2015 23:19:13.103        -0.000983        -0.000753        -0.001828
17 Feb 2015 23:21:13.037        -0.000848        -0.000767        -0.001995
17 Feb 2015 23:23:08.288        -0.000693        -0.000773        -0.002154
17 Feb 2015 23:24:59.203        -0.000518        -0.000772        -0.002303
17 Feb 2015 23:26:46.112        -0.000323        -0.000762        -0.002440
17 Feb 2015 23:28:29.316        -0.000111        -0.000744        -0.002560
17 Feb 2015 23:29:53.443         0.000080        -0.000721        -0.002646
17 Feb 2015 23:31:08.952         0.000265        -0.000694        -0.002712
17 Feb 2015 23:32:24.514         0.000462        -0.000660        -0.002765
17 Feb 2015 23:33:47.537         0.000691        -0.000615        -0.002804
17 Feb 2015 23:35:12.190         0.000937        -0.000559        -0.002822
17 Feb 2015 23:36:36.870         0.001192        -0.000495        -0.002814
17 Feb 2015 23:38:00.813         0.001449        -0.000421        -0.002777
17 Feb 2015 23:39:23.249         0.001703        -0.000340        -0.002711
17 Feb 2015 23:40:44.126         0.001948        -0.000253        -0.002615
17 Feb 2015 23:42:03.776         0.002181        -0.000162        -0.002490
17 Feb 2015 23:43:22.669         0.002399        -0.000066        -0.002337
17 Feb 2015 23:44:40.035         0.002595         0.000032        -0.002160
17 Feb 2015 23:45:38.896         0.002731         0.000107        -0.002008
17 Feb 2015 23:46:37.676         0.002852         0.000183        -0.001843
17 Feb 2015 23:47:45.003         0.002972         0.000269        -0.001640
17 Feb 2015 23:48:59.893         0.003078         0.000362        -0.001401
17 Feb 2015 23:50:13.078         0.003154         0.000448        -0.001157
17 Feb 2015 23:51:29.464         0.003203         0.000533        -0.000895
17 Feb 2015 23:52:44.292         0.003220         0.000610        -0.000636
17 Feb 2015 23:54:01.470         0.003209         0.000681        -0.000370
17 Feb 2015 23:55:14.695         0.003170         0.000741        -0.000124
17 Feb 2015 23:56:26.097         0.003110         0.000790         0.000108
17 Feb 2015 23:57:31.958         0.003037         0.000829         0.000311
17 Feb 2015 23:58:40.943         0.002943         0.000862         0.000512
18 Feb 2015 00:00:03.592         0.002812         0.000893         0.000735
18 Feb 2015 00:01:28.111         0.002662         0.000913         0.000940
18 Feb 2015 00:02:54.803         0.002495         0.000925         0.001127
18 Feb 2015 00:04:23.893         0.002314         0.000927         0.001293
18 Feb 2015 00:05:55.598         0.002123         0.000920         0.001437
18 Feb 2015 00:07:30.128         0.001924         0.000906         0.001560
18 Feb 2015 00:09:07.687         0.001722         0.000885         0.001660
18 Feb 2015 00:10:48.469         0.001517         0.000857         0.001740
18 Feb 2015 00:12:32.667         0.001315         0.000824         0.001798
18 Feb 2015 00:14:20.472         0.001116         0.000786         0.001836
18 Feb 2015 00:16:12.082         0.000922         0.000745         0.001857
18 Feb 2015 00:18:07.704         0.000736         0.000700         0.001861
18 Feb 2015 00:20:07.568         0.000558         0.000654         0.001849
18 Feb 2015 00:22:11.936         0.000390         0.000606         0.001825
18 Feb 2015 00:24:21.122         0.000231         0.000557         0.001788
18 Feb 2015 00:26:35.520         0.000082         0.000508         0.001742
18 Feb 2015 00:28:55.664        -0.000057         0.000459         0.001687
18 Feb 2015 00:31:05.974        -0.000173         0.000415         0.001631
18 Feb 2015 00:33:04.540        -0.000268         0.000377         0.001578
18 Feb 2015 00:35:18.790        -0.000366         0.000336         0.001517
18 Feb 2015 00:37:40.156        -0.000459         0.000295         0.001451
18 Feb 2015 00:40:07.344        -0.000545         0.000254         0.001381
18 Feb 2015 00:42:39.458        -0.000625         0.000215         0.001310
18 Feb 2015 00:45:15.926        -0.000700         0.000176         0.001237
18 Feb 2015 00:47:56.302        -0.000768         0.000139         0.001163
18 Feb 2015 00:50:40.194        -0.000832         0.000103         0.001089
18 Feb 2015 00:53:27.234        -0.000891         0.000067         0.001014
18 Feb 2015 00:56:17.055        -0.000945         0.000033         0.000938
18 Feb 2015 00:59:09.289        -0.000997        -0.000001         0.000862
18 Feb 2015 01:01:14.674        -0.001032        -0.000025         0.000807
18 Feb 2015 01:03:18.686        -0.001065        -0.000048         0.000752
18 Feb 2015 01:06:06.366        -0.001107        -0.000080         0.000678
18 Feb 2015 01:09:00.732        -0.001149        -0.000112         0.000599
18 Feb 2015 01:11:54.164        -0.001188        -0.000143         0.000520
18 Feb 2015 01:14:46.459        -0.001226        -0.000175         0.000438
18 Feb 2015 01:17:37.154        -0.001261        -0.000207         0.000355
18 Feb 2015 01:20:25.801        -0.001293        -0.000239         0.000269
18 Feb 2015 01:23:11.968        -0.001324        -0.000272         0.000180
18 Feb 2015 01:25:55.226        -0.001352        -0.000304         0.000087
18 Feb 2015 01:28:36.997        -0.001376        -0.000338        -0.000010
18 Feb 2015 01:30:35.376        -0.001393        -0.000363        -0.000086
18 Feb 2015 01:32:33.853        -0.001407        -0.000388        -0.000165
18 Feb 2015 01:35:08.352        -0.001422        -0.000423        -0.000276
18 Feb 2015 01:37:48.435        -0.001432        -0.000460        -0.000399
18 Feb 2015 01:40:25.086        -0.001435        -0.000497        -0.000530
18 Feb 2015 01:42:58.245        -0.001429        -0.000534        -0.000668
18 Feb 2015 01:45:27.901        -0.001413        -0.000571        -0.000814
18 Feb 2015 01:47:54.116        -0.001385        -0.000607        -0.000968
18 Feb 2015 01:50:17.028        -0.001343        -0.000642        -0.001129
18 Feb 2015 01:52:36.872        -0.001285        -0.000675        -0.001297
18 Feb 2015 01:54:54.026        -0.001209        -0.000705        -0.001471
18 Feb 2015 01:57:04.978        -0.001114        -0.000731        -0.001645
18 Feb 2015 01:59:09.403        -0.001001        -0.000751        -0.001815
18 Feb 2015 02:01:09.507        -0.000867        -0.000765        -0.001983
18 Feb 2015 02:03:04.904        -0.000714        -0.000773        -0.002143
18 Feb 2015 02:04:55.959        -0.000540        -0.000773        -0.002293
18 Feb 2015 02:06:43.004        -0.000348        -0.000764        -0.002431
18 Feb 2015 02:08:26.341        -0.000137        -0.000747        -0.002553
18 Feb 2015 02:09:53.395         0.000060        -0.000725        -0.002643
18 Feb 2015 02:11:06.541         0.000238        -0.000700        -0.002708
18 Feb 2015 02:12:19.766         0.000428        -0.000668        -0.002761
18 Feb 2015 02:13:42.153         0.000655        -0.000625        -0.002804
18 Feb 2015 02:15:06.546         0.000898        -0.000572        -0.002825
18 Feb 2015 02:16:31.167         0.001152        -0.000509        -0.002820
18 Feb 2015 02:17:55.150         0.001410        -0.000437        -0.002787
18 Feb 2015 02:19:17.790         0.001665        -0.000358        -0.002725
18 Feb 2015 02:20:38.844         0.001912        -0.000273        -0.002633
18 Feb 2015 02:21:58.624         0.002147        -0.000182        -0.002513
18 Feb 2015 02:23:17.605         0.002367        -0.000087        -0.002364
18 Feb 2015 02:24:35.281         0.002567         0.000010        -0.002189
18 Feb 2015 02:25:27.101         0.002690         0.000076        -0.002058
18 Feb 2015 02:26:18.928         0.002802         0.000142        -0.001917
18 Feb 2015 02:27:23.176         0.002924         0.000224        -0.001729
18 Feb 2015 02:28:37.705         0.003041         0.000317        -0.001496
18 Feb 2015 02:29:50.802         0.003127         0.000405        -0.001256
18 Feb 2015 02:31:07.354         0.003188         0.000492        -0.000996
18 Feb 2015 02:32:21.771         0.003217         0.000571        -0.000738
18 Feb 2015 02:33:38.818         0.003217         0.000645        -0.000472
18 Feb 2015 02:34:53.013         0.003189         0.000709        -0.000220
18 Feb 2015 02:36:05.265         0.003137         0.000762         0.000018
18 Feb 2015 02:36:59.245         0.003083         0.000797         0.000189
18 Feb 2015 02:37:53.400         0.003019         0.000827         0.000353
18 Feb 2015 02:39:09.628         0.002912         0.000862         0.000571
18 Feb 2015 02:40:32.794         0.002776         0.000890         0.000789
18 Feb 2015 02:41:57.937         0.002621         0.000909         0.000989
18 Feb 2015 02:43:25.316         0.002450         0.000918         0.001170
18 Feb 2015 02:44:55.153         0.002266         0.000918         0.001331
18 Feb 2015 02:46:27.664         0.002073         0.000911         0.001469
18 Feb 2015 02:48:03.056         0.001873         0.000895         0.001586
18 Feb 2015 02:49:41.529         0.001670         0.000873         0.001681
18 Feb 2015 02:51:23.277         0.001466         0.000844         0.001755
18 Feb 2015 02:53:08.490         0.001264         0.000810         0.001808
18 Feb 2015 02:54:57.360         0.001067         0.000772         0.001842
18 Feb 2015 02:56:50.087         0.000875         0.000730         0.001858
18 Feb 2015 02:58:46.883         0.000691         0.000686         0.001858
18 Feb 2015 03:00:47.982         0.000515         0.000640         0.001843
18 Feb 2015 03:02:53.660         0.000349         0.000592         0.001815
18 Feb 2015 03:05:04.245         0.000193         0.000544         0.001777
18 Feb 2015 03:07:20.164         0.000047         0.000495         0.001728
18 Feb 2015 03:09:19.779        -0.000069         0.000454         0.001680
18 Feb 2015 03:11:19.053        -0.000175         0.000414         0.001630
18 Feb 2015 03:13:20.373        -0.000272         0.000376         0.001576
18 Feb 2015 03:15:34.869        -0.000370         0.000335         0.001514
18 Feb 2015 03:17:56.537        -0.000462         0.000294         0.001448
18 Feb 2015 03:20:23.945        -0.000549         0.000254         0.001379
18 Feb 2015 03:22:56.230        -0.000629         0.000215         0.001308
18 Feb 2015 03:25:32.822        -0.000703         0.000177         0.001235
18 Feb 2015 03:28:13.275        -0.000772         0.000140         0.001161
18 Feb 2015 03:30:57.198        -0.000836         0.000103         0.001087
18 Feb 2015 03:33:44.223        -0.000895         0.000068         0.001012
18 Feb 2015 03:36:33.984        -0.000950         0.000034         0.000936
18 Feb 2015 03:39:26.111        -0.001001         0.000000         0.000860
18 Feb 2015 03:41:15.076        -0.001032        -0.000021         0.000812
18 Feb 2015 03:43:02.291        -0.001061        -0.000041         0.000764
18 Feb 2015 03:45:48.045        -0.001104        -0.000072         0.000691
18 Feb 2015 03:48:41.825        -0.001146        -0.000104         0.000613
18 Feb 2015 03:51:34.990        -0.001186        -0.000136         0.000533
18 Feb 2015 03:54:27.061        -0.001224        -0.000168         0.000452
18 Feb 2015 03:57:17.591        -0.001260        -0.000199         0.000369
18 Feb 2015 04:00:06.136        -0.001293        -0.000231         0.000283
18 Feb 2015 04:02:52.272        -0.001325        -0.000264         0.000194
18 Feb 2015 04:05:35.567        -0.001353        -0.000296         0.000101
18 Feb 2015 04:08:18.040        -0.001379        -0.000330         0.000004
18 Feb 2015 04:10:02.061        -0.001394        -0.000352        -0.000062
18 Feb 2015 04:11:46.244        -0.001407        -0.000375        -0.000131
18 Feb 2015 04:14:16.787        -0.001423        -0.000408        -0.000237
18 Feb 2015 04:16:57.829        -0.001436        -0.000445        -0.000359
18 Feb 2015 04:19:35.193        -0.001441        -0.000482        -0.000488
18 Feb 2015 04:22:09.089        -0.001438        -0.000520        -0.000624
18 Feb 2015 04:24:39.486        -0.001426        -0.000557        -0.000768
18 Feb 2015 04:27:06.422        -0.001402        -0.000594        -0.000920
18 Feb 2015 04:29:30.008        -0.001365        -0.000629        -0.001079
18 Feb 2015 04:31:50.444        -0.001312        -0.000663        -0.001245
18 Feb 2015 04:34:08.051        -0.001242        -0.000694        -0.001418
18 Feb 2015 04:36:20.557        -0.001153        -0.000722        -0.001592
18 Feb 2015 04:38:27.218        -0.001045        -0.000744        -0.001765
18 Feb 2015 04:40:28.440        -0.000918        -0.000761        -0.001934
18 Feb 2015 04:42:24.999        -0.000770        -0.000771        -0.002097
18 Feb 2015 04:44:17.132        -0.000603        -0.000774        -0.002251
18 Feb 2015 04:46:05.180        -0.000416        -0.000768        -0.002393
18 Feb 2015 04:47:49.451        -0.000211        -0.000755        -0.002520
18 Feb 2015 04:49:30.228         0.000012        -0.000732        -0.002629
18 Feb 2015 04:50:31.028         0.000157        -0.000713        -0.002686
18 Feb 2015 04:51:32.026         0.000311        -0.000690        -0.002736
18 Feb 2015 04:52:52.013         0.000524        -0.000653        -0.002786
18 Feb 2015 04:54:15.371         0.000760        -0.000606        -0.002820
18 Feb 2015 04:55:39.890         0.001009        -0.000549        -0.002829
18 Feb 2015 04:57:04.190         0.001266        -0.000483        -0.002812
18 Feb 2015 04:58:27.665         0.001523        -0.000408        -0.002766
18 Feb 2015 04:59:49.526         0.001775        -0.000327        -0.002690
18 Feb 2015 05:01:09.931         0.002018        -0.000240        -0.002585
18 Feb 2015 05:02:29.287         0.002247        -0.000148        -0.002451
18 Feb 2015 05:03:47.878         0.002459        -0.000052        -0.002290
18 Feb 2015 05:05:03.962         0.002647         0.000044        -0.002108
18 Feb 2015 05:06:05.039         0.002782         0.000122        -0.001944
18 Feb 2015 05:07:05.878         0.002901         0.000199        -0.001768
18 Feb 2015 05:08:18.225         0.003020         0.000289        -0.001544
18 Feb 2015 05:09:31.618         0.003112         0.000378        -0.001305
18 Feb 2015 05:10:47.781         0.003179         0.000466        -0.001048
18 Feb 2015 05:12:02.265         0.003214         0.000546        -0.000791
18 Feb 2015 05:13:18.679         0.003220         0.000621        -0.000527
18 Feb 2015 05:14:33.498         0.003197         0.000686        -0.000272
18 Feb 2015 05:15:46.145         0.003150         0.000742        -0.000031
18 Feb 2015 05:16:43.180         0.003097         0.000780         0.000151
18 Feb 2015 05:17:40.373         0.003031         0.000813         0.000325
18 Feb 2015 05:18:53.557         0.002930         0.000848         0.000536
18 Feb 2015 05:20:16.538         0.002797         0.000878         0.000757
18 Feb 2015 05:21:41.448         0.002645         0.000898         0.000960
18 Feb 2015 05:23:08.565         0.002477         0.000909         0.001143
18 Feb 2015 05:24:38.111         0.002295         0.000911         0.001307
18 Feb 2015 05:26:10.302         0.002103         0.000905         0.001449
18 Feb 2015 05:27:45.346         0.001904         0.000891         0.001569
18 Feb 2015 05:29:23.443         0.001702         0.000871         0.001667
18 Feb 2015 05:31:04.787         0.001498         0.000844         0.001743
18 Feb 2015 05:32:49.568         0.001296         0.000811         0.001800
18 Feb 2015 05:34:37.978         0.001097         0.000774         0.001836
18 Feb 2015 05:36:30.213         0.000905         0.000734         0.001855
18 Feb 2015 05:38:26.483         0.000720         0.000690         0.001857
18 Feb 2015 05:40:27.020         0.000543         0.000645         0.001845
18 Feb 2015 05:42:32.088         0.000375         0.000598         0.001819
18 Feb 2015 05:44:42.009         0.000218         0.000550         0.001782
18 Feb 2015 05:46:57.190         0.000070         0.000502         0.001736
18 Feb 2015 05:49:18.188        -0.000068         0.000454         0.001680
18 Feb 2015 05:51:25.413        -0.000180         0.000412         0.001626
18 Feb 2015 05:53:26.676        -0.000277         0.000374         0.001572
18 Feb 2015 05:55:41.743        -0.000375         0.000334         0.001510
18 Feb 2015 05:58:03.784        -0.000467         0.000293         0.001444
18 Feb 2015 06:00:31.487        -0.000554         0.000253         0.001375
18 Feb 2015 06:03:04.003        -0.000634         0.000214         0.001304
18 Feb 2015 06:05:40.772        -0.000708         0.000176         0.001231
18 Feb 2015 06:08:21.349        -0.000777         0.000140         0.001158
18 Feb 2015 06:11:05.347        -0.000840         0.000104         0.001083
18 Feb 2015 06:13:52.395        -0.000900         0.000069         0.001008
18 Feb 2015 06:16:42.129        -0.000955         0.000034         0.000933
18 Feb 2015 06:19:34.178        -0.001007         0.000001         0.000857
18 Feb 2015 06:21:40.753        -0.001043        -0.000023         0.000801
18 Feb 2015 06:23:45.624        -0.001076        -0.000047         0.000745
18 Feb 2015 06:26:33.619        -0.001119        -0.000078         0.000670
18 Feb 2015 06:29:27.085        -0.001161        -0.000110         0.000591
18 Feb 2015 06:32:19.568        -0.001201        -0.000142         0.000511
18 Feb 2015 06:35:10.826        -0.001239        -0.000174         0.000429
18 Feb 2015 06:38:00.409        -0.001274        -0.000206         0.000345
18 Feb 2015 06:40:47.884        -0.001307        -0.000238         0.000258
18 Feb 2015 06:43:32.828        -0.001338        -0.000270         0.000168
18 Feb 2015 06:46:14.814        -0.001366        -0.000303         0.000074
18 Feb 2015 06:48:54.679        -0.001391        -0.000336        -0.000024
18 Feb 2015 06:51:06.268        -0.001409        -0.000365        -0.000110
18 Feb 2015 06:53:17.986        -0.001424        -0.000394        -0.000202
18 Feb 2015 06:55:51.113        -0.001438        -0.000429        -0.000315
18 Feb 2015 06:58:29.301        -0.001446        -0.000466        -0.000442
18 Feb 2015 07:01:04.036        -0.001447        -0.000504        -0.000576
18 Feb 2015 07:03:35.282        -0.001438        -0.000541        -0.000718
18 Feb 2015 07:06:03.054        -0.001418        -0.000578        -0.000867
18 Feb 2015 07:08:27.435        -0.001386        -0.000615        -0.001024
18 Feb 2015 07:10:48.591        -0.001339        -0.000649        -0.001188
18 Feb 2015 07:13:06.792        -0.001275        -0.000682        -0.001359
18 Feb 2015 07:15:21.078        -0.001192        -0.000711        -0.001534
18 Feb 2015 07:17:29.353        -0.001091        -0.000735        -0.001708
18 Feb 2015 07:19:30.764        -0.000972        -0.000754        -0.001877
18 Feb 2015 07:21:28.697        -0.000832        -0.000767        -0.002042
18 Feb 2015 07:23:22.118        -0.000671        -0.000773        -0.002200
18 Feb 2015 07:25:11.362        -0.000491        -0.000772        -0.002347
18 Feb 2015 07:26:56.745        -0.000292        -0.000762        -0.002480
18 Feb 2015 07:28:38.557        -0.000075        -0.000743        -0.002595
18 Feb 2015 07:29:57.095         0.000108        -0.000721        -0.002673
18 Feb 2015 07:31:15.796         0.000306        -0.000693        -0.002739
18 Feb 2015 07:32:33.064         0.000512        -0.000657        -0.002788
18 Feb 2015 07:33:56.223         0.000747        -0.000611        -0.002822
18 Feb 2015 07:35:20.598         0.000996        -0.000556        -0.002833
18 Feb 2015 07:36:44.818         0.001252        -0.000490        -0.002817
18 Feb 2015 07:38:08.251         0.001510        -0.000417        -0.002771
18 Feb 2015 07:39:30.144         0.001763        -0.000336        -0.002697
18 Feb 2015 07:40:50.578         0.002006        -0.000250        -0.002593
18 Feb 2015 07:42:09.956         0.002236        -0.000159        -0.002460
18 Feb 2015 07:43:28.566         0.002450        -0.000064        -0.002300
18 Feb 2015 07:44:44.702         0.002638         0.000031        -0.002118
18 Feb 2015 07:45:43.812         0.002771         0.000106        -0.001961
18 Feb 2015 07:46:42.561         0.002887         0.000180        -0.001792
18 Feb 2015 07:47:53.764         0.003006         0.000269        -0.001573
18 Feb 2015 07:49:07.393         0.003103         0.000358        -0.001335
18 Feb 2015 07:50:22.914         0.003172         0.000445        -0.001081
18 Feb 2015 07:51:37.493         0.003211         0.000526        -0.000824
18 Feb 2015 07:52:53.587         0.003221         0.000602        -0.000561
18 Feb 2015 07:54:08.797         0.003201         0.000669        -0.000304
18 Feb 2015 07:55:21.696         0.003157         0.000726        -0.000062
18 Feb 2015 07:56:23.280         0.003102         0.000767         0.000135
18 Feb 2015 07:57:24.972         0.003031         0.000803         0.000324
18 Feb 2015 07:58:36.760         0.002933         0.000838         0.000530
18 Feb 2015 07:59:59.784         0.002801         0.000868         0.000751
18 Feb 2015 08:01:24.727         0.002650         0.000889         0.000954
18 Feb 2015 08:02:51.876         0.002482         0.000901         0.001138
18 Feb 2015 08:04:21.453         0.002300         0.000904         0.001302
18 Feb 2015 08:05:53.673         0.002109         0.000899         0.001444
18 Feb 2015 08:07:28.743         0.001910         0.000886         0.001564
18 Feb 2015 08:09:06.863         0.001708         0.000865         0.001663
18 Feb 2015 08:10:48.227         0.001504         0.000839         0.001740
18 Feb 2015 08:12:33.024         0.001302         0.000808         0.001797
18 Feb 2015 08:14:21.445         0.001104         0.000771         0.001834
18 Feb 2015 08:16:13.687         0.000911         0.000732         0.001853
18 Feb 2015 08:18:09.957         0.000726         0.000689         0.001856
18 Feb 2015 08:20:10.486         0.000549         0.000644         0.001844
18 Feb 2015 08:22:15.538         0.000381         0.000598         0.001819
18 Feb 2015 08:24:25.433         0.000223         0.000551         0.001783
18 Feb 2015 08:26:40.576         0.000075         0.000503         0.001736
18 Feb 2015 08:29:01.520        -0.000064         0.000455         0.001681
18 Feb 2015 08:31:10.390        -0.000178         0.000413         0.001627
18 Feb 2015 08:33:10.798        -0.000274         0.000376         0.001574
18 Feb 2015 08:35:25.692        -0.000372         0.000336         0.001512
18 Feb 2015 08:37:47.572        -0.000465         0.000296         0.001447
18 Feb 2015 08:40:15.125        -0.000552         0.000256         0.001378
18 Feb 2015 08:42:47.487        -0.000632         0.000217         0.001307
18 Feb 2015 08:45:24.085        -0.000707         0.000180         0.001234
18 Feb 2015 08:48:04.478        -0.000776         0.000143         0.001161
18 Feb 2015 08:50:48.273        -0.000840         0.000107         0.001086
18 Feb 2015 08:53:35.100        -0.000900         0.000072         0.001012
18 Feb 2015 08:56:24.593        -0.000955         0.000038         0.000936
18 Feb 2015 08:59:16.382        -0.001008         0.000004         0.000860
18 Feb 2015 09:02:09.316        -0.001057        -0.000028         0.000783
18 Feb 2015 09:04:46.537        -0.001099        -0.000058         0.000713
18 Feb 2015 09:07:37.708        -0.001142        -0.000090         0.000636
18 Feb 2015 09:10:30.349        -0.001183        -0.000121         0.000557
18 Feb 2015 09:13:21.921        -0.001223        -0.000153         0.000475
18 Feb 2015 09:16:12.054        -0.001260        -0.000185         0.000392
18 Feb 2015 09:19:00.307        -0.001294        -0.000217         0.000307
18 Feb 2015 09:21:46.258        -0.001327        -0.000250         0.000218
18 Feb 2015 09:24:29.490        -0.001357        -0.000282         0.000126
18 Feb 2015 09:27:10.108        -0.001383        -0.000315         0.000030
18 Feb 2015 09:29:22.456        -0.001403        -0.000344        -0.000054
18 Feb 2015 09:31:34.844        -0.001421        -0.000372        -0.000144
18 Feb 2015 09:33:48.292        -0.001436        -0.000403        -0.000239
18 Feb 2015 09:36:28.203        -0.001448        -0.000440        -0.000362
18 Feb 2015 09:39:04.729        -0.001454        -0.000477        -0.000491
18 Feb 2015 09:41:37.797        -0.001451        -0.000515        -0.000629
18 Feb 2015 09:44:07.382        -0.001438        -0.000552        -0.000774
18 Feb 2015 09:46:33.523        -0.001414        -0.000589        -0.000926
18 Feb 2015 09:48:56.331        -0.001377        -0.000625        -0.001086
18 Feb 2015 09:51:16.004        -0.001324        -0.000660        -0.001254
18 Feb 2015 09:53:32.859        -0.001253        -0.000691        -0.001427
18 Feb 2015 09:55:44.456        -0.001163        -0.000719        -0.001602
18 Feb 2015 09:57:50.298        -0.001055        -0.000742        -0.001775
18 Feb 2015 09:59:50.787        -0.000927        -0.000759        -0.001944
18 Feb 2015 10:01:46.680        -0.000778        -0.000770        -0.002107
18 Feb 2015 10:03:38.212        -0.000610        -0.000774        -0.002261
18 Feb 2015 10:05:25.716        -0.000423        -0.000769        -0.002403
18 Feb 2015 10:07:09.496        -0.000216        -0.000757        -0.002530
18 Feb 2015 10:08:49.832         0.000007        -0.000735        -0.002638
18 Feb 2015 10:09:46.806         0.000144        -0.000718        -0.002692
18 Feb 2015 10:10:43.955         0.000288        -0.000697        -0.002739
18 Feb 2015 10:12:03.116         0.000500        -0.000662        -0.002790
18 Feb 2015 10:13:25.898         0.000733        -0.000617        -0.002825
18 Feb 2015 10:14:50.122         0.000982        -0.000562        -0.002836
18 Feb 2015 10:16:14.263         0.001238        -0.000498        -0.002821
18 Feb 2015 10:17:37.654         0.001497        -0.000426        -0.002777
18 Feb 2015 10:18:59.583         0.001750        -0.000346        -0.002703
18 Feb 2015 10:20:20.049         0.001994        -0.000261        -0.002601
18 Feb 2015 10:21:39.454         0.002225        -0.000171        -0.002469
18 Feb 2015 10:22:58.086         0.002439        -0.000076        -0.002310
18 Feb 2015 10:24:14.284         0.002629         0.000018        -0.002129
18 Feb 2015 10:25:10.141         0.002755         0.000088        -0.001982
18 Feb 2015 10:26:05.564         0.002868         0.000158        -0.001824
18 Feb 2015 10:27:15.007         0.002988         0.000245        -0.001613
18 Feb 2015 10:28:29.013         0.003089         0.000335        -0.001375
18 Feb 2015 10:29:43.740         0.003163         0.000421        -0.001125
18 Feb 2015 10:30:58.601         0.003207         0.000503        -0.000868
18 Feb 2015 10:32:14.227         0.003221         0.000579        -0.000607
18 Feb 2015 10:33:30.032         0.003207         0.000648        -0.000347
18 Feb 2015 10:34:43.233         0.003166         0.000707        -0.000103
18 Feb 2015 10:35:54.742         0.003104         0.000756         0.000127
18 Feb 2015 10:36:59.699         0.003031         0.000794         0.000325
18 Feb 2015 10:38:10.738         0.002934         0.000829         0.000529
18 Feb 2015 10:39:33.841         0.002802         0.000859         0.000750
18 Feb 2015 10:40:58.861         0.002650         0.000881         0.000952
18 Feb 2015 10:42:26.091         0.002482         0.000893         0.001136
18 Feb 2015 10:43:55.752         0.002301         0.000896         0.001300
18 Feb 2015 10:45:28.058         0.002110         0.000892         0.001442
18 Feb 2015 10:47:03.217         0.001912         0.000879         0.001562
18 Feb 2015 10:48:41.427         0.001709         0.000860         0.001661
18 Feb 2015 10:50:22.881         0.001506         0.000834         0.001738
18 Feb 2015 10:52:07.768         0.001304         0.000803         0.001795
18 Feb 2015 10:53:56.278         0.001106         0.000768         0.001832
18 Feb 2015 10:55:48.607         0.000913         0.000729         0.001852
18 Feb 2015 10:57:44.964         0.000728         0.000687         0.001855
18 Feb 2015 10:59:45.578         0.000551         0.000642         0.001843
18 Feb 2015 11:01:50.713         0.000384         0.000597         0.001819
18 Feb 2015 11:04:00.687         0.000225         0.000550         0.001782
18 Feb 2015 11:06:15.905         0.000077         0.000503         0.001736
18 Feb 2015 11:08:36.923        -0.000062         0.000455         0.001681
18 Feb 2015 11:10:46.578        -0.000176         0.000414         0.001627
18 Feb 2015 11:12:46.687        -0.000273         0.000377         0.001574
18 Feb 2015 11:15:01.547        -0.000371         0.000337         0.001513
18 Feb 2015 11:17:23.396        -0.000464         0.000297         0.001447
18 Feb 2015 11:19:50.907        -0.000551         0.000258         0.001379
18 Feb 2015 11:22:23.204        -0.000632         0.000219         0.001308
18 Feb 2015 11:24:59.716        -0.000707         0.000182         0.001236
18 Feb 2015 11:27:39.998        -0.000776         0.000145         0.001162
18 Feb 2015 11:30:23.657        -0.000841         0.000110         0.001088
18 Feb 2015 11:33:10.322        -0.000901         0.000075         0.001013
18 Feb 2015 11:35:59.627        -0.000957         0.000041         0.000938
18 Feb 2015 11:38:51.202        -0.001010         0.000007         0.000862
18 Feb 2015 11:41:43.793        -0.001059        -0.000025         0.000785
18 Feb 2015 11:44:36.657        -0.001106        -0.000058         0.000708
18 Feb 2015 11:47:27.642        -0.001149        -0.000089         0.000630
18 Feb 2015 11:50:19.808        -0.001191        -0.000121         0.000550
18 Feb 2015 11:53:10.858        -0.001230        -0.000153         0.000469
18 Feb 2015 11:56:00.418        -0.001267        -0.000185         0.000386
18 Feb 2015 11:58:48.057        -0.001302        -0.000217         0.000299
18 Feb 2015 12:01:33.354        -0.001335        -0.000250         0.000210
18 Feb 2015 12:04:15.900        -0.001365        -0.000282         0.000117
18 Feb 2015 12:06:56.621        -0.001392        -0.000316         0.000020
18 Feb 2015 12:09:02.532        -0.001411        -0.000343        -0.000061
18 Feb 2015 12:11:08.495        -0.001427        -0.000370        -0.000147
18 Feb 2015 12:13:18.347        -0.001442        -0.000400        -0.000240
18 Feb 2015 12:15:57.823        -0.001454        -0.000437        -0.000363
18 Feb 2015 12:18:33.918        -0.001460        -0.000475        -0.000494
18 Feb 2015 12:21:06.560        -0.001457        -0.000513        -0.000632
18 Feb 2015 12:23:35.726        -0.001445        -0.000550        -0.000777
18 Feb 2015 12:26:01.457        -0.001420        -0.000588        -0.000931
18 Feb 2015 12:28:23.865        -0.001383        -0.000624        -0.001091
18 Feb 2015 12:30:43.147        -0.001329        -0.000658        -0.001259
18 Feb 2015 12:32:59.617        -0.001258        -0.000690        -0.001433
18 Feb 2015 12:35:10.736        -0.001168        -0.000718        -0.001608
18 Feb 2015 12:37:01.472        -0.001073        -0.000739        -0.001761
18 Feb 2015 12:38:47.681        -0.000963        -0.000755        -0.001910
18 Feb 2015 12:40:44.138        -0.000820        -0.000768        -0.002074
18 Feb 2015 12:42:36.370        -0.000656        -0.000773        -0.002231
18 Feb 2015 12:44:24.529        -0.000472        -0.000771        -0.002376
18 Feb 2015 12:46:08.921        -0.000270        -0.000761        -0.002506
18 Feb 2015 12:47:49.829        -0.000050        -0.000742        -0.002619
18 Feb 2015 12:49:03.536         0.000125        -0.000722        -0.002690
18 Feb 2015 12:50:17.407         0.000313        -0.000695        -0.002751
18 Feb 2015 12:51:35.400         0.000523        -0.000660        -0.002799
18 Feb 2015 12:52:58.360         0.000759        -0.000615        -0.002831
18 Feb 2015 12:54:22.501         0.001009        -0.000559        -0.002839
18 Feb 2015 12:55:46.477         0.001266        -0.000495        -0.002821
18 Feb 2015 12:57:09.678         0.001525        -0.000422        -0.002773
18 Feb 2015 12:58:31.385         0.001777        -0.000343        -0.002696
18 Feb 2015 12:59:51.677         0.002020        -0.000257        -0.002589
18 Feb 2015 13:01:10.982         0.002249        -0.000167        -0.002454
18 Feb 2015 13:02:29.434         0.002462        -0.000073        -0.002292
18 Feb 2015 13:03:45.038         0.002648         0.000020        -0.002110
18 Feb 2015 13:04:42.143         0.002775         0.000092        -0.001957
18 Feb 2015 13:05:38.677         0.002887         0.000163        -0.001794
18 Feb 2015 13:06:51.231         0.003008         0.000253        -0.001571
18 Feb 2015 13:08:04.840         0.003104         0.000341        -0.001332
18 Feb 2015 13:09:21.250         0.003174         0.000428        -0.001075
18 Feb 2015 13:10:35.601         0.003212         0.000508        -0.000820
18 Feb 2015 13:11:52.134         0.003221         0.000584        -0.000556
18 Feb 2015 13:13:07.099         0.003201         0.000650        -0.000300
18 Feb 2015 13:14:20.103         0.003156         0.000707        -0.000058
18 Feb 2015 13:15:21.390         0.003101         0.000749         0.000137
18 Feb 2015 13:16:22.789         0.003031         0.000785         0.000324
18 Feb 2015 13:17:34.887         0.002933         0.000820         0.000531
18 Feb 2015 13:18:58.078         0.002800         0.000851         0.000751
18 Feb 2015 13:20:23.200         0.002649         0.000872         0.000953
18 Feb 2015 13:21:50.538         0.002481         0.000885         0.001137
18 Feb 2015 13:23:20.313         0.002300         0.000889         0.001300
18 Feb 2015 13:24:52.739         0.002109         0.000885         0.001442
18 Feb 2015 13:26:28.021         0.001911         0.000873         0.001562
18 Feb 2015 13:28:06.358         0.001709         0.000854         0.001660
18 Feb 2015 13:29:47.941         0.001506         0.000829         0.001737
18 Feb 2015 13:31:32.960         0.001304         0.000799         0.001794
18 Feb 2015 13:33:21.604         0.001106         0.000764         0.001831
18 Feb 2015 13:35:14.067         0.000913         0.000725         0.001850
18 Feb 2015 13:37:10.559         0.000728         0.000684         0.001854
18 Feb 2015 13:39:11.309         0.000552         0.000640         0.001842
18 Feb 2015 13:41:16.583         0.000384         0.000595         0.001817
18 Feb 2015 13:43:26.695         0.000226         0.000549         0.001781
18 Feb 2015 13:45:42.055         0.000077         0.000502         0.001735
18 Feb 2015 13:48:03.218        -0.000061         0.000455         0.001681
18 Feb 2015 13:50:13.180        -0.000176         0.000414         0.001626
18 Feb 2015 13:52:13.325        -0.000273         0.000377         0.001574
18 Feb 2015 13:54:28.258        -0.000371         0.000338         0.001513
18 Feb 2015 13:56:50.151        -0.000464         0.000298         0.001447
18 Feb 2015 13:59:17.683        -0.000552         0.000259         0.001379
18 Feb 2015 14:01:49.972        -0.000633         0.000221         0.001308
18 Feb 2015 14:04:26.450        -0.000708         0.000184         0.001236
18 Feb 2015 14:07:06.668        -0.000778         0.000147         0.001163
18 Feb 2015 14:09:50.231        -0.000842         0.000112         0.001089
18 Feb 2015 14:12:36.772        -0.000903         0.000077         0.001014
18 Feb 2015 14:15:25.920        -0.000959         0.000043         0.000939
18 Feb 2015 14:18:17.308        -0.001012         0.000010         0.000862
18 Feb 2015 14:21:09.565        -0.001062        -0.000023         0.000786
18 Feb 2015 14:24:02.075        -0.001109        -0.000055         0.000708
18 Feb 2015 14:26:52.680        -0.001153        -0.000087         0.000631
18 Feb 2015 14:29:44.447        -0.001195        -0.000118         0.000551
18 Feb 2015 14:32:35.082        -0.001234        -0.000150         0.000469
18 Feb 2015 14:35:24.214        -0.001272        -0.000182         0.000386
18 Feb 2015 14:38:11.415        -0.001307        -0.000214         0.000299
18 Feb 2015 14:40:56.273        -0.001340        -0.000247         0.000209
18 Feb 2015 14:43:38.384        -0.001370        -0.000280         0.000116
18 Feb 2015 14:46:18.781        -0.001397        -0.000313         0.000018
18 Feb 2015 14:48:22.877        -0.001416        -0.000340        -0.000062
18 Feb 2015 14:50:27.401        -0.001433        -0.000368        -0.000147
18 Feb 2015 14:52:54.936        -0.001449        -0.000401        -0.000255
18 Feb 2015 14:55:33.621        -0.001462        -0.000439        -0.000379
18 Feb 2015 14:58:08.920        -0.001466        -0.000476        -0.000511
18 Feb 2015 15:00:40.767        -0.001463        -0.000514        -0.000650
18 Feb 2015 15:03:09.147        -0.001449        -0.000552        -0.000797
18 Feb 2015 15:05:34.109        -0.001423        -0.000589        -0.000952
18 Feb 2015 15:07:55.772        -0.001384        -0.000626        -0.001114
18 Feb 2015 15:10:14.345        -0.001328        -0.000660        -0.001283
18 Feb 2015 15:12:30.156        -0.001254        -0.000692        -0.001457
18 Feb 2015 15:14:40.165        -0.001161        -0.000720        -0.001633
18 Feb 2015 15:16:29.160        -0.001065        -0.000740        -0.001784
18 Feb 2015 15:18:17.127        -0.000950        -0.000756        -0.001937
18 Feb 2015 15:20:12.705        -0.000804        -0.000768        -0.002100
18 Feb 2015 15:22:04.098        -0.000637        -0.000774        -0.002255
18 Feb 2015 15:23:51.487        -0.000450        -0.000771        -0.002398
18 Feb 2015 15:25:35.173        -0.000245        -0.000760        -0.002526
18 Feb 2015 15:27:15.434        -0.000023        -0.000740        -0.002637
18 Feb 2015 15:28:21.730         0.000136        -0.000721        -0.002700
18 Feb 2015 15:29:28.179         0.000306        -0.000698        -0.002754
18 Feb 2015 15:30:46.633         0.000518        -0.000663        -0.002803
18 Feb 2015 15:32:09.373         0.000754        -0.000619        -0.002834
18 Feb 2015 15:33:33.383         0.001004        -0.000564        -0.002843
18 Feb 2015 15:34:57.266         0.001261        -0.000501        -0.002824
18 Feb 2015 15:36:20.397         0.001520        -0.000429        -0.002777
18 Feb 2015 15:37:42.088         0.001773        -0.000350        -0.002699
18 Feb 2015 15:39:02.370         0.002016        -0.000265        -0.002593
18 Feb 2015 15:40:21.674         0.002245        -0.000176        -0.002458
18 Feb 2015 15:41:40.103         0.002458        -0.000082        -0.002296
18 Feb 2015 15:42:55.635         0.002645         0.000010        -0.002114
18 Feb 2015 15:43:48.951         0.002764         0.000077        -0.001972
18 Feb 2015 15:44:41.551         0.002870         0.000143        -0.001821
18 Feb 2015 15:45:52.480         0.002992         0.000230        -0.001605
18 Feb 2015 15:47:06.343         0.003092         0.000319        -0.001368
18 Feb 2015 15:48:22.024         0.003165         0.000406        -0.001114
18 Feb 2015 15:49:36.484         0.003208         0.000487        -0.000859
18 Feb 2015 15:50:52.576         0.003221         0.000563        -0.000597
18 Feb 2015 15:52:07.994         0.003206         0.000631        -0.000339
18 Feb 2015 15:53:21.259         0.003165         0.000689        -0.000095
18 Feb 2015 15:54:32.837         0.003102         0.000738         0.000133
18 Feb 2015 15:55:37.424         0.003029         0.000776         0.000329
18 Feb 2015 15:56:49.185         0.002930         0.000811         0.000535
18 Feb 2015 15:58:12.495         0.002798         0.000842         0.000754
18 Feb 2015 15:59:37.741         0.002646         0.000864         0.000956
18 Feb 2015 16:01:05.212         0.002478         0.000877         0.001139
18 Feb 2015 16:02:35.128         0.002297         0.000881         0.001301
18 Feb 2015 16:04:07.702         0.002106         0.000877         0.001443
18 Feb 2015 16:05:43.138         0.001908         0.000866         0.001562
18 Feb 2015 16:07:21.633         0.001706         0.000848         0.001660
18 Feb 2015 16:09:03.380         0.001503         0.000823         0.001737
18 Feb 2015 16:10:48.567         0.001301         0.000793         0.001793
18 Feb 2015 16:12:37.382         0.001104         0.000759         0.001830
18 Feb 2015 16:14:30.021         0.000912         0.000721         0.001849
18 Feb 2015 16:16:26.692         0.000727         0.000680         0.001852
18 Feb 2015 16:18:27.624         0.000550         0.000637         0.001840
18 Feb 2015 16:20:33.082         0.000383         0.000593         0.001816
18 Feb 2015 16:22:43.385         0.000225         0.000547         0.001780
18 Feb 2015 16:24:58.941         0.000076         0.000501         0.001734
18 Feb 2015 16:27:20.314        -0.000063         0.000455         0.001679
18 Feb 2015 16:29:30.160        -0.000177         0.000414         0.001625
18 Feb 2015 16:31:30.636        -0.000274         0.000377         0.001573
18 Feb 2015 16:33:45.715        -0.000372         0.000338         0.001512
18 Feb 2015 16:36:07.719        -0.000466         0.000299         0.001447
18 Feb 2015 16:38:35.321        -0.000553         0.000260         0.001378
18 Feb 2015 16:41:07.649        -0.000634         0.000222         0.001308
18 Feb 2015 16:43:44.131        -0.000710         0.000185         0.001236
18 Feb 2015 16:46:24.321        -0.000780         0.000149         0.001163
18 Feb 2015 16:49:07.823        -0.000845         0.000114         0.001089
18 Feb 2015 16:51:54.267        -0.000905         0.000079         0.001014
18 Feb 2015 16:54:43.284        -0.000962         0.000045         0.000939
18 Feb 2015 16:57:34.507        -0.001016         0.000012         0.000862
18 Feb 2015 17:00:26.438        -0.001066        -0.000020         0.000786
18 Feb 2015 17:03:18.595        -0.001113        -0.000053         0.000708
18 Feb 2015 17:06:08.928        -0.001157        -0.000084         0.000630
18 Feb 2015 17:09:00.286        -0.001199        -0.000116         0.000550
18 Feb 2015 17:11:50.494        -0.001239        -0.000148         0.000469
18 Feb 2015 17:14:39.183        -0.001277        -0.000180         0.000385
18 Feb 2015 17:17:25.926        -0.001313        -0.000212         0.000298
18 Feb 2015 17:20:10.317        -0.001346        -0.000245         0.000208
18 Feb 2015 17:22:51.962        -0.001376        -0.000277         0.000114
18 Feb 2015 17:25:32.090        -0.001404        -0.000311         0.000016
18 Feb 2015 17:27:33.840        -0.001422        -0.000337        -0.000064
18 Feb 2015 17:29:34.881        -0.001439        -0.000364        -0.000147
18 Feb 2015 17:32:04.524        -0.001456        -0.000399        -0.000257
18 Feb 2015 17:34:42.760        -0.001468        -0.000436        -0.000382
18 Feb 2015 17:37:17.615        -0.001473        -0.000474        -0.000514
18 Feb 2015 17:39:49.023        -0.001469        -0.000512        -0.000654
18 Feb 2015 17:42:16.972        -0.001455        -0.000550        -0.000802
18 Feb 2015 17:44:41.511        -0.001429        -0.000588        -0.000957
18 Feb 2015 17:47:02.762        -0.001389        -0.000624        -0.001119
18 Feb 2015 17:49:20.933        -0.001333        -0.000659        -0.001289
18 Feb 2015 17:51:36.349        -0.001258        -0.000691        -0.001464
18 Feb 2015 17:53:45.863        -0.001165        -0.000719        -0.001640
18 Feb 2015 17:55:49.822        -0.001053        -0.000742        -0.001813
18 Feb 2015 17:57:48.296        -0.000922        -0.000759        -0.001981
18 Feb 2015 17:59:42.649        -0.000770        -0.000770        -0.002143
18 Feb 2015 18:01:32.782        -0.000598        -0.000774        -0.002295
18 Feb 2015 18:03:19.011        -0.000407        -0.000770        -0.002435
18 Feb 2015 18:05:01.629        -0.000197        -0.000757        -0.002559
18 Feb 2015 18:06:40.909         0.000029        -0.000736        -0.002664
18 Feb 2015 18:07:47.754         0.000194        -0.000715        -0.002725
18 Feb 2015 18:08:54.718         0.000369        -0.000690        -0.002775
18 Feb 2015 18:10:15.185         0.000591        -0.000653        -0.002819
18 Feb 2015 18:11:38.416         0.000833        -0.000605        -0.002843
18 Feb 2015 18:13:02.372         0.001086        -0.000548        -0.002843
18 Feb 2015 18:14:25.960         0.001344        -0.000483        -0.002815
18 Feb 2015 18:15:48.703         0.001602        -0.000409        -0.002757
18 Feb 2015 18:17:09.860         0.001853        -0.000329        -0.002670
18 Feb 2015 18:18:29.743         0.002092        -0.000243        -0.002554
18 Feb 2015 18:19:48.804         0.002317        -0.000153        -0.002410
18 Feb 2015 18:21:06.527         0.002522        -0.000060        -0.002240
18 Feb 2015 18:22:20.541         0.002699         0.000032        -0.002054
18 Feb 2015 18:23:29.120         0.002843         0.000117        -0.001863
18 Feb 2015 18:24:31.859         0.002957         0.000194        -0.001675
18 Feb 2015 18:25:46.215         0.003066         0.000284        -0.001439
18 Feb 2015 18:27:00.507         0.003146         0.000370        -0.001193
18 Feb 2015 18:28:15.785         0.003198         0.000453        -0.000936
18 Feb 2015 18:29:30.918         0.003221         0.000530        -0.000677
18 Feb 2015 18:30:47.484         0.003213         0.000601        -0.000415
18 Feb 2015 18:32:01.203         0.003180         0.000663        -0.000168
18 Feb 2015 18:33:13.562         0.003123         0.000715         0.000066
18 Feb 2015 18:34:21.711         0.003050         0.000757         0.000276
18 Feb 2015 18:35:26.214         0.002966         0.000790         0.000464
18 Feb 2015 18:36:48.980         0.002841         0.000825         0.000688
18 Feb 2015 18:38:13.671         0.002695         0.000850         0.000895
18 Feb 2015 18:39:40.523         0.002532         0.000866         0.001084
18 Feb 2015 18:41:09.757         0.002354         0.000873         0.001252
18 Feb 2015 18:42:41.588         0.002166         0.000872         0.001400
18 Feb 2015 18:44:16.221         0.001970         0.000864         0.001526
18 Feb 2015 18:45:53.856         0.001769         0.000848         0.001631
18 Feb 2015 18:47:34.686         0.001566         0.000826         0.001714
18 Feb 2015 18:49:18.899         0.001364         0.000798         0.001776
18 Feb 2015 18:51:06.682         0.001165         0.000766         0.001819
18 Feb 2015 18:52:58.228         0.000971         0.000730         0.001844
18 Feb 2015 18:54:53.739         0.000784         0.000690         0.001851
18 Feb 2015 18:56:53.435         0.000605         0.000649         0.001844
18 Feb 2015 18:58:57.570         0.000435         0.000605         0.001824
18 Feb 2015 19:01:06.443         0.000274         0.000560         0.001791
18 Feb 2015 19:03:20.428         0.000122         0.000515         0.001749
18 Feb 2015 19:05:40.034        -0.000019         0.000469         0.001697
18 Feb 2015 19:07:25.556        -0.000117         0.000435         0.001654
18 Feb 2015 19:09:10.793        -0.000206         0.000403         0.001610
18 Feb 2015 19:11:19.871        -0.000307         0.000365         0.001553
18 Feb 2015 19:13:37.352        -0.000404         0.000326         0.001490
18 Feb 2015 19:16:01.373        -0.000495         0.000287         0.001424
18 Feb 2015 19:18:30.623        -0.000581         0.000249         0.001355
18 Feb 2015 19:21:04.359        -0.000660         0.000212         0.001285
18 Feb 2015 19:23:42.066        -0.000734         0.000175         0.001212
18 Feb 2015 19:26:23.314        -0.000803         0.000139         0.001139
18 Feb 2015 19:29:07.722        -0.000867         0.000105         0.001065
18 Feb 2015 19:31:54.920        -0.000927         0.000070         0.000990
18 Feb 2015 19:34:44.540        -0.000982         0.000037         0.000914
18 Feb 2015 19:37:35.790        -0.001035         0.000004         0.000838
18 Feb 2015 19:40:27.508        -0.001085        -0.000028         0.000761
18 Feb 2015 19:43:12.843        -0.001129        -0.000059         0.000686
18 Feb 2015 19:46:04.484        -0.001174        -0.000091         0.000607
18 Feb 2015 19:48:55.096        -0.001216        -0.000123         0.000526
18 Feb 2015 19:51:44.480        -0.001255        -0.000155         0.000444
18 Feb 2015 19:54:32.201        -0.001293        -0.000187         0.000359
18 Feb 2015 19:57:17.846        -0.001328        -0.000219         0.000271
18 Feb 2015 20:00:01.017        -0.001361        -0.000252         0.000179
18 Feb 2015 20:02:41.324        -0.001390        -0.000285         0.000084
18 Feb 2015 20:05:20.105        -0.001417        -0.000319        -0.000016
18 Feb 2015 20:07:21.851        -0.001435        -0.000345        -0.000098
18 Feb 2015 20:09:20.746        -0.001451        -0.000372        -0.000182
18 Feb 2015 20:12:00.600        -0.001467        -0.000410        -0.000303
18 Feb 2015 20:14:37.189        -0.001477        -0.000448        -0.000431
18 Feb 2015 20:17:10.374        -0.001479        -0.000486        -0.000567
18 Feb 2015 20:19:40.107        -0.001471        -0.000524        -0.000710
18 Feb 2015 20:22:06.399        -0.001453        -0.000562        -0.000861
18 Feb 2015 20:24:29.326        -0.001422        -0.000599        -0.001020
18 Feb 2015 20:26:49.038        -0.001376        -0.000635        -0.001185
18 Feb 2015 20:29:05.781        -0.001313        -0.000669        -0.001357
18 Feb 2015 20:31:18.642        -0.001232        -0.000700        -0.001534
18 Feb 2015 20:33:25.639        -0.001132        -0.000726        -0.001709
18 Feb 2015 20:35:27.330        -0.001012        -0.000748        -0.001881
18 Feb 2015 20:37:24.474        -0.000872        -0.000763        -0.002048
18 Feb 2015 20:39:16.916        -0.000712        -0.000772        -0.002206
18 Feb 2015 20:41:05.282        -0.000532        -0.000773        -0.002354
18 Feb 2015 20:42:49.882        -0.000333        -0.000766        -0.002488
18 Feb 2015 20:44:31.000        -0.000117        -0.000751        -0.002605
18 Feb 2015 20:45:54.441         0.000079        -0.000731        -0.002690
18 Feb 2015 20:47:08.763         0.000268        -0.000707        -0.002752
18 Feb 2015 20:48:23.119         0.000467        -0.000676        -0.002801
18 Feb 2015 20:49:45.041         0.000700        -0.000635        -0.002837
18 Feb 2015 20:51:08.679         0.000948        -0.000584        -0.002850
18 Feb 2015 20:52:32.447         0.001205        -0.000523        -0.002837
18 Feb 2015 20:53:55.592         0.001464        -0.000454        -0.002794
18 Feb 2015 20:55:17.528         0.001719        -0.000378        -0.002723
18 Feb 2015 20:56:38.012         0.001964        -0.000296        -0.002622
18 Feb 2015 20:57:57.450         0.002198        -0.000208        -0.002492
18 Feb 2015 20:59:16.074         0.002415        -0.000117        -0.002335
18 Feb 2015 21:00:32.180         0.002607        -0.000025        -0.002156
18 Feb 2015 21:01:32.741         0.002746         0.000050        -0.001997
18 Feb 2015 21:02:32.796         0.002868         0.000124        -0.001826
18 Feb 2015 21:03:42.616         0.002988         0.000209        -0.001614
18 Feb 2015 21:04:56.469         0.003089         0.000297        -0.001377
18 Feb 2015 21:06:12.675         0.003164         0.000385        -0.001122
18 Feb 2015 21:07:26.942         0.003207         0.000465        -0.000868
18 Feb 2015 21:08:43.264         0.003222         0.000541        -0.000605
18 Feb 2015 21:09:58.618         0.003207         0.000609        -0.000348
18 Feb 2015 21:11:12.046         0.003167         0.000668        -0.000104
18 Feb 2015 21:12:23.879         0.003105         0.000718         0.000125
18 Feb 2015 21:13:29.152         0.003031         0.000756         0.000323
18 Feb 2015 21:14:40.266         0.002934         0.000791         0.000526
18 Feb 2015 21:16:03.674         0.002803         0.000823         0.000745
18 Feb 2015 21:17:29.016         0.002652         0.000846         0.000947
18 Feb 2015 21:18:56.584         0.002485         0.000861         0.001131
18 Feb 2015 21:20:26.597         0.002304         0.000866         0.001293
18 Feb 2015 21:21:59.267         0.002114         0.000864         0.001435
18 Feb 2015 21:23:34.798         0.001916         0.000854         0.001555
18 Feb 2015 21:25:13.385         0.001715         0.000837         0.001654
18 Feb 2015 21:26:55.219         0.001512         0.000814         0.001731
18 Feb 2015 21:28:40.488         0.001311         0.000786         0.001788
18 Feb 2015 21:30:29.379         0.001113         0.000753         0.001826
18 Feb 2015 21:32:22.085         0.000921         0.000716         0.001846
18 Feb 2015 21:34:18.814         0.000736         0.000677         0.001850
18 Feb 2015 21:36:19.792         0.000560         0.000635         0.001839
18 Feb 2015 21:38:25.282         0.000392         0.000592         0.001815
18 Feb 2015 21:40:35.602         0.000233         0.000547         0.001780
18 Feb 2015 21:42:51.154         0.000085         0.000502         0.001735
18 Feb 2015 21:45:12.497        -0.000055         0.000456         0.001681
18 Feb 2015 21:47:11.466        -0.000161         0.000420         0.001632
18 Feb 2015 21:49:10.330        -0.000258         0.000384         0.001581
18 Feb 2015 21:51:24.132        -0.000357         0.000346         0.001521
18 Feb 2015 21:53:45.221        -0.000452         0.000307         0.001457
18 Feb 2015 21:56:12.049        -0.000540         0.000269         0.001390
18 Feb 2015 21:58:43.660        -0.000623         0.000231         0.001320
18 Feb 2015 22:01:19.451        -0.000700         0.000195         0.001248
18 Feb 2015 22:03:58.955        -0.000771         0.000159         0.001175
18 Feb 2015 22:06:41.773        -0.000838         0.000124         0.001102
18 Feb 2015 22:09:27.532        -0.000900         0.000089         0.001027
18 Feb 2015 22:12:15.863        -0.000958         0.000056         0.000952
18 Feb 2015 22:15:06.399        -0.001012         0.000023         0.000876
18 Feb 2015 22:17:57.613        -0.001064        -0.000010         0.000799
18 Feb 2015 22:20:49.075        -0.001112        -0.000042         0.000722
18 Feb 2015 22:23:34.331        -0.001156        -0.000073         0.000646
18 Feb 2015 22:26:25.220        -0.001199        -0.000105         0.000566
18 Feb 2015 22:29:14.850        -0.001241        -0.000136         0.000485
18 Feb 2015 22:32:03.019        -0.001280        -0.000168         0.000400
18 Feb 2015 22:34:49.301        -0.001316        -0.000200         0.000314
18 Feb 2015 22:37:33.296        -0.001350        -0.000233         0.000224
18 Feb 2015 22:40:14.619        -0.001382        -0.000266         0.000130
18 Feb 2015 22:42:53.101        -0.001410        -0.000299         0.000032
18 Feb 2015 22:45:06.606        -0.001432        -0.000328        -0.000055
18 Feb 2015 22:47:18.913        -0.001450        -0.000358        -0.000147
18 Feb 2015 22:49:44.685        -0.001467        -0.000392        -0.000255
18 Feb 2015 22:52:22.198        -0.001480        -0.000430        -0.000381
18 Feb 2015 22:54:56.340        -0.001485        -0.000468        -0.000514
18 Feb 2015 22:57:27.048        -0.001482        -0.000506        -0.000655
18 Feb 2015 22:59:54.309        -0.001468        -0.000545        -0.000803
18 Feb 2015 23:02:18.175        -0.001442        -0.000582        -0.000959
18 Feb 2015 23:04:38.764        -0.001402        -0.000619        -0.001123
18 Feb 2015 23:06:56.281        -0.001346        -0.000654        -0.001293
18 Feb 2015 23:09:11.042        -0.001271        -0.000687        -0.001469
18 Feb 2015 23:11:19.860        -0.001178        -0.000715        -0.001645
18 Feb 2015 23:13:23.193        -0.001066        -0.000739        -0.001819
18 Feb 2015 23:15:21.653        -0.000934        -0.000757        -0.001988
18 Feb 2015 23:17:15.484        -0.000781        -0.000769        -0.002150
18 Feb 2015 23:19:05.138        -0.000609        -0.000774        -0.002302
18 Feb 2015 23:20:50.935        -0.000417        -0.000771        -0.002442
18 Feb 2015 23:22:33.166        -0.000207        -0.000759        -0.002566
18 Feb 2015 23:24:12.099         0.000019        -0.000739        -0.002671
18 Feb 2015 23:25:15.675         0.000177        -0.000721        -0.002729
18 Feb 2015 23:26:19.384         0.000343        -0.000698        -0.002778
18 Feb 2015 23:27:39.036         0.000563        -0.000662        -0.002823
18 Feb 2015 23:29:01.787         0.000803        -0.000617        -0.002849
18 Feb 2015 23:30:25.501         0.001056        -0.000563        -0.002851
18 Feb 2015 23:31:48.967         0.001315        -0.000499        -0.002825
18 Feb 2015 23:33:11.655         0.001573        -0.000428        -0.002770
18 Feb 2015 23:34:32.892         0.001825        -0.000349        -0.002685
18 Feb 2015 23:35:52.843         0.002066        -0.000266        -0.002572
18 Feb 2015 23:37:11.953         0.002293        -0.000177        -0.002430
18 Feb 2015 23:38:29.767         0.002500        -0.000085        -0.002262
18 Feb 2015 23:39:43.972         0.002680         0.000005        -0.002077
18 Feb 2015 23:40:35.868         0.002793         0.000069        -0.001936
18 Feb 2015 23:41:26.204         0.002891         0.000131        -0.001789
18 Feb 2015 23:42:41.656         0.003016         0.000222        -0.001557
18 Feb 2015 23:43:55.417         0.003110         0.000309        -0.001317
18 Feb 2015 23:45:12.205         0.003177         0.000396        -0.001059
18 Feb 2015 23:46:26.377         0.003213         0.000474        -0.000804
18 Feb 2015 23:47:44.023         0.003220         0.000549        -0.000537
18 Feb 2015 23:48:58.636         0.003199         0.000615        -0.000285
18 Feb 2015 23:50:11.847         0.003152         0.000672        -0.000044
18 Feb 2015 23:51:11.478         0.003098         0.000712         0.000144
18 Feb 2015 23:52:11.243         0.003030         0.000747         0.000325
18 Feb 2015 23:53:24.267         0.002930         0.000783         0.000533
18 Feb 2015 23:54:47.802         0.002798         0.000815         0.000751
18 Feb 2015 23:56:13.294         0.002647         0.000838         0.000952
18 Feb 2015 23:57:41.024         0.002480         0.000853         0.001135
18 Feb 2015 23:59:11.209         0.002299         0.000859         0.001297
19 Feb 2015 00:00:44.061         0.002108         0.000857         0.001438
19 Feb 2015 00:02:19.782         0.001911         0.000847         0.001557
19 Feb 2015 00:03:58.567         0.001710         0.000830         0.001655
19 Feb 2015 00:05:40.607         0.001507         0.000808         0.001731
19 Feb 2015 00:07:26.088         0.001306         0.000780         0.001788
19 Feb 2015 00:09:15.196         0.001109         0.000748         0.001825
19 Feb 2015 00:11:08.124         0.000917         0.000712         0.001845
19 Feb 2015 00:13:05.080         0.000733         0.000673         0.001848
19 Feb 2015 00:15:06.294         0.000556         0.000632         0.001837
19 Feb 2015 00:17:12.027         0.000389         0.000589         0.001813
19 Feb 2015 00:19:22.597         0.000230         0.000545         0.001778
19 Feb 2015 00:21:38.413         0.000082         0.000500         0.001733
19 Feb 2015 00:23:59.841        -0.000057         0.000455         0.001679
19 Feb 2015 00:26:11.834        -0.000174         0.000415         0.001625
19 Feb 2015 00:28:11.495        -0.000271         0.000380         0.001573
19 Feb 2015 00:30:26.546        -0.000370         0.000342         0.001513
19 Feb 2015 00:32:48.484        -0.000463         0.000303         0.001449
19 Feb 2015 00:35:15.987        -0.000552         0.000266         0.001381
19 Feb 2015 00:37:48.158        -0.000634         0.000228         0.001311
19 Feb 2015 00:40:24.412        -0.000710         0.000192         0.001239
19 Feb 2015 00:43:04.299        -0.000781         0.000156         0.001167
19 Feb 2015 00:45:47.422        -0.000847         0.000122         0.001093
19 Feb 2015 00:48:33.410        -0.000909         0.000088         0.001018
19 Feb 2015 00:51:21.892        -0.000967         0.000054         0.000943
19 Feb 2015 00:54:12.280        -0.001022         0.000021         0.000867
19 Feb 2015 00:57:03.231        -0.001073        -0.000011         0.000790
19 Feb 2015 00:59:54.351        -0.001121        -0.000043         0.000713
19 Feb 2015 01:02:42.255        -0.001166        -0.000075         0.000635
19 Feb 2015 01:05:32.526        -0.001210        -0.000106         0.000555
19 Feb 2015 01:08:21.573        -0.001251        -0.000138         0.000473
19 Feb 2015 01:11:09.082        -0.001290        -0.000170         0.000388
19 Feb 2015 01:13:54.636        -0.001326        -0.000202         0.000301
19 Feb 2015 01:16:37.849        -0.001360        -0.000235         0.000210
19 Feb 2015 01:19:18.334        -0.001392        -0.000268         0.000115
19 Feb 2015 01:21:57.291        -0.001420        -0.000302         0.000015
19 Feb 2015 01:23:55.750        -0.001439        -0.000328        -0.000063
19 Feb 2015 01:25:51.992        -0.001456        -0.000354        -0.000145
19 Feb 2015 01:28:20.614        -0.001473        -0.000389        -0.000256
19 Feb 2015 01:30:57.742        -0.001486        -0.000427        -0.000382
19 Feb 2015 01:33:31.504        -0.001492        -0.000465        -0.000515
19 Feb 2015 01:36:01.839        -0.001488        -0.000503        -0.000657
19 Feb 2015 01:38:28.734        -0.001474        -0.000542        -0.000806
19 Feb 2015 01:40:52.241        -0.001449        -0.000580        -0.000962
19 Feb 2015 01:43:12.479        -0.001409        -0.000617        -0.001126
19 Feb 2015 01:45:29.650        -0.001352        -0.000652        -0.001296
19 Feb 2015 01:47:44.066        -0.001277        -0.000685        -0.001473
19 Feb 2015 01:49:52.497        -0.001184        -0.000714        -0.001649
19 Feb 2015 01:51:55.480        -0.001071        -0.000738        -0.001823
19 Feb 2015 01:53:53.541        -0.000939        -0.000756        -0.001992
19 Feb 2015 01:55:47.087        -0.000786        -0.000768        -0.002154
19 Feb 2015 01:57:36.486        -0.000614        -0.000773        -0.002307
19 Feb 2015 01:59:22.053        -0.000421        -0.000771        -0.002446
19 Feb 2015 02:01:04.076        -0.000211        -0.000760        -0.002570
19 Feb 2015 02:02:42.823         0.000016        -0.000740        -0.002675
19 Feb 2015 02:03:44.742         0.000169        -0.000723        -0.002732
19 Feb 2015 02:04:46.805         0.000332        -0.000701        -0.002779
19 Feb 2015 02:06:06.062         0.000550        -0.000667        -0.002825
19 Feb 2015 02:07:28.568         0.000790        -0.000623        -0.002852
19 Feb 2015 02:08:52.154         0.001042        -0.000569        -0.002855
19 Feb 2015 02:10:15.552         0.001301        -0.000507        -0.002830
19 Feb 2015 02:11:38.206         0.001560        -0.000437        -0.002776
19 Feb 2015 02:12:59.476         0.001812        -0.000359        -0.002692
19 Feb 2015 02:14:19.454         0.002054        -0.000276        -0.002580
19 Feb 2015 02:15:38.585         0.002282        -0.000188        -0.002439
19 Feb 2015 02:16:56.431         0.002490        -0.000097        -0.002272
19 Feb 2015 02:18:10.708         0.002671        -0.000008        -0.002088
19 Feb 2015 02:19:06.540         0.002793         0.000061        -0.001936
19 Feb 2015 02:20:00.864         0.002899         0.000127        -0.001778
19 Feb 2015 02:21:16.159         0.003022         0.000218        -0.001545
19 Feb 2015 02:22:30.017         0.003114         0.000304        -0.001304
19 Feb 2015 02:23:46.883         0.003180         0.000390        -0.001045
19 Feb 2015 02:25:01.136         0.003214         0.000468        -0.000791
19 Feb 2015 02:26:18.984         0.003220         0.000543        -0.000523
19 Feb 2015 02:27:33.475         0.003197         0.000608        -0.000272
19 Feb 2015 02:28:46.700         0.003149         0.000665        -0.000032
19 Feb 2015 02:29:44.239         0.003096         0.000703         0.000149
19 Feb 2015 02:30:41.941         0.003030         0.000738         0.000323
19 Feb 2015 02:31:55.502         0.002930         0.000774         0.000532
19 Feb 2015 02:33:19.113         0.002798         0.000806         0.000750
19 Feb 2015 02:34:44.690         0.002647         0.000830         0.000951
19 Feb 2015 02:36:12.509         0.002480         0.000845         0.001134
19 Feb 2015 02:37:42.787         0.002299         0.000851         0.001295
19 Feb 2015 02:39:15.734         0.002109         0.000850         0.001436
19 Feb 2015 02:40:51.553         0.001912         0.000840         0.001555
19 Feb 2015 02:42:30.438         0.001711         0.000825         0.001653
19 Feb 2015 02:44:12.579         0.001508         0.000803         0.001729
19 Feb 2015 02:45:58.161         0.001308         0.000776         0.001786
19 Feb 2015 02:47:47.370         0.001110         0.000744         0.001823
19 Feb 2015 02:49:40.400         0.000919         0.000709         0.001843
19 Feb 2015 02:51:37.457         0.000734         0.000670         0.001847
19 Feb 2015 02:53:38.768         0.000558         0.000630         0.001836
19 Feb 2015 02:55:44.596         0.000390         0.000587         0.001812
19 Feb 2015 02:57:55.261         0.000232         0.000544         0.001777
19 Feb 2015 03:00:11.167         0.000083         0.000500         0.001732
19 Feb 2015 03:02:32.546        -0.000056         0.000455         0.001679
19 Feb 2015 03:04:31.931        -0.000162         0.000419         0.001630
19 Feb 2015 03:06:31.225        -0.000259         0.000384         0.001579
19 Feb 2015 03:08:45.271        -0.000359         0.000347         0.001520
19 Feb 2015 03:11:06.545        -0.000453         0.000309         0.001456
19 Feb 2015 03:13:33.491        -0.000542         0.000271         0.001389
19 Feb 2015 03:16:05.158        -0.000625         0.000234         0.001319
19 Feb 2015 03:18:40.942        -0.000703         0.000198         0.001248
19 Feb 2015 03:21:20.377        -0.000774         0.000162         0.001176
19 Feb 2015 03:24:03.063        -0.000841         0.000128         0.001102
19 Feb 2015 03:26:48.624        -0.000904         0.000094         0.001028
19 Feb 2015 03:29:36.692        -0.000963         0.000060         0.000953
19 Feb 2015 03:32:26.701        -0.001018         0.000027         0.000877
19 Feb 2015 03:35:17.293        -0.001070        -0.000005         0.000800
19 Feb 2015 03:38:08.079        -0.001119        -0.000037         0.000722
19 Feb 2015 03:40:48.905        -0.001163        -0.000067         0.000648
19 Feb 2015 03:43:39.165        -0.001207        -0.000099         0.000568
19 Feb 2015 03:46:28.011        -0.001249        -0.000130         0.000486
19 Feb 2015 03:49:15.375        -0.001288        -0.000162         0.000401
19 Feb 2015 03:52:00.837        -0.001326        -0.000194         0.000314
19 Feb 2015 03:54:44.012        -0.001361        -0.000227         0.000223
19 Feb 2015 03:57:24.522        -0.001393        -0.000260         0.000129
19 Feb 2015 04:00:02.339        -0.001422        -0.000294         0.000030
19 Feb 2015 04:02:10.278        -0.001443        -0.000322        -0.000055
19 Feb 2015 04:04:16.511        -0.001461        -0.000350        -0.000143
19 Feb 2015 04:06:41.472        -0.001479        -0.000384        -0.000252
19 Feb 2015 04:09:18.323        -0.001492        -0.000422        -0.000378
19 Feb 2015 04:11:51.816        -0.001498        -0.000461        -0.000512
19 Feb 2015 04:14:21.888        -0.001495        -0.000499        -0.000654
19 Feb 2015 04:16:48.527        -0.001481        -0.000538        -0.000803
19 Feb 2015 04:19:11.782        -0.001456        -0.000576        -0.000960
19 Feb 2015 04:21:31.771        -0.001416        -0.000613        -0.001124
19 Feb 2015 04:23:48.690        -0.001360        -0.000649        -0.001294
19 Feb 2015 04:26:02.845        -0.001286        -0.000682        -0.001471
19 Feb 2015 04:28:11.071        -0.001193        -0.000711        -0.001647
19 Feb 2015 04:30:13.870        -0.001080        -0.000736        -0.001821
19 Feb 2015 04:32:11.760        -0.000948        -0.000755        -0.001991
19 Feb 2015 04:34:05.167        -0.000796        -0.000767        -0.002154
19 Feb 2015 04:35:54.435        -0.000624        -0.000773        -0.002306
19 Feb 2015 04:37:39.887        -0.000432        -0.000771        -0.002446
19 Feb 2015 04:39:21.809        -0.000222        -0.000761        -0.002571
19 Feb 2015 04:41:00.468         0.000005        -0.000743        -0.002676
19 Feb 2015 04:41:54.399         0.000138        -0.000728        -0.002726
19 Feb 2015 04:42:48.422         0.000278        -0.000711        -0.002770
19 Feb 2015 04:44:06.265         0.000490        -0.000679        -0.002819
19 Feb 2015 04:45:27.950         0.000725        -0.000638        -0.002851
19 Feb 2015 04:46:51.302         0.000975        -0.000588        -0.002860
19 Feb 2015 04:48:14.721         0.001233        -0.000528        -0.002842
19 Feb 2015 04:49:37.515         0.001493        -0.000460        -0.002795
19 Feb 2015 04:50:59.133         0.001747        -0.000385        -0.002719
19 Feb 2015 04:52:19.375         0.001992        -0.000304        -0.002613
19 Feb 2015 04:53:38.679         0.002224        -0.000218        -0.002479
19 Feb 2015 04:54:56.980         0.002439        -0.000128        -0.002318
19 Feb 2015 04:56:12.186         0.002627        -0.000039        -0.002138
19 Feb 2015 04:57:24.013         0.002787         0.000049        -0.001945
19 Feb 2015 04:58:30.897         0.002916         0.000130        -0.001749
19 Feb 2015 04:59:46.200         0.003035         0.000220        -0.001515
19 Feb 2015 05:01:00.381         0.003124         0.000306        -0.001272
19 Feb 2015 05:02:16.335         0.003186         0.000390        -0.001015
19 Feb 2015 05:03:30.928         0.003216         0.000468        -0.000759
19 Feb 2015 05:04:48.263         0.003218         0.000541        -0.000494
19 Feb 2015 05:06:02.561         0.003192         0.000605        -0.000244
19 Feb 2015 05:07:15.726         0.003142         0.000661        -0.000006
19 Feb 2015 05:08:03.566         0.003098         0.000693         0.000144
19 Feb 2015 05:08:51.613         0.003044         0.000722         0.000289
19 Feb 2015 05:10:05.001         0.002947         0.000760         0.000500
19 Feb 2015 05:11:28.424         0.002818         0.000793         0.000720
19 Feb 2015 05:12:53.786         0.002670         0.000819         0.000923
19 Feb 2015 05:14:21.364         0.002504         0.000835         0.001108
19 Feb 2015 05:15:51.375         0.002326         0.000843         0.001272
19 Feb 2015 05:17:24.030         0.002137         0.000843         0.001416
19 Feb 2015 05:18:59.531         0.001941         0.000836         0.001538
19 Feb 2015 05:20:38.073         0.001740         0.000821         0.001639
19 Feb 2015 05:22:19.845         0.001538         0.000801         0.001718
19 Feb 2015 05:24:05.032         0.001337         0.000775         0.001777
19 Feb 2015 05:25:53.820         0.001139         0.000745         0.001818
19 Feb 2015 05:27:46.401         0.000947         0.000711         0.001840
19 Feb 2015 05:29:42.976         0.000762         0.000673         0.001846
19 Feb 2015 05:31:43.771         0.000584         0.000634         0.001837
19 Feb 2015 05:33:49.041         0.000415         0.000592         0.001815
19 Feb 2015 05:35:59.095         0.000256         0.000549         0.001782
19 Feb 2015 05:38:14.324         0.000105         0.000506         0.001739
19 Feb 2015 05:40:35.149        -0.000035         0.000462         0.001687
19 Feb 2015 05:42:28.679        -0.000138         0.000427         0.001641
19 Feb 2015 05:44:22.006        -0.000233         0.000394         0.001593
19 Feb 2015 05:46:33.838        -0.000333         0.000357         0.001536
19 Feb 2015 05:48:53.435        -0.000429         0.000320         0.001473
19 Feb 2015 05:51:19.044        -0.000520         0.000282         0.001407
19 Feb 2015 05:53:49.548        -0.000605         0.000245         0.001338
19 Feb 2015 05:56:24.277        -0.000684         0.000209         0.001267
19 Feb 2015 05:59:02.746        -0.000757         0.000174         0.001195
19 Feb 2015 06:01:44.537        -0.000826         0.000139         0.001122
19 Feb 2015 06:04:29.272        -0.000890         0.000105         0.001048
19 Feb 2015 06:07:16.580        -0.000950         0.000072         0.000973
19 Feb 2015 06:10:06.091        -0.001006         0.000039         0.000897
19 Feb 2015 06:12:56.261        -0.001059         0.000006         0.000821
19 Feb 2015 06:15:46.710        -0.001109        -0.000026         0.000743
19 Feb 2015 06:18:37.011        -0.001157        -0.000057         0.000665
19 Feb 2015 06:21:26.737        -0.001202        -0.000089         0.000585
19 Feb 2015 06:24:15.463        -0.001245        -0.000121         0.000503
19 Feb 2015 06:27:02.767        -0.001285        -0.000153         0.000419
19 Feb 2015 06:29:48.246        -0.001323        -0.000185         0.000332
19 Feb 2015 06:32:31.509        -0.001359        -0.000217         0.000242
19 Feb 2015 06:35:12.185        -0.001392        -0.000250         0.000148
19 Feb 2015 06:37:49.910        -0.001421        -0.000284         0.000050
19 Feb 2015 06:39:51.740        -0.001442        -0.000311        -0.000030
19 Feb 2015 06:41:46.866        -0.001460        -0.000336        -0.000110
19 Feb 2015 06:44:00.020        -0.001478        -0.000367        -0.000208
19 Feb 2015 06:46:37.659        -0.001494        -0.000405        -0.000332
19 Feb 2015 06:49:11.999        -0.001503        -0.000444        -0.000464
19 Feb 2015 06:51:42.941        -0.001503        -0.000482        -0.000603
19 Feb 2015 06:54:10.454        -0.001494        -0.000521        -0.000750
19 Feb 2015 06:56:34.565        -0.001473        -0.000560        -0.000904
19 Feb 2015 06:58:55.366        -0.001439        -0.000597        -0.001066
19 Feb 2015 07:01:13.022        -0.001389        -0.000634        -0.001235
19 Feb 2015 07:03:27.792        -0.001321        -0.000668        -0.001410
19 Feb 2015 07:05:37.725        -0.001235        -0.000699        -0.001587
19 Feb 2015 07:07:42.078        -0.001129        -0.000726        -0.001763
19 Feb 2015 07:09:41.382        -0.001004        -0.000747        -0.001934
19 Feb 2015 07:11:35.543        -0.000859        -0.000763        -0.002099
19 Feb 2015 07:13:26.029        -0.000694        -0.000772        -0.002256
19 Feb 2015 07:15:12.617        -0.000509        -0.000773        -0.002401
19 Feb 2015 07:16:55.595        -0.000306        -0.000767        -0.002531
19 Feb 2015 07:18:35.235        -0.000085        -0.000752        -0.002644
19 Feb 2015 07:19:53.784         0.000106        -0.000733        -0.002720
19 Feb 2015 07:21:12.459         0.000310        -0.000708        -0.002783
19 Feb 2015 07:22:28.338         0.000520        -0.000677        -0.002828
19 Feb 2015 07:23:50.350         0.000758        -0.000635        -0.002857
19 Feb 2015 07:25:13.660         0.001010        -0.000584        -0.002862
19 Feb 2015 07:26:36.926         0.001268        -0.000524        -0.002840
19 Feb 2015 07:27:59.526         0.001528        -0.000455        -0.002789
19 Feb 2015 07:29:20.893         0.001781        -0.000380        -0.002708
19 Feb 2015 07:30:40.951         0.002025        -0.000299        -0.002598
19 Feb 2015 07:32:00.140         0.002255        -0.000213        -0.002460
19 Feb 2015 07:33:18.095         0.002466        -0.000123        -0.002295
19 Feb 2015 07:34:32.597         0.002650        -0.000035        -0.002113
19 Feb 2015 07:35:44.222         0.002807         0.000052        -0.001918
19 Feb 2015 07:36:52.767         0.002935         0.000135        -0.001715
19 Feb 2015 07:38:07.534         0.003050         0.000223        -0.001481
19 Feb 2015 07:39:22.402         0.003135         0.000310        -0.001234
19 Feb 2015 07:40:37.116         0.003191         0.000391        -0.000981
19 Feb 2015 07:41:52.298         0.003218         0.000468        -0.000723
19 Feb 2015 07:43:08.852         0.003216         0.000540        -0.000461
19 Feb 2015 07:44:22.997         0.003187         0.000603        -0.000213
19 Feb 2015 07:45:36.059         0.003134         0.000657         0.000023
19 Feb 2015 07:46:32.391         0.003079         0.000694         0.000198
19 Feb 2015 07:47:28.886         0.003011         0.000727         0.000365
19 Feb 2015 07:48:46.496         0.002902         0.000764         0.000581
19 Feb 2015 07:50:10.680         0.002766         0.000795         0.000795
19 Feb 2015 07:51:36.913         0.002611         0.000817         0.000992
19 Feb 2015 07:53:05.446         0.002441         0.000831         0.001169
19 Feb 2015 07:54:36.493         0.002258         0.000837         0.001326
19 Feb 2015 07:56:10.262         0.002066         0.000834         0.001462
19 Feb 2015 07:57:46.951         0.001868         0.000825         0.001576
19 Feb 2015 07:59:26.752         0.001667         0.000809         0.001668
19 Feb 2015 08:01:09.853         0.001465         0.000787         0.001740
19 Feb 2015 08:02:56.437         0.001266         0.000760         0.001793
19 Feb 2015 08:04:46.691         0.001070         0.000729         0.001826
19 Feb 2015 08:06:40.809         0.000880         0.000694         0.001842
19 Feb 2015 08:08:39.000         0.000697         0.000657         0.001843
19 Feb 2015 08:10:41.497         0.000523         0.000617         0.001829
19 Feb 2015 08:12:48.573         0.000358         0.000575         0.001804
19 Feb 2015 08:15:00.561         0.000201         0.000533         0.001767
19 Feb 2015 08:17:17.895         0.000055         0.000490         0.001720
19 Feb 2015 08:19:21.992        -0.000066         0.000452         0.001673
19 Feb 2015 08:21:25.732        -0.000175         0.000415         0.001623
19 Feb 2015 08:23:27.429        -0.000273         0.000380         0.001571
19 Feb 2015 08:25:42.727        -0.000372         0.000343         0.001511
19 Feb 2015 08:28:04.926        -0.000466         0.000306         0.001447
19 Feb 2015 08:30:32.586        -0.000555         0.000269         0.001380
19 Feb 2015 08:33:04.822        -0.000637         0.000233         0.001310
19 Feb 2015 08:35:41.050        -0.000714         0.000197         0.001239
19 Feb 2015 08:38:20.816        -0.000786         0.000162         0.001167
19 Feb 2015 08:41:03.725        -0.000853         0.000128         0.001093
19 Feb 2015 08:43:49.401        -0.000916         0.000094         0.001019
19 Feb 2015 08:46:37.477        -0.000975         0.000061         0.000944
19 Feb 2015 08:49:27.009        -0.001030         0.000028         0.000868
19 Feb 2015 08:52:17.028        -0.001082        -0.000004         0.000791
19 Feb 2015 08:55:07.134        -0.001132        -0.000035         0.000713
19 Feb 2015 08:57:50.014        -0.001177        -0.000066         0.000638
19 Feb 2015 09:00:39.293        -0.001221        -0.000097         0.000557
19 Feb 2015 09:03:27.163        -0.001263        -0.000129         0.000474
19 Feb 2015 09:06:13.467        -0.001303        -0.000161         0.000388
19 Feb 2015 09:08:57.796        -0.001341        -0.000193         0.000300
19 Feb 2015 09:11:39.772        -0.001376        -0.000226         0.000208
19 Feb 2015 09:14:19.034        -0.001408        -0.000259         0.000113
19 Feb 2015 09:16:57.049        -0.001437        -0.000293         0.000011
19 Feb 2015 09:18:52.845        -0.001457        -0.000319        -0.000067
19 Feb 2015 09:20:48.712        -0.001474        -0.000346        -0.000150
19 Feb 2015 09:23:17.808        -0.001492        -0.000381        -0.000264
19 Feb 2015 09:25:53.603        -0.001505        -0.000419        -0.000392
19 Feb 2015 09:28:26.040        -0.001510        -0.000458        -0.000527
19 Feb 2015 09:30:55.064        -0.001507        -0.000497        -0.000670
19 Feb 2015 09:33:20.670        -0.001492        -0.000536        -0.000821
19 Feb 2015 09:35:42.915        -0.001465        -0.000574        -0.000980
19 Feb 2015 09:38:01.920        -0.001424        -0.000612        -0.001145
19 Feb 2015 09:40:17.890        -0.001366        -0.000648        -0.001317
19 Feb 2015 09:42:30.705        -0.001290        -0.000681        -0.001495
19 Feb 2015 09:44:37.662        -0.001195        -0.000710        -0.001671
19 Feb 2015 09:46:39.320        -0.001080        -0.000735        -0.001845
19 Feb 2015 09:48:36.175        -0.000945        -0.000754        -0.002015
19 Feb 2015 09:50:28.297        -0.000791        -0.000767        -0.002176
19 Feb 2015 09:52:16.714        -0.000617        -0.000773        -0.002328
19 Feb 2015 09:54:01.392        -0.000423        -0.000772        -0.002467
19 Feb 2015 09:55:42.609        -0.000210        -0.000762        -0.002589
19 Feb 2015 09:57:20.628         0.000018        -0.000744        -0.002693
19 Feb 2015 09:58:23.255         0.000175        -0.000727        -0.002749
19 Feb 2015 09:59:25.986         0.000342        -0.000705        -0.002796
19 Feb 2015 10:00:45.058         0.000563        -0.000672        -0.002839
19 Feb 2015 10:02:07.292         0.000804        -0.000629        -0.002863
19 Feb 2015 10:03:30.560         0.001058        -0.000577        -0.002863
19 Feb 2015 10:04:53.640         0.001317        -0.000516        -0.002835
19 Feb 2015 10:06:16.001         0.001576        -0.000447        -0.002778
19 Feb 2015 10:07:37.050         0.001828        -0.000371        -0.002691
19 Feb 2015 10:08:56.885         0.002070        -0.000289        -0.002575
19 Feb 2015 10:10:15.909         0.002297        -0.000203        -0.002431
19 Feb 2015 10:11:33.278         0.002503        -0.000114        -0.002263
19 Feb 2015 10:12:46.908         0.002681        -0.000026        -0.002078
19 Feb 2015 10:13:58.481         0.002834         0.000060        -0.001880
19 Feb 2015 10:15:11.035         0.002965         0.000147        -0.001662
19 Feb 2015 10:16:23.303         0.003069         0.000232        -0.001432
19 Feb 2015 10:17:39.758         0.003150         0.000319        -0.001179
19 Feb 2015 10:18:53.651         0.003199         0.000398        -0.000927
19 Feb 2015 10:20:09.928         0.003220         0.000475        -0.000666
19 Feb 2015 10:21:25.620         0.003212         0.000545        -0.000408
19 Feb 2015 10:22:39.590         0.003177         0.000605        -0.000162
19 Feb 2015 10:23:52.359         0.003120         0.000658         0.000071
19 Feb 2015 10:25:00.671         0.003047         0.000701         0.000279
19 Feb 2015 10:26:06.118         0.002963         0.000736         0.000467
19 Feb 2015 10:27:29.495         0.002837         0.000771         0.000689
19 Feb 2015 10:28:54.737         0.002691         0.000798         0.000894
19 Feb 2015 10:30:22.174         0.002528         0.000817         0.001081
19 Feb 2015 10:31:52.022         0.002352         0.000827         0.001248
19 Feb 2015 10:33:24.491         0.002164         0.000829         0.001394
19 Feb 2015 10:34:59.784         0.001969         0.000824         0.001519
19 Feb 2015 10:36:38.096         0.001770         0.000812         0.001623
19 Feb 2015 10:38:19.615         0.001568         0.000794         0.001705
19 Feb 2015 10:40:04.524         0.001367         0.000770         0.001767
19 Feb 2015 10:41:53.009         0.001169         0.000741         0.001810
19 Feb 2015 10:43:45.258         0.000976         0.000709         0.001835
19 Feb 2015 10:45:41.472         0.000790         0.000673         0.001843
19 Feb 2015 10:47:41.869         0.000611         0.000635         0.001837
19 Feb 2015 10:49:46.699         0.000441         0.000595         0.001817
19 Feb 2015 10:51:56.261         0.000281         0.000553         0.001786
19 Feb 2015 10:54:10.930         0.000129         0.000511         0.001744
19 Feb 2015 10:56:31.179        -0.000013         0.000468         0.001694
19 Feb 2015 10:58:12.865        -0.000108         0.000438         0.001654
19 Feb 2015 10:59:54.213        -0.000195         0.000408         0.001612
19 Feb 2015 11:02:02.628        -0.000296         0.000372         0.001557
19 Feb 2015 11:04:19.614        -0.000394         0.000336         0.001496
19 Feb 2015 11:06:43.226        -0.000487         0.000299         0.001432
19 Feb 2015 11:09:12.019        -0.000575         0.000262         0.001364
19 Feb 2015 11:11:45.208        -0.000656         0.000226         0.001294
19 Feb 2015 11:14:22.248        -0.000732         0.000191         0.001223
19 Feb 2015 11:17:02.705        -0.000803         0.000156         0.001151
19 Feb 2015 11:19:46.188        -0.000869         0.000122         0.001077
19 Feb 2015 11:22:32.323        -0.000932         0.000089         0.001003
19 Feb 2015 11:25:20.745        -0.000990         0.000056         0.000927
19 Feb 2015 11:28:10.130        -0.001045         0.000024         0.000851
19 Feb 2015 11:30:59.895        -0.001097        -0.000008         0.000774
19 Feb 2015 11:33:49.626        -0.001146        -0.000040         0.000696
19 Feb 2015 11:36:38.902        -0.001193        -0.000071         0.000616
19 Feb 2015 11:39:27.298        -0.001237        -0.000103         0.000535
19 Feb 2015 11:42:14.401        -0.001279        -0.000135         0.000451
19 Feb 2015 11:44:59.809        -0.001318        -0.000167         0.000365
19 Feb 2015 11:47:43.134        -0.001356        -0.000199         0.000275
19 Feb 2015 11:50:24.007        -0.001390        -0.000232         0.000182
19 Feb 2015 11:53:02.074        -0.001422        -0.000266         0.000085
19 Feb 2015 11:55:13.217        -0.001446        -0.000294        -0.000001
19 Feb 2015 11:56:38.867        -0.001460        -0.000313        -0.000059
19 Feb 2015 11:58:04.447        -0.001473        -0.000333        -0.000120
19 Feb 2015 12:00:30.533        -0.001493        -0.000367        -0.000230
19 Feb 2015 12:03:06.857        -0.001508        -0.000405        -0.000356
19 Feb 2015 12:05:39.860        -0.001516        -0.000444        -0.000490
19 Feb 2015 12:08:09.465        -0.001515        -0.000483        -0.000632
19 Feb 2015 12:10:35.655        -0.001504        -0.000522        -0.000781
19 Feb 2015 12:12:58.468        -0.001480        -0.000561        -0.000938
19 Feb 2015 12:15:18.008        -0.001443        -0.000599        -0.001102
19 Feb 2015 12:17:34.453        -0.001390        -0.000636        -0.001273
19 Feb 2015 12:19:48.077        -0.001318        -0.000670        -0.001449
19 Feb 2015 12:21:56.210        -0.001228        -0.000701        -0.001627
19 Feb 2015 12:23:58.933        -0.001119        -0.000727        -0.001802
19 Feb 2015 12:25:56.760        -0.000990        -0.000748        -0.001973
19 Feb 2015 12:27:47.854        -0.000843        -0.000763        -0.002134
19 Feb 2015 12:29:37.150        -0.000674        -0.000772        -0.002289
19 Feb 2015 12:31:22.667        -0.000486        -0.000773        -0.002432
19 Feb 2015 12:33:04.665        -0.000278        -0.000766        -0.002559
19 Feb 2015 12:34:43.410        -0.000054        -0.000751        -0.002668
19 Feb 2015 12:35:56.678         0.000127        -0.000734        -0.002738
19 Feb 2015 12:37:10.074         0.000320        -0.000710        -0.002795
19 Feb 2015 12:38:26.935         0.000534        -0.000679        -0.002839
19 Feb 2015 12:39:48.812         0.000774        -0.000638        -0.002865
19 Feb 2015 12:41:11.929         0.001027        -0.000587        -0.002868
19 Feb 2015 12:42:34.974         0.001286        -0.000528        -0.002843
19 Feb 2015 12:43:57.359         0.001545        -0.000460        -0.002788
19 Feb 2015 12:45:18.538         0.001799        -0.000386        -0.002705
19 Feb 2015 12:46:38.469         0.002042        -0.000306        -0.002592
19 Feb 2015 12:47:57.570         0.002271        -0.000220        -0.002451
19 Feb 2015 12:49:15.167         0.002480        -0.000132        -0.002285
19 Feb 2015 12:50:29.129         0.002661        -0.000045        -0.002102
19 Feb 2015 12:51:40.770         0.002816         0.000041        -0.001905
19 Feb 2015 12:52:54.565         0.002952         0.000129        -0.001685
19 Feb 2015 12:54:02.944         0.003054         0.000209        -0.001469
19 Feb 2015 12:55:18.793         0.003139         0.000296        -0.001219
19 Feb 2015 12:56:32.802         0.003193         0.000376        -0.000968
19 Feb 2015 12:57:48.522         0.003219         0.000453        -0.000709
19 Feb 2015 12:59:04.645         0.003215         0.000524        -0.000449
19 Feb 2015 13:00:18.825         0.003185         0.000586        -0.000202
19 Feb 2015 13:01:31.965         0.003131         0.000640         0.000033
19 Feb 2015 13:02:31.070         0.003071         0.000679         0.000215
19 Feb 2015 13:03:30.304         0.003000         0.000712         0.000389
19 Feb 2015 13:04:49.327         0.002887         0.000750         0.000606
19 Feb 2015 13:06:13.901         0.002748         0.000780         0.000818
19 Feb 2015 13:07:40.566         0.002592         0.000802         0.001012
19 Feb 2015 13:09:09.566         0.002420         0.000816         0.001186
19 Feb 2015 13:10:41.112         0.002237         0.000822         0.001340
19 Feb 2015 13:12:15.409         0.002045         0.000820         0.001473
19 Feb 2015 13:13:52.654         0.001846         0.000811         0.001584
19 Feb 2015 13:15:33.036         0.001645         0.000796         0.001674
19 Feb 2015 13:17:16.740         0.001444         0.000774         0.001744
19 Feb 2015 13:19:03.950         0.001245         0.000748         0.001794
19 Feb 2015 13:20:54.851         0.001050         0.000718         0.001826
19 Feb 2015 13:22:49.638         0.000862         0.000684         0.001840
19 Feb 2015 13:24:48.521         0.000680         0.000647         0.001839
19 Feb 2015 13:26:51.736         0.000507         0.000608         0.001825
19 Feb 2015 13:28:59.559         0.000342         0.000568         0.001798
19 Feb 2015 13:31:12.335         0.000187         0.000526         0.001760
19 Feb 2015 13:33:30.514         0.000041         0.000484         0.001714
19 Feb 2015 13:35:29.849        -0.000073         0.000449         0.001668
19 Feb 2015 13:37:28.787        -0.000178         0.000414         0.001620
19 Feb 2015 13:39:32.147        -0.000277         0.000380         0.001568
19 Feb 2015 13:41:47.840        -0.000376         0.000343         0.001508
19 Feb 2015 13:44:10.371        -0.000470         0.000307         0.001444
19 Feb 2015 13:46:38.266        -0.000559         0.000270         0.001377
19 Feb 2015 13:49:10.656        -0.000642         0.000235         0.001308
19 Feb 2015 13:51:46.964        -0.000719         0.000199         0.001237
19 Feb 2015 13:54:26.739        -0.000791         0.000165         0.001165
19 Feb 2015 13:57:09.582        -0.000859         0.000131         0.001092
19 Feb 2015 13:59:55.121        -0.000922         0.000098         0.001018
19 Feb 2015 14:02:42.986        -0.000981         0.000065         0.000942
19 Feb 2015 14:05:31.975        -0.001037         0.000033         0.000866
19 Feb 2015 14:08:21.393        -0.001090         0.000001         0.000789
19 Feb 2015 14:11:10.833        -0.001140        -0.000031         0.000712
19 Feb 2015 14:13:59.879        -0.001187        -0.000062         0.000632
19 Feb 2015 14:16:48.110        -0.001232        -0.000094         0.000551
19 Feb 2015 14:19:35.108        -0.001275        -0.000126         0.000468
19 Feb 2015 14:22:20.477        -0.001316        -0.000158         0.000382
19 Feb 2015 14:25:03.829        -0.001354        -0.000190         0.000292
19 Feb 2015 14:27:44.797        -0.001389        -0.000223         0.000200
19 Feb 2015 14:30:23.031        -0.001422        -0.000256         0.000103
19 Feb 2015 14:33:00.667        -0.001451        -0.000291        -0.000000
19 Feb 2015 14:34:17.558        -0.001464        -0.000308        -0.000053
19 Feb 2015 14:35:34.764        -0.001476        -0.000326        -0.000108
19 Feb 2015 14:37:58.526        -0.001496        -0.000359        -0.000216
19 Feb 2015 14:40:34.862        -0.001512        -0.000398        -0.000342
19 Feb 2015 14:43:07.897        -0.001521        -0.000436        -0.000475
19 Feb 2015 14:45:37.545        -0.001522        -0.000476        -0.000616
19 Feb 2015 14:48:03.782        -0.001512        -0.000515        -0.000765
19 Feb 2015 14:50:26.642        -0.001490        -0.000554        -0.000921
19 Feb 2015 14:52:46.220        -0.001455        -0.000592        -0.001085
19 Feb 2015 14:55:02.682        -0.001403        -0.000629        -0.001255
19 Feb 2015 14:57:16.289        -0.001334        -0.000664        -0.001432
19 Feb 2015 14:59:24.719        -0.001246        -0.000696        -0.001610
19 Feb 2015 15:01:27.713        -0.001138        -0.000723        -0.001785
19 Feb 2015 15:03:25.788        -0.001011        -0.000745        -0.001957
19 Feb 2015 15:05:19.560        -0.000864        -0.000761        -0.002122
19 Feb 2015 15:07:09.014        -0.000696        -0.000771        -0.002279
19 Feb 2015 15:08:54.656        -0.000509        -0.000773        -0.002423
19 Feb 2015 15:10:36.775        -0.000303        -0.000768        -0.002552
19 Feb 2015 15:12:15.637        -0.000080        -0.000754        -0.002663
19 Feb 2015 15:13:33.140         0.000110        -0.000737        -0.002737
19 Feb 2015 15:14:50.758         0.000315        -0.000713        -0.002798
19 Feb 2015 15:16:06.544         0.000526        -0.000682        -0.002841
19 Feb 2015 15:17:28.241         0.000766        -0.000642        -0.002868
19 Feb 2015 15:18:51.233         0.001018        -0.000592        -0.002871
19 Feb 2015 15:20:14.199         0.001278        -0.000534        -0.002846
19 Feb 2015 15:21:36.531         0.001537        -0.000467        -0.002793
19 Feb 2015 15:22:57.712         0.001791        -0.000394        -0.002709
19 Feb 2015 15:24:17.648         0.002035        -0.000314        -0.002597
19 Feb 2015 15:25:36.753         0.002264        -0.000230        -0.002456
19 Feb 2015 15:26:54.326         0.002474        -0.000142        -0.002291
19 Feb 2015 15:28:08.275         0.002656        -0.000055        -0.002108
19 Feb 2015 15:29:19.972         0.002812         0.000030        -0.001912
19 Feb 2015 15:30:25.000         0.002933         0.000107        -0.001719
19 Feb 2015 15:31:30.874         0.003036         0.000185        -0.001513
19 Feb 2015 15:32:46.058         0.003125         0.000270        -0.001267
19 Feb 2015 15:34:00.460         0.003185         0.000352        -0.001016
19 Feb 2015 15:35:15.519         0.003216         0.000429        -0.000759
19 Feb 2015 15:36:32.200         0.003217         0.000501        -0.000497
19 Feb 2015 15:37:46.619         0.003192         0.000565        -0.000248
19 Feb 2015 15:39:00.105         0.003142         0.000621        -0.000010
19 Feb 2015 15:39:50.684         0.003095         0.000655         0.000148
19 Feb 2015 15:40:41.469         0.003038         0.000686         0.000300
19 Feb 2015 15:41:55.321         0.002940         0.000724         0.000509
19 Feb 2015 15:43:19.158         0.002810         0.000759         0.000728
19 Feb 2015 15:44:44.966         0.002661         0.000785         0.000929
19 Feb 2015 15:46:13.019         0.002496         0.000803         0.001112
19 Feb 2015 15:47:43.531         0.002318         0.000813         0.001275
19 Feb 2015 15:49:16.710         0.002129         0.000815         0.001416
19 Feb 2015 15:50:52.755         0.001933         0.000809         0.001537
19 Feb 2015 15:52:31.857         0.001733         0.000797         0.001636
19 Feb 2015 15:54:14.203         0.001532         0.000779         0.001715
19 Feb 2015 15:55:59.976         0.001332         0.000756         0.001773
19 Feb 2015 15:57:49.359         0.001136         0.000728         0.001812
19 Feb 2015 15:59:42.542         0.000944         0.000696         0.001834
19 Feb 2015 16:01:39.727         0.000759         0.000661         0.001840
19 Feb 2015 16:03:41.136         0.000582         0.000623         0.001832
19 Feb 2015 16:05:47.025         0.000414         0.000584         0.001810
19 Feb 2015 16:07:57.704         0.000255         0.000544         0.001777
19 Feb 2015 16:10:13.569         0.000105         0.000502         0.001734
19 Feb 2015 16:12:34.409        -0.000035         0.000460         0.001683
19 Feb 2015 16:14:28.404        -0.000139         0.000427         0.001638
19 Feb 2015 16:16:22.178        -0.000233         0.000395         0.001591
19 Feb 2015 16:18:34.367        -0.000334         0.000360         0.001534
19 Feb 2015 16:20:54.245        -0.000431         0.000323         0.001472
19 Feb 2015 16:23:20.017        -0.000522         0.000287         0.001406
19 Feb 2015 16:25:50.577        -0.000608         0.000251         0.001338
19 Feb 2015 16:28:25.252        -0.000688         0.000216         0.001268
19 Feb 2015 16:31:03.550        -0.000762         0.000182         0.001196
19 Feb 2015 16:33:45.054        -0.000832         0.000148         0.001124
19 Feb 2015 16:36:29.382        -0.000897         0.000114         0.001050
19 Feb 2015 16:39:16.165        -0.000958         0.000081         0.000975
19 Feb 2015 16:42:04.587        -0.001016         0.000049         0.000900
19 Feb 2015 16:44:53.575        -0.001071         0.000017         0.000823
19 Feb 2015 16:47:42.742        -0.001122        -0.000014         0.000746
19 Feb 2015 16:50:31.670        -0.001171        -0.000046         0.000667
19 Feb 2015 16:53:19.940        -0.001217        -0.000077         0.000586
19 Feb 2015 16:56:07.139        -0.001261        -0.000109         0.000504
19 Feb 2015 16:58:52.865        -0.001303        -0.000141         0.000419
19 Feb 2015 17:01:36.728        -0.001343        -0.000173         0.000331
19 Feb 2015 17:04:18.357        -0.001379        -0.000206         0.000239
19 Feb 2015 17:06:57.403        -0.001414        -0.000239         0.000144
19 Feb 2015 17:09:33.528        -0.001444        -0.000273         0.000044
19 Feb 2015 17:11:48.158        -0.001468        -0.000303        -0.000048
19 Feb 2015 17:14:02.813        -0.001489        -0.000334        -0.000145
19 Feb 2015 17:16:23.353        -0.001508        -0.000368        -0.000253
19 Feb 2015 17:18:58.339        -0.001522        -0.000406        -0.000382
19 Feb 2015 17:21:29.989        -0.001529        -0.000445        -0.000518
19 Feb 2015 17:23:58.245        -0.001526        -0.000484        -0.000662
19 Feb 2015 17:26:23.101        -0.001513        -0.000524        -0.000814
19 Feb 2015 17:28:44.608        -0.001487        -0.000563        -0.000973
19 Feb 2015 17:31:02.882        -0.001447        -0.000601        -0.001139
19 Feb 2015 17:33:18.114        -0.001390        -0.000638        -0.001312
19 Feb 2015 17:35:30.263        -0.001315        -0.000672        -0.001490
19 Feb 2015 17:37:36.616        -0.001221        -0.000703        -0.001667
19 Feb 2015 17:39:37.730        -0.001107        -0.000729        -0.001842
19 Feb 2015 17:41:34.096        -0.000973        -0.000749        -0.002012
19 Feb 2015 17:43:25.358        -0.000821        -0.000764        -0.002174
19 Feb 2015 17:45:13.396        -0.000647        -0.000772        -0.002327
19 Feb 2015 17:46:57.744        -0.000454        -0.000773        -0.002467
19 Feb 2015 17:48:38.671        -0.000243        -0.000766        -0.002591
19 Feb 2015 17:50:16.437        -0.000015        -0.000750        -0.002696
19 Feb 2015 17:51:17.931         0.000140        -0.000735        -0.002752
19 Feb 2015 17:52:19.552         0.000303        -0.000716        -0.002799
19 Feb 2015 17:53:36.839         0.000519        -0.000686        -0.002844
19 Feb 2015 17:54:58.269         0.000758        -0.000646        -0.002871
19 Feb 2015 17:56:21.138         0.001011        -0.000598        -0.002874
19 Feb 2015 17:57:44.024         0.001270        -0.000540        -0.002850
19 Feb 2015 17:59:06.302         0.001530        -0.000474        -0.002797
19 Feb 2015 18:00:27.481         0.001784        -0.000401        -0.002714
19 Feb 2015 18:01:47.421         0.002028        -0.000323        -0.002602
19 Feb 2015 18:03:06.528         0.002258        -0.000239        -0.002462
19 Feb 2015 18:04:24.074         0.002468        -0.000152        -0.002296
19 Feb 2015 18:05:38.007         0.002651        -0.000066        -0.002115
19 Feb 2015 18:06:49.761         0.002808         0.000019        -0.001918
19 Feb 2015 18:07:50.612         0.002922         0.000091        -0.001739
19 Feb 2015 18:08:52.527         0.003021         0.000163        -0.001546
19 Feb 2015 18:10:07.412         0.003114         0.000249        -0.001302
19 Feb 2015 18:11:22.228         0.003178         0.000331        -0.001051
19 Feb 2015 18:12:36.848         0.003213         0.000408        -0.000796
19 Feb 2015 18:13:53.933         0.003219         0.000482        -0.000532
19 Feb 2015 18:15:08.547         0.003197         0.000547        -0.000282
19 Feb 2015 18:16:22.266         0.003150         0.000604        -0.000042
19 Feb 2015 18:17:21.966         0.003096         0.000645         0.000144
19 Feb 2015 18:18:21.797         0.003028         0.000681         0.000322
19 Feb 2015 18:19:35.250         0.002929         0.000719         0.000529
19 Feb 2015 18:20:59.345         0.002797         0.000753         0.000746
19 Feb 2015 18:22:25.430         0.002647         0.000779         0.000945
19 Feb 2015 18:23:53.784         0.002481         0.000796         0.001126
19 Feb 2015 18:25:24.620         0.002301         0.000806         0.001287
19 Feb 2015 18:26:58.144         0.002112         0.000808         0.001427
19 Feb 2015 18:28:34.554         0.001916         0.000802         0.001545
19 Feb 2015 18:30:14.040         0.001716         0.000790         0.001642
19 Feb 2015 18:31:56.787         0.001515         0.000772         0.001719
19 Feb 2015 18:33:42.977         0.001316         0.000749         0.001776
19 Feb 2015 18:35:32.794         0.001120         0.000721         0.001813
19 Feb 2015 18:37:26.428         0.000929         0.000690         0.001834
19 Feb 2015 18:39:24.081         0.000745         0.000655         0.001839
19 Feb 2015 18:41:25.978         0.000569         0.000618         0.001829
19 Feb 2015 18:43:32.376         0.000401         0.000579         0.001807
19 Feb 2015 18:45:43.593         0.000243         0.000539         0.001773
19 Feb 2015 18:48:00.035         0.000094         0.000498         0.001730
19 Feb 2015 18:50:21.152        -0.000046         0.000457         0.001678
19 Feb 2015 18:52:18.560        -0.000151         0.000423         0.001632
19 Feb 2015 18:54:15.823        -0.000247         0.000391         0.001583
19 Feb 2015 18:56:29.316        -0.000348         0.000355         0.001525
19 Feb 2015 18:58:50.163        -0.000444         0.000319         0.001463
19 Feb 2015 19:01:16.685        -0.000535         0.000284         0.001397
19 Feb 2015 19:03:47.855        -0.000620         0.000248         0.001329
19 Feb 2015 19:06:23.038        -0.000699         0.000213         0.001259
19 Feb 2015 19:09:01.755        -0.000773         0.000179         0.001187
19 Feb 2015 19:11:43.594        -0.000843         0.000145         0.001114
19 Feb 2015 19:14:28.177        -0.000908         0.000112         0.001040
19 Feb 2015 19:17:15.135        -0.000969         0.000080         0.000965
19 Feb 2015 19:20:03.387        -0.001026         0.000047         0.000890
19 Feb 2015 19:22:52.132        -0.001081         0.000016         0.000813
19 Feb 2015 19:25:40.974        -0.001132        -0.000016         0.000735
19 Feb 2015 19:28:29.497        -0.001181        -0.000047         0.000656
19 Feb 2015 19:31:17.287        -0.001227        -0.000079         0.000576
19 Feb 2015 19:34:03.932        -0.001271        -0.000110         0.000492
19 Feb 2015 19:36:49.039        -0.001313        -0.000142         0.000407
19 Feb 2015 19:39:32.223        -0.001353        -0.000175         0.000318
19 Feb 2015 19:42:13.117        -0.001390        -0.000207         0.000225
19 Feb 2015 19:44:51.387        -0.001423        -0.000241         0.000129
19 Feb 2015 19:47:27.085        -0.001454        -0.000275         0.000028
19 Feb 2015 19:49:48.210        -0.001479        -0.000306        -0.000070
19 Feb 2015 19:51:55.868        -0.001499        -0.000336        -0.000164
19 Feb 2015 19:54:24.627        -0.001517        -0.000372        -0.000281
19 Feb 2015 19:56:58.541        -0.001530        -0.000411        -0.000411
19 Feb 2015 19:59:29.104        -0.001535        -0.000450        -0.000550
19 Feb 2015 20:01:56.272        -0.001530        -0.000490        -0.000696
19 Feb 2015 20:04:20.052        -0.001515        -0.000529        -0.000849
19 Feb 2015 20:06:40.509        -0.001486        -0.000568        -0.001011
19 Feb 2015 20:08:57.774        -0.001442        -0.000607        -0.001179
19 Feb 2015 20:11:12.054        -0.001381        -0.000643        -0.001354
19 Feb 2015 20:13:22.511        -0.001302        -0.000677        -0.001532
19 Feb 2015 20:15:27.340        -0.001203        -0.000707        -0.001709
19 Feb 2015 20:17:27.079        -0.001085        -0.000732        -0.001883
19 Feb 2015 20:19:22.195        -0.000947        -0.000752        -0.002052
19 Feb 2015 20:21:12.801        -0.000789        -0.000766        -0.002213
19 Feb 2015 20:22:59.774        -0.000611        -0.000773        -0.002363
19 Feb 2015 20:24:43.136        -0.000413        -0.000772        -0.002500
19 Feb 2015 20:26:23.157        -0.000198        -0.000764        -0.002619
19 Feb 2015 20:28:00.091         0.000033        -0.000747        -0.002720
19 Feb 2015 20:29:06.814         0.000205        -0.000729        -0.002777
19 Feb 2015 20:30:13.610         0.000387        -0.000707        -0.002823
19 Feb 2015 20:31:33.061         0.000614        -0.000673        -0.002862
19 Feb 2015 20:32:55.213         0.000860        -0.000631        -0.002879
19 Feb 2015 20:34:18.100         0.001116        -0.000579        -0.002871
19 Feb 2015 20:35:40.700         0.001377        -0.000518        -0.002834
19 Feb 2015 20:37:02.574         0.001635        -0.000450        -0.002768
19 Feb 2015 20:38:23.157         0.001886        -0.000375        -0.002673
19 Feb 2015 20:39:42.704         0.002125        -0.000295        -0.002549
19 Feb 2015 20:41:01.351         0.002348        -0.000210        -0.002397
19 Feb 2015 20:42:17.421         0.002547        -0.000124        -0.002224
19 Feb 2015 20:43:29.966         0.002718        -0.000039        -0.002037
19 Feb 2015 20:44:42.217         0.002866         0.000046        -0.001832
19 Feb 2015 20:45:53.659         0.002989         0.000130        -0.001614
19 Feb 2015 20:47:02.255         0.003083         0.000208        -0.001394
19 Feb 2015 20:48:19.280         0.003159         0.000294        -0.001137
19 Feb 2015 20:49:32.853         0.003203         0.000372        -0.000887
19 Feb 2015 20:50:50.774         0.003220         0.000448        -0.000620
19 Feb 2015 20:52:05.913         0.003207         0.000516        -0.000367
19 Feb 2015 20:53:20.008         0.003168         0.000576        -0.000123
19 Feb 2015 20:54:32.687         0.003107         0.000627         0.000106
19 Feb 2015 20:55:39.522         0.003034         0.000669         0.000307
19 Feb 2015 20:56:49.351         0.002942         0.000705         0.000504
19 Feb 2015 20:58:13.341         0.002812         0.000741         0.000722
19 Feb 2015 20:59:39.278         0.002664         0.000768         0.000924
19 Feb 2015 21:01:07.466         0.002500         0.000787         0.001106
19 Feb 2015 21:02:38.117         0.002322         0.000797         0.001269
19 Feb 2015 21:04:11.437         0.002134         0.000801         0.001411
19 Feb 2015 21:05:47.624         0.001938         0.000796         0.001532
19 Feb 2015 21:07:26.869         0.001739         0.000786         0.001631
19 Feb 2015 21:09:09.356         0.001538         0.000769         0.001710
19 Feb 2015 21:10:55.267         0.001339         0.000747         0.001769
19 Feb 2015 21:12:44.785         0.001142         0.000720         0.001809
19 Feb 2015 21:14:38.098         0.000951         0.000690         0.001831
19 Feb 2015 21:16:35.406         0.000766         0.000656         0.001837
19 Feb 2015 21:18:36.930         0.000589         0.000620         0.001829
19 Feb 2015 21:20:42.923         0.000421         0.000582         0.001809
19 Feb 2015 21:22:53.693         0.000261         0.000543         0.001776
19 Feb 2015 21:25:09.634         0.000111         0.000502         0.001734
19 Feb 2015 21:27:30.333        -0.000029         0.000461         0.001684
19 Feb 2015 21:29:22.211        -0.000131         0.000430         0.001640
19 Feb 2015 21:31:13.835        -0.000225         0.000399         0.001594
19 Feb 2015 21:33:25.410        -0.000326         0.000364         0.001538
19 Feb 2015 21:35:44.832        -0.000423         0.000328         0.001477
19 Feb 2015 21:38:10.240        -0.000515         0.000293         0.001412
19 Feb 2015 21:40:40.449        -0.000602         0.000258         0.001344
19 Feb 2015 21:43:14.769        -0.000683         0.000223         0.001275
19 Feb 2015 21:45:52.693        -0.000758         0.000189         0.001203
19 Feb 2015 21:48:33.798        -0.000829         0.000155         0.001131
19 Feb 2015 21:51:17.702        -0.000895         0.000122         0.001057
19 Feb 2015 21:54:04.033        -0.000957         0.000089         0.000983
19 Feb 2015 21:56:51.863        -0.001016         0.000057         0.000907
19 Feb 2015 21:59:40.245        -0.001071         0.000025         0.000831
19 Feb 2015 22:02:28.791        -0.001124        -0.000006         0.000753
19 Feb 2015 22:05:17.092        -0.001174        -0.000037         0.000675
19 Feb 2015 22:08:04.732        -0.001221        -0.000069         0.000594
19 Feb 2015 22:10:51.303        -0.001266        -0.000100         0.000511
19 Feb 2015 22:13:36.407        -0.001309        -0.000132         0.000426
19 Feb 2015 22:16:19.663        -0.001349        -0.000164         0.000338
19 Feb 2015 22:19:00.706        -0.001387        -0.000197         0.000246
19 Feb 2015 22:21:39.200        -0.001421        -0.000230         0.000150
19 Feb 2015 22:24:14.815        -0.001453        -0.000264         0.000050
19 Feb 2015 22:26:30.727        -0.001478        -0.000294        -0.000043
19 Feb 2015 22:28:46.647        -0.001500        -0.000326        -0.000142
19 Feb 2015 22:31:04.812        -0.001519        -0.000359        -0.000250
19 Feb 2015 22:33:39.167        -0.001533        -0.000398        -0.000379
19 Feb 2015 22:36:10.198        -0.001541        -0.000437        -0.000516
19 Feb 2015 22:38:37.846        -0.001539        -0.000477        -0.000661
19 Feb 2015 22:41:02.105        -0.001526        -0.000517        -0.000813
19 Feb 2015 22:43:23.026        -0.001500        -0.000556        -0.000973
19 Feb 2015 22:45:40.723        -0.001461        -0.000595        -0.001140
19 Feb 2015 22:47:55.382        -0.001404        -0.000632        -0.001314
19 Feb 2015 22:50:06.903        -0.001329        -0.000667        -0.001492
19 Feb 2015 22:52:12.691        -0.001235        -0.000698        -0.001670
19 Feb 2015 22:54:13.295        -0.001121        -0.000725        -0.001845
19 Feb 2015 22:56:09.201        -0.000988        -0.000747        -0.002016
19 Feb 2015 22:58:00.952        -0.000834        -0.000762        -0.002179
19 Feb 2015 22:59:48.594        -0.000660        -0.000771        -0.002332
19 Feb 2015 23:01:32.576        -0.000466        -0.000773        -0.002472
19 Feb 2015 23:03:13.174        -0.000255        -0.000767        -0.002597
19 Feb 2015 23:04:50.646        -0.000027        -0.000753        -0.002702
19 Feb 2015 23:05:56.725         0.000140        -0.000738        -0.002762
19 Feb 2015 23:07:02.898         0.000317        -0.000718        -0.002812
19 Feb 2015 23:08:19.955         0.000535        -0.000688        -0.002855
19 Feb 2015 23:09:41.333         0.000775        -0.000649        -0.002879
19 Feb 2015 23:11:04.026         0.001029        -0.000601        -0.002879
19 Feb 2015 23:12:26.702         0.001289        -0.000544        -0.002852
19 Feb 2015 23:13:48.771         0.001549        -0.000479        -0.002796
19 Feb 2015 23:15:09.762         0.001803        -0.000407        -0.002710
19 Feb 2015 23:16:29.581         0.002046        -0.000329        -0.002595
19 Feb 2015 23:17:48.571         0.002275        -0.000246        -0.002451
19 Feb 2015 23:19:05.665         0.002483        -0.000160        -0.002284
19 Feb 2015 23:20:19.104         0.002663        -0.000076        -0.002102
19 Feb 2015 23:21:31.018         0.002818         0.000009        -0.001903
19 Feb 2015 23:22:25.243         0.002920         0.000072        -0.001743
19 Feb 2015 23:23:20.379         0.003009         0.000136        -0.001572
19 Feb 2015 23:24:35.398         0.003105         0.000221        -0.001329
19 Feb 2015 23:25:50.028         0.003172         0.000303        -0.001078
19 Feb 2015 23:27:04.418         0.003209         0.000380        -0.000825
19 Feb 2015 23:28:21.638         0.003219         0.000455        -0.000561
19 Feb 2015 23:29:36.438         0.003200         0.000520        -0.000310
19 Feb 2015 23:30:50.416         0.003156         0.000579        -0.000069
19 Feb 2015 23:31:53.526         0.003100         0.000622         0.000128
19 Feb 2015 23:32:56.740         0.003029         0.000661         0.000316
19 Feb 2015 23:34:08.803         0.002933         0.000699         0.000518
19 Feb 2015 23:35:32.990         0.002803         0.000734         0.000735
19 Feb 2015 23:36:59.158         0.002653         0.000761         0.000935
19 Feb 2015 23:38:27.596         0.002488         0.000780         0.001117
19 Feb 2015 23:39:58.515         0.002309         0.000790         0.001278
19 Feb 2015 23:41:32.119         0.002121         0.000794         0.001418
19 Feb 2015 23:43:08.606         0.001926         0.000790         0.001537
19 Feb 2015 23:44:48.165         0.001726         0.000779         0.001635
19 Feb 2015 23:46:30.980         0.001526         0.000762         0.001713
19 Feb 2015 23:48:17.231         0.001326         0.000741         0.001770
19 Feb 2015 23:50:07.101         0.001130         0.000714         0.001809
19 Feb 2015 23:52:00.778         0.000940         0.000684         0.001830
19 Feb 2015 23:53:58.463         0.000756         0.000651         0.001836
19 Feb 2015 23:56:00.378         0.000579         0.000615         0.001827
19 Feb 2015 23:58:06.779         0.000412         0.000578         0.001806
20 Feb 2015 00:00:17.977         0.000253         0.000539         0.001773
20 Feb 2015 00:02:34.373         0.000103         0.000499         0.001731
20 Feb 2015 00:04:55.273        -0.000037         0.000459         0.001680
20 Feb 2015 00:06:50.122        -0.000141         0.000427         0.001635
20 Feb 2015 00:08:44.749        -0.000236         0.000396         0.001588
20 Feb 2015 00:10:57.383        -0.000337         0.000361         0.001531
20 Feb 2015 00:13:17.591        -0.000434         0.000326         0.001470
20 Feb 2015 00:15:43.593        -0.000525         0.000290         0.001405
20 Feb 2015 00:18:14.283        -0.000611         0.000255         0.001337
20 Feb 2015 00:20:48.993        -0.000692         0.000221         0.001267
20 Feb 2015 00:23:27.233        -0.000767         0.000187         0.001196
20 Feb 2015 00:26:08.584        -0.000838         0.000154         0.001124
20 Feb 2015 00:28:52.665        -0.000904         0.000121         0.001050
20 Feb 2015 00:31:39.106        -0.000966         0.000088         0.000975
20 Feb 2015 00:34:26.749        -0.001025         0.000056         0.000900
20 Feb 2015 00:37:14.884        -0.001080         0.000025         0.000823
20 Feb 2015 00:40:03.117        -0.001132        -0.000007         0.000746
20 Feb 2015 00:42:51.035        -0.001182        -0.000038         0.000667
20 Feb 2015 00:45:38.229        -0.001230        -0.000069         0.000586
20 Feb 2015 00:48:24.296        -0.001275        -0.000101         0.000503
20 Feb 2015 00:51:08.840        -0.001317        -0.000132         0.000417
20 Feb 2015 00:53:51.488        -0.001358        -0.000165         0.000328
20 Feb 2015 00:56:31.886        -0.001396        -0.000197         0.000235
20 Feb 2015 00:59:09.698        -0.001430        -0.000231         0.000138
20 Feb 2015 01:01:16.496        -0.001456        -0.000258         0.000056
20 Feb 2015 01:03:27.377        -0.001481        -0.000288        -0.000034
20 Feb 2015 01:05:44.796        -0.001504        -0.000320        -0.000134
20 Feb 2015 01:07:57.844        -0.001522        -0.000352        -0.000237
20 Feb 2015 01:10:32.173        -0.001538        -0.000391        -0.000366
20 Feb 2015 01:13:03.197        -0.001546        -0.000430        -0.000503
20 Feb 2015 01:15:30.846        -0.001545        -0.000470        -0.000647
20 Feb 2015 01:17:55.110        -0.001534        -0.000510        -0.000799
20 Feb 2015 01:20:16.036        -0.001510        -0.000549        -0.000959
20 Feb 2015 01:22:33.728        -0.001471        -0.000588        -0.001126
20 Feb 2015 01:24:48.364        -0.001417        -0.000626        -0.001299
20 Feb 2015 01:27:00.112        -0.001343        -0.000661        -0.001478
20 Feb 2015 01:29:06.102        -0.001251        -0.000693        -0.001656
20 Feb 2015 01:31:06.887        -0.001139        -0.000721        -0.001832
20 Feb 2015 01:33:02.960        -0.001007        -0.000743        -0.002003
20 Feb 2015 01:34:54.722        -0.000855        -0.000760        -0.002167
20 Feb 2015 01:36:42.641        -0.000683        -0.000770        -0.002322
20 Feb 2015 01:38:26.766        -0.000491        -0.000774        -0.002463
20 Feb 2015 01:40:07.501        -0.000281        -0.000769        -0.002589
20 Feb 2015 01:41:45.104        -0.000054        -0.000756        -0.002696
20 Feb 2015 01:42:57.772         0.000129        -0.000740        -0.002763
20 Feb 2015 01:44:10.535         0.000324        -0.000719        -0.002818
20 Feb 2015 01:45:26.896         0.000540        -0.000690        -0.002859
20 Feb 2015 01:46:48.236         0.000782        -0.000651        -0.002883
20 Feb 2015 01:48:10.839         0.001036        -0.000603        -0.002882
20 Feb 2015 01:49:33.416         0.001297        -0.000546        -0.002853
20 Feb 2015 01:50:55.391         0.001557        -0.000482        -0.002796
20 Feb 2015 01:52:16.303         0.001810        -0.000410        -0.002708
20 Feb 2015 01:53:36.074         0.002053        -0.000333        -0.002592
20 Feb 2015 01:54:55.005         0.002282        -0.000250        -0.002448
20 Feb 2015 01:56:11.884         0.002489        -0.000165        -0.002280
20 Feb 2015 01:57:25.136         0.002667        -0.000081        -0.002097
20 Feb 2015 01:58:37.169         0.002822         0.000002        -0.001897
20 Feb 2015 01:59:23.966         0.002910         0.000057        -0.001759
20 Feb 2015 02:00:11.610         0.002989         0.000112        -0.001612
20 Feb 2015 02:01:26.258         0.003090         0.000197        -0.001372
20 Feb 2015 02:02:42.007         0.003162         0.000280        -0.001120
20 Feb 2015 02:03:55.802         0.003205         0.000358        -0.000869
20 Feb 2015 02:05:13.532         0.003219         0.000433        -0.000603
20 Feb 2015 02:06:28.562         0.003204         0.000500        -0.000351
20 Feb 2015 02:07:42.749         0.003164         0.000560        -0.000108
20 Feb 2015 02:08:55.391         0.003102         0.000611         0.000120
20 Feb 2015 02:10:01.509         0.003029         0.000652         0.000316
20 Feb 2015 02:11:12.795         0.002934         0.000689         0.000516
20 Feb 2015 02:12:37.053         0.002804         0.000725         0.000733
20 Feb 2015 02:14:03.290         0.002654         0.000752         0.000933
20 Feb 2015 02:15:31.799         0.002489         0.000771         0.001114
20 Feb 2015 02:17:02.791         0.002311         0.000783         0.001275
20 Feb 2015 02:18:36.470         0.002123         0.000786         0.001415
20 Feb 2015 02:20:13.033         0.001928         0.000783         0.001535
20 Feb 2015 02:21:52.667         0.001729         0.000773         0.001633
20 Feb 2015 02:23:35.557         0.001528         0.000757         0.001710
20 Feb 2015 02:25:21.882         0.001329         0.000736         0.001768
20 Feb 2015 02:27:11.824         0.001133         0.000711         0.001807
20 Feb 2015 02:29:05.570         0.000943         0.000681         0.001829
20 Feb 2015 02:31:03.323         0.000759         0.000649         0.001835
20 Feb 2015 02:33:05.302         0.000582         0.000614         0.001826
20 Feb 2015 02:35:11.761         0.000415         0.000577         0.001805
20 Feb 2015 02:37:23.011         0.000256         0.000538         0.001773
20 Feb 2015 02:39:39.452         0.000106         0.000499         0.001730
20 Feb 2015 02:42:00.290        -0.000034         0.000459         0.001680
20 Feb 2015 02:43:54.242        -0.000137         0.000428         0.001636
20 Feb 2015 02:45:47.948        -0.000232         0.000397         0.001589
20 Feb 2015 02:48:00.335        -0.000333         0.000363         0.001533
20 Feb 2015 02:50:20.358        -0.000430         0.000328         0.001472
20 Feb 2015 02:52:46.202        -0.000522         0.000293         0.001407
20 Feb 2015 02:55:16.742        -0.000609         0.000258         0.001340
20 Feb 2015 02:57:51.296        -0.000690         0.000224         0.001270
20 Feb 2015 03:00:29.367        -0.000765         0.000190         0.001199
20 Feb 2015 03:03:10.536        -0.000836         0.000157         0.001127
20 Feb 2015 03:05:54.421        -0.000903         0.000124         0.001053
20 Feb 2015 03:08:40.650        -0.000966         0.000092         0.000979
20 Feb 2015 03:11:28.008        -0.001025         0.000060         0.000903
20 Feb 2015 03:14:15.849        -0.001081         0.000029         0.000827
20 Feb 2015 03:17:03.779        -0.001134        -0.000002         0.000749
20 Feb 2015 03:19:51.389        -0.001184        -0.000034         0.000670
20 Feb 2015 03:22:38.272        -0.001232        -0.000065         0.000589
20 Feb 2015 03:25:24.028        -0.001277        -0.000096         0.000506
20 Feb 2015 03:28:08.267        -0.001320        -0.000128         0.000420
20 Feb 2015 03:30:50.612        -0.001361        -0.000160         0.000331
20 Feb 2015 03:33:30.714        -0.001399        -0.000193         0.000238
20 Feb 2015 03:36:08.247        -0.001435        -0.000226         0.000141
20 Feb 2015 03:38:03.846        -0.001459        -0.000252         0.000066
20 Feb 2015 03:40:10.585        -0.001483        -0.000280        -0.000021
20 Feb 2015 03:42:15.031        -0.001505        -0.000309        -0.000111
20 Feb 2015 03:44:19.475        -0.001523        -0.000339        -0.000207
20 Feb 2015 03:46:54.230        -0.001541        -0.000378        -0.000334
20 Feb 2015 03:49:25.726        -0.001551        -0.000417        -0.000470
20 Feb 2015 03:51:53.862        -0.001553        -0.000457        -0.000612
20 Feb 2015 03:54:18.616        -0.001544        -0.000497        -0.000763
20 Feb 2015 03:56:40.021        -0.001523        -0.000537        -0.000921
20 Feb 2015 03:58:58.166        -0.001488        -0.000576        -0.001087
20 Feb 2015 04:01:13.211        -0.001438        -0.000614        -0.001259
20 Feb 2015 04:03:25.395        -0.001369        -0.000650        -0.001437
20 Feb 2015 04:05:32.386        -0.001281        -0.000684        -0.001616
20 Feb 2015 04:07:34.081        -0.001174        -0.000713        -0.001792
20 Feb 2015 04:09:30.984        -0.001047        -0.000737        -0.001965
20 Feb 2015 04:11:11.941        -0.000916        -0.000754        -0.002114
20 Feb 2015 04:12:47.653        -0.000772        -0.000766        -0.002254
20 Feb 2015 04:14:33.121        -0.000589        -0.000773        -0.002401
20 Feb 2015 04:16:15.236        -0.000388        -0.000772        -0.002535
20 Feb 2015 04:17:54.120        -0.000168        -0.000764        -0.002651
20 Feb 2015 04:19:30.021         0.000066        -0.000747        -0.002747
20 Feb 2015 04:20:41.545         0.000255        -0.000728        -0.002805
20 Feb 2015 04:21:53.098         0.000455        -0.000704        -0.002849
20 Feb 2015 04:23:13.305         0.000689        -0.000669        -0.002880
20 Feb 2015 04:24:35.531         0.000940        -0.000625        -0.002889
20 Feb 2015 04:25:58.120         0.001199        -0.000572        -0.002870
20 Feb 2015 04:27:20.281         0.001460        -0.000511        -0.002823
20 Feb 2015 04:28:41.678         0.001717        -0.000443        -0.002746
20 Feb 2015 04:30:01.790         0.001965        -0.000368        -0.002640
20 Feb 2015 04:31:21.030         0.002199        -0.000288        -0.002505
20 Feb 2015 04:32:38.860         0.002415        -0.000204        -0.002345
20 Feb 2015 04:33:53.279         0.002604        -0.000120        -0.002167
20 Feb 2015 04:35:05.297         0.002767        -0.000037        -0.001974
20 Feb 2015 04:36:09.860         0.002894         0.000038        -0.001787
20 Feb 2015 04:37:15.035         0.003001         0.000113        -0.001586
20 Feb 2015 04:38:24.690         0.003093         0.000192        -0.001361
20 Feb 2015 04:39:38.908         0.003163         0.000273        -0.001114
20 Feb 2015 04:40:52.891         0.003205         0.000350        -0.000862
20 Feb 2015 04:42:10.357         0.003218         0.000425        -0.000598
20 Feb 2015 04:43:25.372         0.003203         0.000492        -0.000346
20 Feb 2015 04:44:39.616         0.003162         0.000551        -0.000104
20 Feb 2015 04:45:52.263         0.003100         0.000602         0.000124
20 Feb 2015 04:46:58.148         0.003027         0.000643         0.000319
20 Feb 2015 04:48:09.887         0.002931         0.000680         0.000519
20 Feb 2015 04:49:34.259         0.002801         0.000716         0.000736
20 Feb 2015 04:51:00.620         0.002651         0.000744         0.000935
20 Feb 2015 04:52:29.262         0.002486         0.000764         0.001116
20 Feb 2015 04:54:00.395         0.002308         0.000775         0.001276
20 Feb 2015 04:55:34.222         0.002120         0.000779         0.001416
20 Feb 2015 04:57:10.937         0.001925         0.000777         0.001535
20 Feb 2015 04:58:50.729         0.001726         0.000767         0.001633
20 Feb 2015 05:00:33.782         0.001526         0.000752         0.001710
20 Feb 2015 05:02:20.273         0.001327         0.000731         0.001767
20 Feb 2015 05:04:10.385         0.001131         0.000706         0.001806
20 Feb 2015 05:06:04.303         0.000941         0.000678         0.001827
20 Feb 2015 05:08:02.229         0.000757         0.000646         0.001833
20 Feb 2015 05:10:04.384         0.000581         0.000611         0.001825
20 Feb 2015 05:12:11.021         0.000413         0.000575         0.001803
20 Feb 2015 05:14:22.453         0.000255         0.000537         0.001771
20 Feb 2015 05:16:39.080         0.000105         0.000498         0.001729
20 Feb 2015 05:18:59.947        -0.000035         0.000458         0.001679
20 Feb 2015 05:20:54.270        -0.000138         0.000427         0.001635
20 Feb 2015 05:22:48.343        -0.000233         0.000397         0.001588
20 Feb 2015 05:25:00.911        -0.000334         0.000363         0.001532
20 Feb 2015 05:27:21.068        -0.000432         0.000329         0.001471
20 Feb 2015 05:29:47.007        -0.000524         0.000294         0.001406
20 Feb 2015 05:32:17.602        -0.000610         0.000259         0.001339
20 Feb 2015 05:34:52.179        -0.000691         0.000225         0.001270
20 Feb 2015 05:37:30.242        -0.000767         0.000192         0.001199
20 Feb 2015 05:40:11.371        -0.000838         0.000159         0.001126
20 Feb 2015 05:42:55.183        -0.000905         0.000127         0.001053
20 Feb 2015 05:45:41.308        -0.000968         0.000094         0.000978
20 Feb 2015 05:48:28.416        -0.001028         0.000063         0.000903
20 Feb 2015 05:51:15.981        -0.001084         0.000031         0.000827
20 Feb 2015 05:54:03.606        -0.001137         0.000000         0.000749
20 Feb 2015 05:56:11.275        -0.001176        -0.000023         0.000689
20 Feb 2015 05:58:23.012        -0.001215        -0.000048         0.000625
20 Feb 2015 06:01:10.144        -0.001262        -0.000080         0.000542
20 Feb 2015 06:03:54.673        -0.001306        -0.000111         0.000457
20 Feb 2015 06:06:37.502        -0.001349        -0.000143         0.000369
20 Feb 2015 06:09:18.228        -0.001388        -0.000176         0.000278
20 Feb 2015 06:11:56.524        -0.001425        -0.000209         0.000182
20 Feb 2015 06:14:32.075        -0.001459        -0.000243         0.000083
20 Feb 2015 06:17:05.804        -0.001489        -0.000277        -0.000023
20 Feb 2015 06:19:11.495        -0.001511        -0.000307        -0.000115
20 Feb 2015 06:21:17.225        -0.001529        -0.000337        -0.000212
20 Feb 2015 06:23:51.494        -0.001547        -0.000376        -0.000341
20 Feb 2015 06:26:22.499        -0.001557        -0.000415        -0.000476
20 Feb 2015 06:28:50.147        -0.001559        -0.000455        -0.000620
20 Feb 2015 06:31:14.419        -0.001550        -0.000495        -0.000771
20 Feb 2015 06:33:35.350        -0.001528        -0.000535        -0.000930
20 Feb 2015 06:35:53.034        -0.001493        -0.000575        -0.001097
20 Feb 2015 06:38:07.630        -0.001441        -0.000613        -0.001270
20 Feb 2015 06:40:19.381        -0.001371        -0.000650        -0.001448
20 Feb 2015 06:42:25.775        -0.001282        -0.000683        -0.001627
20 Feb 2015 06:44:26.928        -0.001174        -0.000712        -0.001804
20 Feb 2015 06:46:23.339        -0.001046        -0.000736        -0.001977
20 Feb 2015 06:48:03.837        -0.000914        -0.000754        -0.002126
20 Feb 2015 06:49:50.153        -0.000751        -0.000767        -0.002280
20 Feb 2015 06:51:34.992        -0.000565        -0.000773        -0.002426
20 Feb 2015 06:53:16.419        -0.000361        -0.000772        -0.002557
20 Feb 2015 06:54:54.670        -0.000139        -0.000763        -0.002670
20 Feb 2015 06:56:18.633         0.000069        -0.000748        -0.002753
20 Feb 2015 06:57:30.356         0.000259        -0.000730        -0.002811
20 Feb 2015 06:58:42.099         0.000460        -0.000705        -0.002854
20 Feb 2015 07:00:02.268         0.000696        -0.000671        -0.002884
20 Feb 2015 07:01:24.415         0.000947        -0.000627        -0.002891
20 Feb 2015 07:02:46.910         0.001207        -0.000575        -0.002872
20 Feb 2015 07:04:08.977         0.001468        -0.000514        -0.002823
20 Feb 2015 07:05:30.289         0.001725        -0.000446        -0.002745
20 Feb 2015 07:06:50.344         0.001972        -0.000372        -0.002638
20 Feb 2015 07:08:09.538         0.002206        -0.000292        -0.002502
20 Feb 2015 07:09:27.197         0.002421        -0.000209        -0.002341
20 Feb 2015 07:10:41.386         0.002609        -0.000126        -0.002162
20 Feb 2015 07:11:53.435         0.002771        -0.000043        -0.001969
20 Feb 2015 07:12:58.528         0.002898         0.000032        -0.001779
20 Feb 2015 07:14:04.098         0.003005         0.000107        -0.001577
20 Feb 2015 07:15:13.321         0.003096         0.000185        -0.001353
20 Feb 2015 07:16:26.696         0.003164         0.000265        -0.001108
20 Feb 2015 07:17:40.883         0.003205         0.000342        -0.000856
20 Feb 2015 07:18:58.118         0.003218         0.000417        -0.000593
20 Feb 2015 07:20:13.131         0.003202         0.000483        -0.000341
20 Feb 2015 07:21:27.431         0.003161         0.000542        -0.000099
20 Feb 2015 07:22:40.087         0.003098         0.000594         0.000127
20 Feb 2015 07:23:45.746         0.003025         0.000634         0.000322
20 Feb 2015 07:24:57.913         0.002929         0.000672         0.000523
20 Feb 2015 07:26:22.396         0.002798         0.000708         0.000739
20 Feb 2015 07:27:48.879         0.002649         0.000736         0.000937
20 Feb 2015 07:29:17.651         0.002483         0.000756         0.001117
20 Feb 2015 07:30:48.921         0.002305         0.000768         0.001277
20 Feb 2015 07:32:22.891         0.002117         0.000772         0.001417
20 Feb 2015 07:33:59.756         0.001922         0.000770         0.001535
20 Feb 2015 07:35:39.703         0.001724         0.000761         0.001632
20 Feb 2015 07:37:22.913         0.001524         0.000746         0.001709
20 Feb 2015 07:39:09.566         0.001325         0.000726         0.001766
20 Feb 2015 07:40:59.842         0.001130         0.000702         0.001805
20 Feb 2015 07:42:53.927         0.000939         0.000674         0.001826
20 Feb 2015 07:44:52.022         0.000756         0.000642         0.001832
20 Feb 2015 07:46:54.344         0.000580         0.000608         0.001823
20 Feb 2015 07:49:01.152         0.000413         0.000573         0.001802
20 Feb 2015 07:51:12.755         0.000254         0.000535         0.001770
20 Feb 2015 07:53:29.555         0.000104         0.000497         0.001728
20 Feb 2015 07:55:50.447        -0.000035         0.000458         0.001678
20 Feb 2015 07:57:45.071        -0.000139         0.000427         0.001634
20 Feb 2015 07:59:39.444        -0.000234         0.000397         0.001587
20 Feb 2015 08:01:52.152        -0.000335         0.000364         0.001531
20 Feb 2015 08:04:12.421        -0.000433         0.000329         0.001470
20 Feb 2015 08:06:38.434        -0.000525         0.000295         0.001406
20 Feb 2015 08:09:09.075        -0.000612         0.000261         0.001339
20 Feb 2015 08:11:43.666        -0.000693         0.000227         0.001269
20 Feb 2015 08:14:21.712        -0.000769         0.000194         0.001199
20 Feb 2015 08:17:02.793        -0.000840         0.000161         0.001126
20 Feb 2015 08:19:46.525        -0.000908         0.000129         0.001053
20 Feb 2015 08:22:32.539        -0.000971         0.000097         0.000978
20 Feb 2015 08:25:19.396        -0.001031         0.000065         0.000903
20 Feb 2015 08:28:06.685        -0.001087         0.000034         0.000827
20 Feb 2015 08:30:54.010        -0.001141         0.000003         0.000749
20 Feb 2015 08:33:40.966        -0.001191        -0.000028         0.000670
20 Feb 2015 08:36:13.164        -0.001236        -0.000057         0.000595
20 Feb 2015 08:38:58.754        -0.001282        -0.000088         0.000512
20 Feb 2015 08:41:42.343        -0.001327        -0.000120         0.000425
20 Feb 2015 08:44:24.065        -0.001368        -0.000152         0.000336
20 Feb 2015 08:47:03.558        -0.001407        -0.000185         0.000243
20 Feb 2015 08:49:40.506        -0.001443        -0.000218         0.000145
20 Feb 2015 08:52:14.606        -0.001476        -0.000252         0.000043
20 Feb 2015 08:54:35.736        -0.001503        -0.000284        -0.000056
20 Feb 2015 08:56:48.456        -0.001525        -0.000316        -0.000156
20 Feb 2015 08:59:11.039        -0.001544        -0.000351        -0.000271
20 Feb 2015 09:01:43.476        -0.001559        -0.000390        -0.000403
20 Feb 2015 09:04:12.589        -0.001565        -0.000430        -0.000543
20 Feb 2015 09:06:38.334        -0.001562        -0.000470        -0.000691
20 Feb 2015 09:09:00.718        -0.001547        -0.000511        -0.000846
20 Feb 2015 09:11:19.805        -0.001520        -0.000551        -0.001009
20 Feb 2015 09:13:35.715        -0.001477        -0.000590        -0.001179
20 Feb 2015 09:15:48.643        -0.001417        -0.000628        -0.001355
20 Feb 2015 09:17:57.707        -0.001338        -0.000663        -0.001535
20 Feb 2015 09:20:01.277        -0.001240        -0.000695        -0.001713
20 Feb 2015 09:21:59.880        -0.001123        -0.000722        -0.001888
20 Feb 2015 09:23:53.969        -0.000985        -0.000745        -0.002058
20 Feb 2015 09:25:43.919        -0.000827        -0.000761        -0.002220
20 Feb 2015 09:27:30.276        -0.000648        -0.000771        -0.002372
20 Feb 2015 09:29:12.877        -0.000451        -0.000774        -0.002509
20 Feb 2015 09:30:52.215        -0.000236        -0.000768        -0.002630
20 Feb 2015 09:32:28.543        -0.000004        -0.000755        -0.002731
20 Feb 2015 09:33:20.877         0.000131        -0.000744        -0.002778
20 Feb 2015 09:34:13.280         0.000272        -0.000730        -0.002818
20 Feb 2015 09:35:29.391         0.000487        -0.000704        -0.002863
20 Feb 2015 09:36:49.664         0.000724        -0.000669        -0.002890
20 Feb 2015 09:38:11.813         0.000977        -0.000625        -0.002893
20 Feb 2015 09:39:34.198         0.001237        -0.000572        -0.002870
20 Feb 2015 09:40:56.115         0.001498        -0.000511        -0.002818
20 Feb 2015 09:42:17.218         0.001754        -0.000443        -0.002735
20 Feb 2015 09:43:37.132         0.002000        -0.000369        -0.002624
20 Feb 2015 09:44:56.195         0.002233        -0.000289        -0.002485
20 Feb 2015 09:46:13.410         0.002444        -0.000206        -0.002321
20 Feb 2015 09:47:27.083         0.002628        -0.000124        -0.002141
20 Feb 2015 09:48:39.219         0.002788        -0.000042        -0.001945
20 Feb 2015 09:49:43.579         0.002912         0.000032        -0.001756
20 Feb 2015 09:50:48.292         0.003015         0.000106        -0.001555
20 Feb 2015 09:52:01.442         0.003107         0.000188        -0.001317
20 Feb 2015 09:53:13.807         0.003171         0.000266        -0.001075
20 Feb 2015 09:54:28.863         0.003208         0.000343        -0.000820
20 Feb 2015 09:55:45.533         0.003217         0.000416        -0.000559
20 Feb 2015 09:57:00.453         0.003197         0.000481        -0.000309
20 Feb 2015 09:58:14.713         0.003153         0.000540        -0.000068
20 Feb 2015 09:59:17.951         0.003097         0.000584         0.000128
20 Feb 2015 10:00:21.294         0.003027         0.000623         0.000315
20 Feb 2015 10:01:33.609         0.002931         0.000662         0.000516
20 Feb 2015 10:02:58.124         0.002801         0.000698         0.000733
20 Feb 2015 10:04:24.639         0.002652         0.000727         0.000931
20 Feb 2015 10:05:53.442         0.002488         0.000747         0.001112
20 Feb 2015 10:07:24.741         0.002310         0.000760         0.001272
20 Feb 2015 10:08:58.738         0.002122         0.000765         0.001412
20 Feb 2015 10:10:35.627         0.001928         0.000764         0.001531
20 Feb 2015 10:12:15.596         0.001729         0.000756         0.001628
20 Feb 2015 10:13:58.825         0.001530         0.000742         0.001705
20 Feb 2015 10:15:45.492         0.001331         0.000722         0.001763
20 Feb 2015 10:17:35.777         0.001136         0.000699         0.001802
20 Feb 2015 10:19:29.866         0.000946         0.000671         0.001824
20 Feb 2015 10:21:27.957         0.000762         0.000641         0.001830
20 Feb 2015 10:23:30.270         0.000586         0.000607         0.001822
20 Feb 2015 10:25:37.057         0.000418         0.000572         0.001802
20 Feb 2015 10:27:48.628         0.000260         0.000535         0.001770
20 Feb 2015 10:30:05.381         0.000110         0.000497         0.001728
20 Feb 2015 10:32:26.156        -0.000030         0.000459         0.001679
20 Feb 2015 10:34:18.899        -0.000132         0.000429         0.001636
20 Feb 2015 10:36:11.357        -0.000226         0.000400         0.001590
20 Feb 2015 10:38:23.514        -0.000328         0.000367         0.001535
20 Feb 2015 10:40:43.363        -0.000426         0.000333         0.001475
20 Feb 2015 10:43:09.046        -0.000519         0.000299         0.001410
20 Feb 2015 10:45:39.389        -0.000606         0.000265         0.001344
20 Feb 2015 10:48:13.698        -0.000688         0.000231         0.001275
20 Feb 2015 10:50:51.467        -0.000765         0.000198         0.001204
20 Feb 2015 10:53:32.272        -0.000837         0.000166         0.001132
20 Feb 2015 10:56:15.728        -0.000904         0.000134         0.001059
20 Feb 2015 10:59:01.464        -0.000968         0.000102         0.000984
20 Feb 2015 11:01:48.025        -0.001029         0.000070         0.000909
20 Feb 2015 11:04:35.022        -0.001086         0.000039         0.000833
20 Feb 2015 11:07:22.061        -0.001140         0.000008         0.000755
20 Feb 2015 11:10:08.739        -0.001191        -0.000023         0.000676
20 Feb 2015 11:12:50.327        -0.001239        -0.000053         0.000597
20 Feb 2015 11:15:35.267        -0.001286        -0.000084         0.000513
20 Feb 2015 11:18:18.532        -0.001330        -0.000116         0.000427
20 Feb 2015 11:20:59.914        -0.001372        -0.000148         0.000337
20 Feb 2015 11:23:39.073        -0.001411        -0.000181         0.000244
20 Feb 2015 11:26:15.692        -0.001448        -0.000214         0.000146
20 Feb 2015 11:28:49.478        -0.001481        -0.000248         0.000044
20 Feb 2015 11:31:02.008        -0.001506        -0.000279        -0.000050
20 Feb 2015 11:33:14.547        -0.001529        -0.000310        -0.000150
20 Feb 2015 11:35:34.486        -0.001549        -0.000345        -0.000263
20 Feb 2015 11:38:06.785        -0.001564        -0.000384        -0.000395
20 Feb 2015 11:40:35.770        -0.001571        -0.000424        -0.000535
20 Feb 2015 11:43:01.394        -0.001569        -0.000464        -0.000683
20 Feb 2015 11:45:23.661        -0.001555        -0.000505        -0.000838
20 Feb 2015 11:47:42.629        -0.001528        -0.000545        -0.001001
20 Feb 2015 11:49:58.418        -0.001486        -0.000585        -0.001171
20 Feb 2015 11:52:11.214        -0.001427        -0.000623        -0.001347
20 Feb 2015 11:54:20.273        -0.001349        -0.000659        -0.001527
20 Feb 2015 11:56:23.839        -0.001253        -0.000691        -0.001706
20 Feb 2015 11:58:22.437        -0.001136        -0.000719        -0.001881
20 Feb 2015 12:00:16.524        -0.000999        -0.000742        -0.002052
20 Feb 2015 12:02:06.475        -0.000842        -0.000759        -0.002215
20 Feb 2015 12:03:51.541        -0.000667        -0.000770        -0.002365
20 Feb 2015 12:05:34.180        -0.000471        -0.000774        -0.002504
20 Feb 2015 12:07:13.571        -0.000256        -0.000770        -0.002626
20 Feb 2015 12:08:49.952        -0.000026        -0.000758        -0.002728
20 Feb 2015 12:09:55.189         0.000143        -0.000744        -0.002787
20 Feb 2015 12:11:00.489         0.000320        -0.000726        -0.002834
20 Feb 2015 12:12:17.058         0.000540        -0.000699        -0.002875
20 Feb 2015 12:13:37.913         0.000782        -0.000662        -0.002896
20 Feb 2015 12:15:00.118         0.001038        -0.000617        -0.002893
20 Feb 2015 12:16:22.351         0.001299        -0.000563        -0.002863
20 Feb 2015 12:17:44.037         0.001559        -0.000501        -0.002803
20 Feb 2015 12:19:04.785         0.001813        -0.000431        -0.002713
20 Feb 2015 12:20:24.466         0.002057        -0.000356        -0.002595
20 Feb 2015 12:21:43.225         0.002285        -0.000276        -0.002449
20 Feb 2015 12:22:59.535         0.002490        -0.000194        -0.002280
20 Feb 2015 12:24:12.454         0.002668        -0.000113        -0.002097
20 Feb 2015 12:25:24.987         0.002823        -0.000030        -0.001895
20 Feb 2015 12:26:27.443         0.002938         0.000041        -0.001709
20 Feb 2015 12:27:29.996         0.003033         0.000112        -0.001513
20 Feb 2015 12:28:47.159         0.003124         0.000197        -0.001260
20 Feb 2015 12:29:59.023         0.003181         0.000274        -0.001018
20 Feb 2015 12:31:15.757         0.003212         0.000351        -0.000757
20 Feb 2015 12:32:31.759         0.003214         0.000422        -0.000500
20 Feb 2015 12:33:46.573         0.003188         0.000486        -0.000252
20 Feb 2015 12:35:00.651         0.003139         0.000543        -0.000015
20 Feb 2015 12:35:53.918         0.003090         0.000579         0.000149
20 Feb 2015 12:36:47.377         0.003030         0.000612         0.000306
20 Feb 2015 12:38:01.816         0.002932         0.000652         0.000514
20 Feb 2015 12:39:26.378         0.002802         0.000689         0.000730
20 Feb 2015 12:40:52.957         0.002654         0.000718         0.000929
20 Feb 2015 12:42:21.826         0.002489         0.000739         0.001109
20 Feb 2015 12:43:53.193         0.002312         0.000752         0.001269
20 Feb 2015 12:45:27.260         0.002124         0.000758         0.001409
20 Feb 2015 12:47:04.219         0.001930         0.000757         0.001528
20 Feb 2015 12:48:44.257         0.001732         0.000750         0.001626
20 Feb 2015 12:50:27.555         0.001533         0.000737         0.001703
20 Feb 2015 12:52:14.290         0.001334         0.000718         0.001761
20 Feb 2015 12:54:04.640         0.001139         0.000695         0.001800
20 Feb 2015 12:55:58.792         0.000949         0.000668         0.001822
20 Feb 2015 12:57:56.942         0.000766         0.000638         0.001829
20 Feb 2015 12:59:59.309         0.000590         0.000606         0.001821
20 Feb 2015 13:02:06.145         0.000422         0.000571         0.001801
20 Feb 2015 13:04:17.758         0.000263         0.000535         0.001770
20 Feb 2015 13:06:34.544         0.000113         0.000497         0.001728
20 Feb 2015 13:08:55.255        -0.000027         0.000459         0.001679
20 Feb 2015 13:10:46.741        -0.000128         0.000430         0.001637
20 Feb 2015 13:12:37.927        -0.000222         0.000402         0.001592
20 Feb 2015 13:14:49.748        -0.000323         0.000369         0.001537
20 Feb 2015 13:17:09.343        -0.000422         0.000335         0.001477
20 Feb 2015 13:19:34.830        -0.000515         0.000302         0.001413
20 Feb 2015 13:22:04.990        -0.000603         0.000268         0.001347
20 Feb 2015 13:24:39.117        -0.000685         0.000235         0.001278
20 Feb 2015 13:27:16.696        -0.000762         0.000202         0.001208
20 Feb 2015 13:29:57.302        -0.000835         0.000170         0.001136
20 Feb 2015 13:32:40.549        -0.000903         0.000138         0.001063
20 Feb 2015 13:35:26.049        -0.000967         0.000106         0.000989
20 Feb 2015 13:38:12.333        -0.001028         0.000075         0.000913
20 Feb 2015 13:40:59.048        -0.001086         0.000044         0.000837
20 Feb 2015 13:43:45.799        -0.001140         0.000013         0.000759
20 Feb 2015 13:46:32.188        -0.001192        -0.000018         0.000680
20 Feb 2015 13:49:16.249        -0.001241        -0.000049         0.000600
20 Feb 2015 13:52:00.789        -0.001288        -0.000080         0.000516
20 Feb 2015 13:54:43.750        -0.001333        -0.000112         0.000429
20 Feb 2015 13:57:24.829        -0.001376        -0.000144         0.000340
20 Feb 2015 14:00:03.689        -0.001415        -0.000177         0.000246
20 Feb 2015 14:02:40.020        -0.001452        -0.000210         0.000148
20 Feb 2015 14:05:13.545        -0.001485        -0.000244         0.000045
20 Feb 2015 14:07:38.816        -0.001514        -0.000278        -0.000058
20 Feb 2015 14:09:51.640        -0.001536        -0.000310        -0.000160
20 Feb 2015 14:12:14.565        -0.001556        -0.000345        -0.000276
20 Feb 2015 14:14:46.193        -0.001571        -0.000385        -0.000410
20 Feb 2015 14:17:14.501        -0.001577        -0.000425        -0.000551
20 Feb 2015 14:19:39.451        -0.001574        -0.000465        -0.000700
20 Feb 2015 14:22:01.053        -0.001559        -0.000506        -0.000856
20 Feb 2015 14:24:19.372        -0.001531        -0.000546        -0.001021
20 Feb 2015 14:26:34.532        -0.001487        -0.000586        -0.001191
20 Feb 2015 14:28:46.728        -0.001426        -0.000624        -0.001369
20 Feb 2015 14:30:54.840        -0.001346        -0.000660        -0.001549
20 Feb 2015 14:32:57.551        -0.001247        -0.000692        -0.001727
20 Feb 2015 14:34:55.377        -0.001128        -0.000720        -0.001903
20 Feb 2015 14:36:48.760        -0.000989        -0.000743        -0.002073
20 Feb 2015 14:38:38.066        -0.000830        -0.000760        -0.002235
20 Feb 2015 14:40:22.580        -0.000652        -0.000770        -0.002384
20 Feb 2015 14:42:04.676        -0.000454        -0.000774        -0.002521
20 Feb 2015 14:43:43.569        -0.000238        -0.000770        -0.002641
20 Feb 2015 14:45:19.495        -0.000005        -0.000757        -0.002741
20 Feb 2015 14:46:13.058         0.000134        -0.000746        -0.002789
20 Feb 2015 14:47:06.660         0.000279        -0.000732        -0.002829
20 Feb 2015 14:48:22.741         0.000496        -0.000707        -0.002872
20 Feb 2015 14:49:42.921         0.000735        -0.000673        -0.002897
20 Feb 2015 14:51:04.906         0.000989        -0.000629        -0.002899
20 Feb 2015 14:52:27.109         0.001249        -0.000578        -0.002873
20 Feb 2015 14:53:48.851         0.001510        -0.000518        -0.002818
20 Feb 2015 14:55:09.809         0.001767        -0.000450        -0.002734
20 Feb 2015 14:56:29.634         0.002012        -0.000377        -0.002620
20 Feb 2015 14:57:48.581         0.002244        -0.000298        -0.002479
20 Feb 2015 14:59:05.398         0.002453        -0.000217        -0.002314
20 Feb 2015 15:00:18.741         0.002636        -0.000136        -0.002133
20 Feb 2015 15:01:31.113         0.002795        -0.000054        -0.001935
20 Feb 2015 15:02:37.117         0.002920         0.000021        -0.001740
20 Feb 2015 15:03:43.292         0.003024         0.000095        -0.001534
20 Feb 2015 15:04:58.058         0.003114         0.000178        -0.001290
20 Feb 2015 15:06:09.447         0.003174         0.000254        -0.001051
20 Feb 2015 15:07:25.597         0.003209         0.000331        -0.000792
20 Feb 2015 15:08:41.840         0.003215         0.000403        -0.000533
20 Feb 2015 15:09:56.784         0.003193         0.000468        -0.000284
20 Feb 2015 15:11:11.087         0.003146         0.000526        -0.000046
20 Feb 2015 15:12:11.684         0.003092         0.000568         0.000141
20 Feb 2015 15:13:12.409         0.003024         0.000605         0.000320
20 Feb 2015 15:14:26.119         0.002926         0.000645         0.000523
20 Feb 2015 15:15:50.862         0.002795         0.000681         0.000738
20 Feb 2015 15:17:17.630         0.002646         0.000710         0.000936
20 Feb 2015 15:18:46.703         0.002481         0.000732         0.001115
20 Feb 2015 15:20:18.287         0.002303         0.000745         0.001275
20 Feb 2015 15:21:52.583         0.002116         0.000751         0.001413
20 Feb 2015 15:23:29.784         0.001922         0.000751         0.001531
20 Feb 2015 15:25:10.072         0.001724         0.000743         0.001628
20 Feb 2015 15:26:53.629         0.001524         0.000731         0.001704
20 Feb 2015 15:28:40.632         0.001326         0.000713         0.001761
20 Feb 2015 15:30:31.260         0.001132         0.000690         0.001800
20 Feb 2015 15:32:25.696         0.000942         0.000664         0.001821
20 Feb 2015 15:34:24.139         0.000759         0.000634         0.001827
20 Feb 2015 15:36:26.807         0.000583         0.000602         0.001819
20 Feb 2015 15:38:33.954         0.000416         0.000568         0.001799
20 Feb 2015 15:40:45.891         0.000258         0.000532         0.001767
20 Feb 2015 15:43:03.019         0.000108         0.000495         0.001726
20 Feb 2015 15:45:23.863        -0.000032         0.000458         0.001677
20 Feb 2015 15:47:17.451        -0.000134         0.000428         0.001633
20 Feb 2015 15:49:10.766        -0.000229         0.000400         0.001588
20 Feb 2015 15:51:23.296        -0.000331         0.000367         0.001533
20 Feb 2015 15:53:43.437        -0.000429         0.000334         0.001473
20 Feb 2015 15:56:09.322        -0.000522         0.000300         0.001409
20 Feb 2015 15:58:39.794        -0.000609         0.000267         0.001342
20 Feb 2015 16:01:14.168        -0.000691         0.000234         0.001273
20 Feb 2015 16:03:51.935        -0.000769         0.000202         0.001203
20 Feb 2015 16:06:32.673        -0.000841         0.000170         0.001131
20 Feb 2015 16:09:15.997        -0.000909         0.000138         0.001058
20 Feb 2015 16:12:01.340        -0.000974         0.000106         0.000984
20 Feb 2015 16:14:47.421        -0.001035         0.000075         0.000909
20 Feb 2015 16:17:33.882        -0.001092         0.000044         0.000832
20 Feb 2015 16:20:20.330        -0.001147         0.000014         0.000754
20 Feb 2015 16:23:06.366        -0.001199        -0.000017         0.000675
20 Feb 2015 16:25:49.672        -0.001248        -0.000048         0.000594
20 Feb 2015 16:28:33.785        -0.001296        -0.000079         0.000510
20 Feb 2015 16:31:16.271        -0.001341        -0.000111         0.000423
20 Feb 2015 16:33:56.848        -0.001383        -0.000143         0.000333
20 Feb 2015 16:36:35.178        -0.001423        -0.000176         0.000239
20 Feb 2015 16:39:10.964        -0.001460        -0.000209         0.000140
20 Feb 2015 16:41:42.104        -0.001493        -0.000243         0.000038
20 Feb 2015 16:43:52.073        -0.001518        -0.000273        -0.000055
20 Feb 2015 16:46:02.046        -0.001541        -0.000304        -0.000155
20 Feb 2015 16:48:23.617        -0.001561        -0.000340        -0.000271
20 Feb 2015 16:50:55.052        -0.001576        -0.000379        -0.000404
20 Feb 2015 16:53:23.176        -0.001583        -0.000419        -0.000545
20 Feb 2015 16:55:47.946        -0.001580        -0.000460        -0.000695
20 Feb 2015 16:58:09.373        -0.001566        -0.000501        -0.000851
20 Feb 2015 17:00:27.519        -0.001538        -0.000541        -0.001015
20 Feb 2015 17:02:42.505        -0.001495        -0.000581        -0.001187
20 Feb 2015 17:04:54.520        -0.001435        -0.000620        -0.001364
20 Feb 2015 17:07:02.525        -0.001356        -0.000656        -0.001544
20 Feb 2015 17:09:05.138        -0.001257        -0.000689        -0.001723
20 Feb 2015 17:11:02.876        -0.001139        -0.000717        -0.001899
20 Feb 2015 17:12:56.180        -0.001001        -0.000740        -0.002069
20 Feb 2015 17:14:45.417        -0.000842        -0.000758        -0.002232
20 Feb 2015 17:16:29.571        -0.000666        -0.000769        -0.002381
20 Feb 2015 17:18:11.622        -0.000468        -0.000774        -0.002519
20 Feb 2015 17:19:50.481        -0.000252        -0.000771        -0.002640
20 Feb 2015 17:21:26.380        -0.000020        -0.000759        -0.002741
20 Feb 2015 17:22:29.420         0.000144        -0.000747        -0.002797
20 Feb 2015 17:23:32.530         0.000317        -0.000730        -0.002842
20 Feb 2015 17:24:48.936         0.000537        -0.000704        -0.002882
20 Feb 2015 17:26:09.534         0.000780        -0.000668        -0.002903
20 Feb 2015 17:27:31.542         0.001035        -0.000624        -0.002899
20 Feb 2015 17:28:53.614         0.001297        -0.000571        -0.002868
20 Feb 2015 17:30:15.169         0.001557        -0.000511        -0.002807
20 Feb 2015 17:31:35.853         0.001812        -0.000443        -0.002717
20 Feb 2015 17:32:55.500         0.002056        -0.000369        -0.002597
20 Feb 2015 17:34:14.167         0.002284        -0.000290        -0.002451
20 Feb 2015 17:35:30.225         0.002488        -0.000210        -0.002283
20 Feb 2015 17:36:43.055         0.002666        -0.000129        -0.002099
20 Feb 2015 17:37:55.870         0.002822        -0.000047        -0.001896
20 Feb 2015 17:39:01.541         0.002942         0.000027        -0.001700
20 Feb 2015 17:40:07.199         0.003040         0.000100        -0.001493
20 Feb 2015 17:41:24.372         0.003129         0.000185        -0.001240
20 Feb 2015 17:42:35.861         0.003183         0.000260        -0.001000
20 Feb 2015 17:43:53.825         0.003212         0.000338        -0.000735
20 Feb 2015 17:45:09.607         0.003211         0.000408        -0.000479
20 Feb 2015 17:46:24.499         0.003184         0.000471        -0.000232
20 Feb 2015 17:47:38.598         0.003132         0.000527         0.000004
20 Feb 2015 17:48:24.740         0.003090         0.000559         0.000145
20 Feb 2015 17:49:11.093         0.003039         0.000588         0.000282
20 Feb 2015 17:50:25.549         0.002943         0.000629         0.000490
20 Feb 2015 17:51:49.967         0.002815         0.000667         0.000706
20 Feb 2015 17:53:16.496         0.002669         0.000698         0.000907
20 Feb 2015 17:54:45.301         0.002506         0.000721         0.001089
20 Feb 2015 17:56:16.591         0.002331         0.000736         0.001251
20 Feb 2015 17:57:50.566         0.002145         0.000744         0.001392
20 Feb 2015 17:59:27.419         0.001952         0.000745         0.001513
20 Feb 2015 18:01:07.336         0.001754         0.000739         0.001613
20 Feb 2015 18:02:50.495         0.001555         0.000728         0.001692
20 Feb 2015 18:04:37.074         0.001357         0.000711         0.001752
20 Feb 2015 18:06:27.250         0.001162         0.000690         0.001793
20 Feb 2015 18:08:21.205         0.000972         0.000664         0.001818
20 Feb 2015 18:10:19.135         0.000788         0.000636         0.001826
20 Feb 2015 18:12:21.253         0.000611         0.000605         0.001820
20 Feb 2015 18:14:27.807         0.000442         0.000571         0.001801
20 Feb 2015 18:16:39.094         0.000283         0.000536         0.001772
20 Feb 2015 18:18:55.500         0.000131         0.000500         0.001732
20 Feb 2015 18:21:15.806        -0.000010         0.000463         0.001684
20 Feb 2015 18:22:54.913        -0.000101         0.000438         0.001647
20 Feb 2015 18:24:33.570        -0.000186         0.000413         0.001609
20 Feb 2015 18:26:42.280        -0.000288         0.000381         0.001556
20 Feb 2015 18:28:59.482        -0.000388         0.000349         0.001498
20 Feb 2015 18:31:23.206        -0.000484         0.000316         0.001436
20 Feb 2015 18:33:51.887        -0.000574         0.000283         0.001370
20 Feb 2015 18:36:24.699        -0.000658         0.000250         0.001303
20 Feb 2015 18:39:01.071        -0.000738         0.000217         0.001233
20 Feb 2015 18:41:40.558        -0.000813         0.000185         0.001162
20 Feb 2015 18:44:22.763        -0.000883         0.000153         0.001089
20 Feb 2015 18:47:07.309        -0.000949         0.000122         0.001016
20 Feb 2015 18:49:52.890        -0.001012         0.000091         0.000941
20 Feb 2015 18:52:38.983        -0.001071         0.000060         0.000865
20 Feb 2015 18:55:25.203        -0.001127         0.000029         0.000788
20 Feb 2015 18:58:11.158        -0.001181        -0.000001         0.000709
20 Feb 2015 19:00:27.283        -0.001223        -0.000027         0.000643
20 Feb 2015 19:02:45.028        -0.001264        -0.000053         0.000574
20 Feb 2015 19:05:29.271        -0.001312        -0.000084         0.000488
20 Feb 2015 19:08:10.908        -0.001356        -0.000116         0.000400
20 Feb 2015 19:10:50.573        -0.001398        -0.000148         0.000308
20 Feb 2015 19:13:27.906        -0.001438        -0.000181         0.000213
20 Feb 2015 19:16:02.629        -0.001474        -0.000215         0.000113
20 Feb 2015 19:18:39.782        -0.001508        -0.000250         0.000004
20 Feb 2015 19:20:18.814        -0.001527        -0.000274        -0.000069
20 Feb 2015 19:21:57.857        -0.001544        -0.000298        -0.000145
20 Feb 2015 19:24:24.174        -0.001566        -0.000334        -0.000265
20 Feb 2015 19:26:55.421        -0.001581        -0.000374        -0.000399
20 Feb 2015 19:29:23.363        -0.001589        -0.000414        -0.000540
20 Feb 2015 19:31:47.957        -0.001587        -0.000455        -0.000689
20 Feb 2015 19:34:09.211        -0.001573        -0.000495        -0.000846
20 Feb 2015 19:36:27.187        -0.001546        -0.000536        -0.001010
20 Feb 2015 19:38:42.001        -0.001504        -0.000576        -0.001182
20 Feb 2015 19:40:53.839        -0.001444        -0.000615        -0.001359
20 Feb 2015 19:43:01.741        -0.001365        -0.000652        -0.001540
20 Feb 2015 19:45:04.259        -0.001268        -0.000685        -0.001719
20 Feb 2015 19:47:01.911        -0.001150        -0.000714        -0.001895
20 Feb 2015 19:48:55.139        -0.001013        -0.000738        -0.002066
20 Feb 2015 19:50:44.309        -0.000854        -0.000757        -0.002229
20 Feb 2015 19:52:29.602        -0.000676        -0.000769        -0.002380
20 Feb 2015 19:54:11.577        -0.000479        -0.000774        -0.002518
20 Feb 2015 19:55:50.358        -0.000263        -0.000771        -0.002640
20 Feb 2015 19:57:26.190        -0.000032        -0.000761        -0.002741
20 Feb 2015 19:58:32.971         0.000142        -0.000748        -0.002801
20 Feb 2015 19:59:39.801         0.000326        -0.000731        -0.002849
20 Feb 2015 20:00:56.025         0.000547        -0.000705        -0.002887
20 Feb 2015 20:02:16.636         0.000791        -0.000670        -0.002906
20 Feb 2015 20:03:38.573         0.001047        -0.000626        -0.002901
20 Feb 2015 20:05:00.551         0.001309        -0.000573        -0.002868
20 Feb 2015 20:06:22.010         0.001569        -0.000513        -0.002805
20 Feb 2015 20:07:42.604         0.001824        -0.000445        -0.002713
20 Feb 2015 20:09:02.194         0.002067        -0.000372        -0.002592
20 Feb 2015 20:10:20.730         0.002294        -0.000293        -0.002444
20 Feb 2015 20:11:36.485         0.002497        -0.000213        -0.002275
20 Feb 2015 20:12:49.190         0.002673        -0.000134        -0.002090
20 Feb 2015 20:14:02.278         0.002828        -0.000052        -0.001886
20 Feb 2015 20:15:15.959         0.002960         0.000031        -0.001664
20 Feb 2015 20:16:22.630         0.003056         0.000105        -0.001453
20 Feb 2015 20:17:33.858         0.003134         0.000182        -0.001218
20 Feb 2015 20:18:45.877         0.003186         0.000258        -0.000976
20 Feb 2015 20:20:04.006         0.003213         0.000335        -0.000710
20 Feb 2015 20:21:19.635         0.003209         0.000404        -0.000456
20 Feb 2015 20:22:34.549         0.003179         0.000467        -0.000210
20 Feb 2015 20:23:48.570         0.003126         0.000523         0.000024
20 Feb 2015 20:24:45.930         0.003070         0.000561         0.000198
20 Feb 2015 20:25:43.438         0.003003         0.000595         0.000364
20 Feb 2015 20:27:02.072         0.002894         0.000636         0.000576
20 Feb 2015 20:28:27.444         0.002759         0.000672         0.000787
20 Feb 2015 20:29:54.936         0.002606         0.000700         0.000980
20 Feb 2015 20:31:24.792         0.002438         0.000720         0.001154
20 Feb 2015 20:32:57.217         0.002258         0.000732         0.001308
20 Feb 2015 20:34:32.407         0.002069         0.000738         0.001441
20 Feb 2015 20:36:10.551         0.001874         0.000737         0.001553
20 Feb 2015 20:37:51.832         0.001676         0.000729         0.001645
20 Feb 2015 20:39:36.426         0.001478         0.000716         0.001716
20 Feb 2015 20:41:24.511         0.001281         0.000699         0.001769
20 Feb 2015 20:43:16.264         0.001087         0.000676         0.001803
20 Feb 2015 20:45:11.871         0.000900         0.000650         0.001821
20 Feb 2015 20:47:11.531         0.000718         0.000621         0.001824
20 Feb 2015 20:49:15.469         0.000545         0.000590         0.001813
20 Feb 2015 20:51:23.949         0.000380         0.000556         0.001790
20 Feb 2015 20:53:37.297         0.000223         0.000521         0.001756
20 Feb 2015 20:55:55.520         0.000076         0.000485         0.001713
20 Feb 2015 20:58:17.151        -0.000061         0.000449         0.001663
20 Feb 2015 21:00:31.014        -0.000178         0.000416         0.001612
20 Feb 2015 21:02:33.245        -0.000276         0.000386         0.001562
20 Feb 2015 21:04:49.892        -0.000377         0.000353         0.001505
20 Feb 2015 21:07:12.995        -0.000473         0.000321         0.001443
20 Feb 2015 21:09:41.172        -0.000564         0.000288         0.001378
20 Feb 2015 21:12:13.528        -0.000649         0.000255         0.001311
20 Feb 2015 21:14:49.480        -0.000730         0.000223         0.001242
20 Feb 2015 21:17:28.569        -0.000805         0.000191         0.001171
20 Feb 2015 21:20:10.393        -0.000876         0.000160         0.001098
20 Feb 2015 21:22:54.575        -0.000943         0.000128         0.001025
20 Feb 2015 21:25:39.843        -0.001007         0.000097         0.000950
20 Feb 2015 21:28:25.642        -0.001067         0.000067         0.000875
20 Feb 2015 21:31:11.592        -0.001123         0.000036         0.000798
20 Feb 2015 21:33:57.300        -0.001178         0.000005         0.000719
20 Feb 2015 21:36:42.375        -0.001229        -0.000025         0.000638
20 Feb 2015 21:39:12.835        -0.001275        -0.000054         0.000562
20 Feb 2015 21:41:56.071        -0.001322        -0.000085         0.000476
20 Feb 2015 21:44:37.118        -0.001367        -0.000117         0.000388
20 Feb 2015 21:47:16.123        -0.001409        -0.000149         0.000295
20 Feb 2015 21:49:52.759        -0.001448        -0.000182         0.000199
20 Feb 2015 21:52:26.749        -0.001484        -0.000216         0.000097
20 Feb 2015 21:54:51.064        -0.001515        -0.000249        -0.000004
20 Feb 2015 21:56:30.735        -0.001534        -0.000273        -0.000078
20 Feb 2015 21:58:10.509        -0.001552        -0.000297        -0.000156
20 Feb 2015 22:00:39.694        -0.001573        -0.000335        -0.000279
20 Feb 2015 22:03:10.256        -0.001588        -0.000374        -0.000414
20 Feb 2015 22:05:37.508        -0.001595        -0.000415        -0.000557
20 Feb 2015 22:08:01.416        -0.001592        -0.000455        -0.000707
20 Feb 2015 22:10:21.993        -0.001577        -0.000497        -0.000865
20 Feb 2015 22:12:39.308        -0.001548        -0.000537        -0.001031
20 Feb 2015 22:14:53.483        -0.001504        -0.000578        -0.001203
20 Feb 2015 22:17:04.710        -0.001442        -0.000617        -0.001382
20 Feb 2015 22:19:11.650        -0.001361        -0.000653        -0.001563
20 Feb 2015 22:21:13.299        -0.001261        -0.000686        -0.001742
20 Feb 2015 22:23:10.165        -0.001142        -0.000715        -0.001918
20 Feb 2015 22:25:02.676        -0.001001        -0.000739        -0.002088
20 Feb 2015 22:26:51.190        -0.000841        -0.000757        -0.002250
20 Feb 2015 22:28:31.717        -0.000668        -0.000769        -0.002394
20 Feb 2015 22:30:13.229        -0.000469        -0.000774        -0.002531
20 Feb 2015 22:31:51.627        -0.000252        -0.000772        -0.002651
20 Feb 2015 22:33:27.110        -0.000019        -0.000761        -0.002751
20 Feb 2015 22:34:29.623         0.000145        -0.000749        -0.002806
20 Feb 2015 22:35:32.183         0.000317        -0.000734        -0.002851
20 Feb 2015 22:36:48.400         0.000538        -0.000708        -0.002889
20 Feb 2015 22:38:08.799         0.000781        -0.000674        -0.002909
20 Feb 2015 22:39:30.624         0.001038        -0.000631        -0.002904
20 Feb 2015 22:40:52.534         0.001299        -0.000579        -0.002872
20 Feb 2015 22:42:13.950         0.001560        -0.000520        -0.002810
20 Feb 2015 22:43:34.553         0.001815        -0.000453        -0.002718
20 Feb 2015 22:44:54.152         0.002059        -0.000381        -0.002598
20 Feb 2015 22:46:12.683         0.002286        -0.000303        -0.002450
20 Feb 2015 22:47:28.426         0.002490        -0.000224        -0.002281
20 Feb 2015 22:48:41.165         0.002667        -0.000144        -0.002097
20 Feb 2015 22:49:54.333         0.002823        -0.000063        -0.001893
20 Feb 2015 22:51:08.196         0.002956         0.000019        -0.001671
20 Feb 2015 22:52:16.152         0.003054         0.000095        -0.001456
20 Feb 2015 22:53:24.703         0.003130         0.000169        -0.001231
20 Feb 2015 22:54:36.424         0.003183         0.000244        -0.000989
20 Feb 2015 22:55:54.568         0.003211         0.000321        -0.000724
20 Feb 2015 22:57:10.268         0.003209         0.000391        -0.000469
20 Feb 2015 22:58:25.271         0.003181         0.000454        -0.000223
20 Feb 2015 22:59:39.446         0.003129         0.000510         0.000012
20 Feb 2015 23:00:31.975         0.003079         0.000546         0.000171
20 Feb 2015 23:01:24.702         0.003019         0.000578         0.000325
20 Feb 2015 23:02:41.341         0.002917         0.000619         0.000534
20 Feb 2015 23:04:06.429         0.002785         0.000657         0.000748
20 Feb 2015 23:05:33.589         0.002636         0.000686         0.000944
20 Feb 2015 23:07:03.078         0.002470         0.000708         0.001121
20 Feb 2015 23:08:35.102         0.002293         0.000723         0.001279
20 Feb 2015 23:10:09.857         0.002105         0.000730         0.001416
20 Feb 2015 23:11:47.534         0.001912         0.000731         0.001532
20 Feb 2015 23:13:28.317         0.001714         0.000725         0.001627
20 Feb 2015 23:15:12.381         0.001516         0.000714         0.001703
20 Feb 2015 23:16:59.902         0.001318         0.000698         0.001759
20 Feb 2015 23:18:51.056         0.001125         0.000677         0.001796
20 Feb 2015 23:20:46.027         0.000936         0.000652         0.001817
20 Feb 2015 23:22:45.010         0.000753         0.000624         0.001823
20 Feb 2015 23:24:48.226         0.000579         0.000594         0.001815
20 Feb 2015 23:26:55.927         0.000412         0.000561         0.001794
20 Feb 2015 23:29:08.425         0.000254         0.000527         0.001763
20 Feb 2015 23:31:25.995         0.000105         0.000492         0.001722
20 Feb 2015 23:33:46.961        -0.000034         0.000456         0.001673
20 Feb 2015 23:35:41.885        -0.000138         0.000427         0.001630
20 Feb 2015 23:37:36.518        -0.000233         0.000400         0.001584
20 Feb 2015 23:39:49.646        -0.000335         0.000368         0.001529
20 Feb 2015 23:42:10.238        -0.000433         0.000336         0.001469
20 Feb 2015 23:44:36.439        -0.000526         0.000303         0.001406
20 Feb 2015 23:47:07.116        -0.000614         0.000271         0.001340
20 Feb 2015 23:49:41.591        -0.000697         0.000239         0.001271
20 Feb 2015 23:52:19.359        -0.000775         0.000207         0.001201
20 Feb 2015 23:55:00.003        -0.000848         0.000175         0.001130
20 Feb 2015 23:57:43.134        -0.000917         0.000144         0.001057
21 Feb 2015 00:00:27.853        -0.000982         0.000113         0.000983
21 Feb 2015 00:03:13.230        -0.001044         0.000083         0.000907
21 Feb 2015 00:05:58.899        -0.001102         0.000052         0.000831
21 Feb 2015 00:08:44.473        -0.001158         0.000022         0.000753
21 Feb 2015 00:11:29.559        -0.001211        -0.000009         0.000673
21 Feb 2015 00:14:13.583        -0.001262        -0.000040         0.000591
21 Feb 2015 00:16:56.550        -0.001310        -0.000071         0.000506
21 Feb 2015 00:19:37.897        -0.001356        -0.000102         0.000419
21 Feb 2015 00:22:17.293        -0.001399        -0.000135         0.000327
21 Feb 2015 00:24:54.423        -0.001440        -0.000167         0.000232
21 Feb 2015 00:27:29.003        -0.001477        -0.000201         0.000132
21 Feb 2015 00:29:58.660        -0.001511        -0.000235         0.000028
21 Feb 2015 00:32:03.682        -0.001536        -0.000264        -0.000064
21 Feb 2015 00:34:08.705        -0.001558        -0.000295        -0.000161
21 Feb 2015 00:36:32.664        -0.001579        -0.000331        -0.000282
21 Feb 2015 00:39:02.848        -0.001594        -0.000371        -0.000417
21 Feb 2015 00:41:29.725        -0.001601        -0.000411        -0.000560
21 Feb 2015 00:43:53.262        -0.001598        -0.000453        -0.000711
21 Feb 2015 00:46:13.475        -0.001583        -0.000494        -0.000870
21 Feb 2015 00:48:30.431        -0.001554        -0.000535        -0.001036
21 Feb 2015 00:50:44.256        -0.001509        -0.000575        -0.001209
21 Feb 2015 00:52:55.141        -0.001447        -0.000615        -0.001388
21 Feb 2015 00:55:01.651        -0.001366        -0.000651        -0.001569
21 Feb 2015 00:57:02.910        -0.001265        -0.000685        -0.001748
21 Feb 2015 00:58:59.423        -0.001145        -0.000714        -0.001924
21 Feb 2015 01:00:51.613        -0.001004        -0.000738        -0.002094
21 Feb 2015 01:02:39.834        -0.000843        -0.000756        -0.002256
21 Feb 2015 01:04:23.516        -0.000663        -0.000769        -0.002405
21 Feb 2015 01:06:04.712        -0.000463        -0.000774        -0.002541
21 Feb 2015 01:07:42.789        -0.000245        -0.000772        -0.002660
21 Feb 2015 01:09:17.980        -0.000011        -0.000762        -0.002759
21 Feb 2015 01:10:16.400         0.000143        -0.000751        -0.002810
21 Feb 2015 01:11:14.868         0.000304        -0.000737        -0.002852
21 Feb 2015 01:12:30.886         0.000524        -0.000712        -0.002891
21 Feb 2015 01:13:51.012         0.000767        -0.000679        -0.002912
21 Feb 2015 01:15:12.708         0.001023        -0.000637        -0.002908
21 Feb 2015 01:16:34.554         0.001285        -0.000587        -0.002876
21 Feb 2015 01:17:55.941         0.001546        -0.000528        -0.002816
21 Feb 2015 01:19:16.579         0.001801        -0.000463        -0.002725
21 Feb 2015 01:20:36.205         0.002045        -0.000391        -0.002606
21 Feb 2015 01:21:54.766         0.002274        -0.000314        -0.002459
21 Feb 2015 01:23:10.573         0.002479        -0.000236        -0.002292
21 Feb 2015 01:24:23.381         0.002657        -0.000157        -0.002108
21 Feb 2015 01:25:36.575         0.002815        -0.000076        -0.001905
21 Feb 2015 01:26:50.782         0.002949         0.000006        -0.001683
21 Feb 2015 01:27:59.830         0.003050         0.000083        -0.001464
21 Feb 2015 01:29:02.124         0.003121         0.000150        -0.001260
21 Feb 2015 01:30:13.258         0.003177         0.000224        -0.001021
21 Feb 2015 01:31:31.352         0.003209         0.000302        -0.000756
21 Feb 2015 01:32:47.223         0.003210         0.000373        -0.000501
21 Feb 2015 01:34:02.340         0.003185         0.000436        -0.000254
21 Feb 2015 01:35:16.760         0.003136         0.000494        -0.000017
21 Feb 2015 01:36:11.146         0.003086         0.000531         0.000149
21 Feb 2015 01:37:05.701         0.003025         0.000565         0.000308
21 Feb 2015 01:38:20.425         0.002927         0.000606         0.000513
21 Feb 2015 01:39:45.425         0.002798         0.000645         0.000728
21 Feb 2015 01:41:12.469         0.002650         0.000675         0.000926
21 Feb 2015 01:42:41.828         0.002486         0.000699         0.001105
21 Feb 2015 01:44:13.707         0.002309         0.000714         0.001264
21 Feb 2015 01:45:48.303         0.002123         0.000723         0.001403
21 Feb 2015 01:47:25.806         0.001930         0.000725         0.001521
21 Feb 2015 01:49:06.398         0.001733         0.000720         0.001618
21 Feb 2015 01:50:50.257         0.001535         0.000710         0.001695
21 Feb 2015 01:52:37.557         0.001338         0.000695         0.001752
21 Feb 2015 01:54:28.474         0.001144         0.000675         0.001792
21 Feb 2015 01:56:23.190         0.000954         0.000651         0.001815
21 Feb 2015 01:58:21.898         0.000772         0.000624         0.001822
21 Feb 2015 02:00:24.814         0.000596         0.000595         0.001815
21 Feb 2015 02:02:32.185         0.000429         0.000563         0.001795
21 Feb 2015 02:04:44.318         0.000270         0.000529         0.001765
21 Feb 2015 02:07:01.564         0.000120         0.000495         0.001725
21 Feb 2015 02:09:22.196        -0.000020         0.000459         0.001677
21 Feb 2015 02:11:10.522        -0.000119         0.000433         0.001637
21 Feb 2015 02:12:58.482        -0.000210         0.000407         0.001595
21 Feb 2015 02:15:09.663        -0.000312         0.000376         0.001541
21 Feb 2015 02:17:28.825        -0.000412         0.000344         0.001483
21 Feb 2015 02:19:53.946        -0.000506         0.000312         0.001420
21 Feb 2015 02:22:23.714        -0.000596         0.000280         0.001355
21 Feb 2015 02:24:57.384        -0.000680         0.000248         0.001287
21 Feb 2015 02:27:34.424        -0.000759         0.000216         0.001217
21 Feb 2015 02:30:14.401        -0.000833         0.000185         0.001146
21 Feb 2015 02:32:56.924        -0.000903         0.000153         0.001074
21 Feb 2015 02:35:41.238        -0.000970         0.000123         0.001000
21 Feb 2015 02:38:26.265        -0.001032         0.000092         0.000925
21 Feb 2015 02:41:11.646        -0.001092         0.000062         0.000849
21 Feb 2015 02:43:56.995        -0.001149         0.000031         0.000771
21 Feb 2015 02:46:41.923        -0.001203         0.000001         0.000692
21 Feb 2015 02:48:48.026        -0.001242        -0.000022         0.000629
21 Feb 2015 02:50:55.401        -0.001281        -0.000046         0.000564
21 Feb 2015 02:53:38.751        -0.001330        -0.000078         0.000478
21 Feb 2015 02:56:19.095        -0.001375        -0.000110         0.000388
21 Feb 2015 02:58:57.416        -0.001418        -0.000142         0.000295
21 Feb 2015 03:01:33.375        -0.001458        -0.000175         0.000198
21 Feb 2015 03:04:06.702        -0.001494        -0.000209         0.000096
21 Feb 2015 03:06:30.070        -0.001526        -0.000242        -0.000006
21 Feb 2015 03:08:14.028        -0.001546        -0.000267        -0.000084
21 Feb 2015 03:09:58.015        -0.001564        -0.000292        -0.000166
21 Feb 2015 03:12:28.924        -0.001586        -0.000331        -0.000294
21 Feb 2015 03:14:58.485        -0.001601        -0.000371        -0.000430
21 Feb 2015 03:17:24.737        -0.001607        -0.000411        -0.000575
21 Feb 2015 03:19:47.652        -0.001603        -0.000453        -0.000727
21 Feb 2015 03:22:07.252        -0.001587        -0.000494        -0.000887
21 Feb 2015 03:24:23.611        -0.001556        -0.000535        -0.001054
21 Feb 2015 03:26:36.858        -0.001510        -0.000576        -0.001228
21 Feb 2015 03:28:47.191        -0.001446        -0.000615        -0.001408
21 Feb 2015 03:30:52.860        -0.001363        -0.000652        -0.001589
21 Feb 2015 03:32:53.358        -0.001261        -0.000685        -0.001768
21 Feb 2015 03:34:49.181        -0.001138        -0.000714        -0.001944
21 Feb 2015 03:36:40.741        -0.000995        -0.000738        -0.002113
21 Feb 2015 03:38:28.385        -0.000832        -0.000757        -0.002274
21 Feb 2015 03:40:11.694        -0.000650        -0.000769        -0.002422
21 Feb 2015 03:41:52.402        -0.000448        -0.000774        -0.002557
21 Feb 2015 03:43:30.030        -0.000228        -0.000772        -0.002674
21 Feb 2015 03:45:04.812         0.000007        -0.000762        -0.002771
21 Feb 2015 03:46:00.107         0.000154        -0.000751        -0.002818
21 Feb 2015 03:46:55.441         0.000308        -0.000738        -0.002857
21 Feb 2015 03:48:11.864         0.000530        -0.000714        -0.002896
21 Feb 2015 03:49:31.945         0.000774        -0.000681        -0.002915
21 Feb 2015 03:50:53.569         0.001030        -0.000639        -0.002910
21 Feb 2015 03:52:15.331         0.001292        -0.000589        -0.002877
21 Feb 2015 03:53:36.637         0.001553        -0.000531        -0.002815
21 Feb 2015 03:54:57.207         0.001808        -0.000466        -0.002724
21 Feb 2015 03:56:16.790         0.002052        -0.000395        -0.002603
21 Feb 2015 03:57:35.235         0.002280        -0.000319        -0.002455
21 Feb 2015 03:58:50.805         0.002484        -0.000241        -0.002287
21 Feb 2015 04:00:03.549         0.002661        -0.000163        -0.002103
21 Feb 2015 04:01:16.995         0.002819        -0.000082        -0.001898
21 Feb 2015 04:02:30.861         0.002952        -0.000000        -0.001677
21 Feb 2015 04:03:22.063         0.003028         0.000056        -0.001515
21 Feb 2015 04:04:15.419         0.003094         0.000114        -0.001342
21 Feb 2015 04:05:24.422         0.003158         0.000187        -0.001112
21 Feb 2015 04:06:40.111         0.003199         0.000264        -0.000856
21 Feb 2015 04:07:56.623         0.003212         0.000337        -0.000598
21 Feb 2015 04:09:11.954         0.003197         0.000403        -0.000347
21 Feb 2015 04:10:26.828         0.003156         0.000463        -0.000106
21 Feb 2015 04:11:40.050         0.003094         0.000515         0.000120
21 Feb 2015 04:12:46.584         0.003022         0.000557         0.000314
21 Feb 2015 04:13:58.520         0.002927         0.000597         0.000511
21 Feb 2015 04:15:23.610         0.002798         0.000635         0.000726
21 Feb 2015 04:16:50.727         0.002650         0.000667         0.000923
21 Feb 2015 04:18:20.162         0.002487         0.000690         0.001102
21 Feb 2015 04:19:52.120         0.002311         0.000707         0.001261
21 Feb 2015 04:21:26.797         0.002125         0.000716         0.001400
21 Feb 2015 04:23:04.382         0.001932         0.000718         0.001518
21 Feb 2015 04:24:45.057         0.001735         0.000715         0.001615
21 Feb 2015 04:26:28.998         0.001537         0.000705         0.001693
21 Feb 2015 04:28:16.380         0.001340         0.000690         0.001750
21 Feb 2015 04:30:07.378         0.001146         0.000671         0.001790
21 Feb 2015 04:32:02.171         0.000957         0.000648         0.001813
21 Feb 2015 04:34:00.953         0.000774         0.000622         0.001820
21 Feb 2015 04:36:03.939         0.000599         0.000593         0.001814
21 Feb 2015 04:38:11.377         0.000432         0.000561         0.001794
21 Feb 2015 04:40:23.568         0.000273         0.000529         0.001764
21 Feb 2015 04:42:40.783         0.000122         0.000494         0.001725
21 Feb 2015 04:45:01.374        -0.000017         0.000460         0.001677
21 Feb 2015 04:46:48.038        -0.000115         0.000434         0.001638
21 Feb 2015 04:48:34.316        -0.000205         0.000408         0.001597
21 Feb 2015 04:50:45.143        -0.000307         0.000378         0.001544
21 Feb 2015 04:53:04.025        -0.000407         0.000346         0.001485
21 Feb 2015 04:55:28.934        -0.000502         0.000315         0.001423
21 Feb 2015 04:57:58.512        -0.000592         0.000283         0.001358
21 Feb 2015 05:00:31.995        -0.000676         0.000251         0.001290
21 Feb 2015 05:03:08.848        -0.000756         0.000220         0.001221
21 Feb 2015 05:05:48.630        -0.000831         0.000188         0.001150
21 Feb 2015 05:08:30.949        -0.000902         0.000158         0.001078
21 Feb 2015 05:11:15.011        -0.000968         0.000127         0.001004
21 Feb 2015 05:13:59.781        -0.001032         0.000097         0.000929
21 Feb 2015 05:16:44.899        -0.001092         0.000066         0.000853
21 Feb 2015 05:19:29.982        -0.001149         0.000036         0.000776
21 Feb 2015 05:22:14.645        -0.001203         0.000006         0.000696
21 Feb 2015 05:24:41.771        -0.001250        -0.000022         0.000623
21 Feb 2015 05:27:09.361        -0.001295        -0.000050         0.000547
21 Feb 2015 05:29:51.333        -0.001343        -0.000081         0.000460
21 Feb 2015 05:32:30.963        -0.001388        -0.000113         0.000370
21 Feb 2015 05:35:08.480        -0.001431        -0.000145         0.000275
21 Feb 2015 05:37:43.577        -0.001471        -0.000179         0.000177
21 Feb 2015 05:40:07.537        -0.001505        -0.000211         0.000079
21 Feb 2015 05:42:38.230        -0.001537        -0.000246        -0.000030
21 Feb 2015 05:44:57.575        -0.001564        -0.000280        -0.000138
21 Feb 2015 05:47:05.753        -0.001584        -0.000312        -0.000244
21 Feb 2015 05:49:36.212        -0.001602        -0.000352        -0.000378
21 Feb 2015 05:52:03.406        -0.001612        -0.000392        -0.000520
21 Feb 2015 05:54:27.272        -0.001612        -0.000433        -0.000670
21 Feb 2015 05:56:47.814        -0.001600        -0.000475        -0.000827
21 Feb 2015 05:59:05.086        -0.001576        -0.000516        -0.000992
21 Feb 2015 06:01:19.195        -0.001536        -0.000558        -0.001164
21 Feb 2015 06:03:30.310        -0.001479        -0.000598        -0.001342
21 Feb 2015 06:05:37.738        -0.001402        -0.000636        -0.001523
21 Feb 2015 06:07:39.823        -0.001307        -0.000671        -0.001704
21 Feb 2015 06:09:37.081        -0.001192        -0.000702        -0.001881
21 Feb 2015 06:11:29.956        -0.001057        -0.000728        -0.002054
21 Feb 2015 06:13:18.814        -0.000901        -0.000749        -0.002218
21 Feb 2015 06:15:03.969        -0.000725        -0.000765        -0.002372
21 Feb 2015 06:16:45.819        -0.000529        -0.000773        -0.002513
21 Feb 2015 06:18:24.391        -0.000316        -0.000774        -0.002637
21 Feb 2015 06:20:00.044        -0.000086        -0.000767        -0.002741
21 Feb 2015 06:21:16.508         0.000114        -0.000756        -0.002811
21 Feb 2015 06:22:33.014         0.000326        -0.000738        -0.002865
21 Feb 2015 06:23:47.358         0.000544        -0.000714        -0.002901
21 Feb 2015 06:25:07.570         0.000789        -0.000682        -0.002919
21 Feb 2015 06:26:29.142         0.001046        -0.000640        -0.002912
21 Feb 2015 06:27:50.811         0.001308        -0.000590        -0.002876
21 Feb 2015 06:29:12.017         0.001569        -0.000532        -0.002812
21 Feb 2015 06:30:32.482         0.001824        -0.000467        -0.002718
21 Feb 2015 06:31:51.992         0.002067        -0.000396        -0.002595
21 Feb 2015 06:33:10.240         0.002294        -0.000321        -0.002446
21 Feb 2015 06:34:25.456         0.002495        -0.000243        -0.002276
21 Feb 2015 06:35:38.123         0.002671        -0.000166        -0.002091
21 Feb 2015 06:36:51.947         0.002828        -0.000085        -0.001884
21 Feb 2015 06:38:05.349         0.002958        -0.000004        -0.001663
21 Feb 2015 06:39:03.883         0.003043         0.000060        -0.001478
21 Feb 2015 06:40:03.390         0.003112         0.000124        -0.001283
21 Feb 2015 06:41:13.234         0.003170         0.000197        -0.001049
21 Feb 2015 06:42:31.354         0.003205         0.000274        -0.000785
21 Feb 2015 06:43:47.361         0.003210         0.000345        -0.000529
21 Feb 2015 06:45:02.642         0.003187         0.000410        -0.000281
21 Feb 2015 06:46:17.329         0.003140         0.000468        -0.000043
21 Feb 2015 06:47:17.869         0.003086         0.000510         0.000141
21 Feb 2015 06:48:18.530         0.003019         0.000549         0.000318
21 Feb 2015 06:49:32.664         0.002921         0.000589         0.000520
21 Feb 2015 06:50:57.908         0.002791         0.000628         0.000734
21 Feb 2015 06:52:25.207         0.002643         0.000659         0.000930
21 Feb 2015 06:53:54.837         0.002479         0.000683         0.001108
21 Feb 2015 06:55:27.002         0.002303         0.000700         0.001266
21 Feb 2015 06:57:01.897         0.002117         0.000709         0.001404
21 Feb 2015 06:58:39.710         0.001924         0.000712         0.001521
21 Feb 2015 07:00:20.622         0.001727         0.000708         0.001617
21 Feb 2015 07:02:04.808         0.001530         0.000699         0.001694
21 Feb 2015 07:03:52.443         0.001333         0.000685         0.001751
21 Feb 2015 07:05:43.700         0.001139         0.000666         0.001790
21 Feb 2015 07:07:38.759         0.000951         0.000644         0.001812
21 Feb 2015 07:09:37.815         0.000768         0.000618         0.001819
21 Feb 2015 07:11:41.083         0.000593         0.000589         0.001812
21 Feb 2015 07:13:48.809         0.000426         0.000559         0.001792
21 Feb 2015 07:16:01.298         0.000268         0.000526         0.001762
21 Feb 2015 07:18:18.647         0.000118         0.000492         0.001722
21 Feb 2015 07:20:39.361        -0.000021         0.000458         0.001675
21 Feb 2015 07:22:28.584        -0.000120         0.000432         0.001635
21 Feb 2015 07:24:17.439        -0.000212         0.000407         0.001593
21 Feb 2015 07:26:29.039        -0.000315         0.000376         0.001539
21 Feb 2015 07:28:48.488        -0.000414         0.000345         0.001481
21 Feb 2015 07:31:13.814        -0.000509         0.000314         0.001418
21 Feb 2015 07:33:43.715        -0.000599         0.000282         0.001353
21 Feb 2015 07:36:17.450        -0.000683         0.000251         0.001286
21 Feb 2015 07:38:54.493        -0.000762         0.000219         0.001216
21 Feb 2015 07:41:34.410        -0.000837         0.000189         0.001145
21 Feb 2015 07:44:16.809        -0.000908         0.000158         0.001073
21 Feb 2015 07:47:00.725        -0.000975         0.000127         0.000999
21 Feb 2015 07:49:45.302        -0.001038         0.000097         0.000924
21 Feb 2015 07:52:30.178        -0.001098         0.000067         0.000848
21 Feb 2015 07:55:14.969        -0.001155         0.000037         0.000770
21 Feb 2015 07:57:59.291        -0.001210         0.000007         0.000691
21 Feb 2015 08:00:42.764        -0.001262        -0.000024         0.000609
21 Feb 2015 08:03:10.902        -0.001308        -0.000052         0.000532
21 Feb 2015 08:05:52.195        -0.001356        -0.000083         0.000444
21 Feb 2015 08:08:31.120        -0.001401        -0.000115         0.000353
21 Feb 2015 08:11:07.872        -0.001443        -0.000148         0.000257
21 Feb 2015 08:13:42.162        -0.001482        -0.000181         0.000158
21 Feb 2015 08:16:06.419        -0.001517        -0.000214         0.000058
21 Feb 2015 08:18:35.185        -0.001548        -0.000249        -0.000052
21 Feb 2015 08:20:49.745        -0.001573        -0.000282        -0.000158
21 Feb 2015 08:23:08.458        -0.001595        -0.000317        -0.000276
21 Feb 2015 08:25:37.830        -0.001611        -0.000357        -0.000412
21 Feb 2015 08:28:03.911        -0.001619        -0.000398        -0.000556
21 Feb 2015 08:30:26.665        -0.001616        -0.000440        -0.000708
21 Feb 2015 08:32:46.109        -0.001602        -0.000481        -0.000868
21 Feb 2015 08:35:02.309        -0.001574        -0.000523        -0.001035
21 Feb 2015 08:37:15.386        -0.001530        -0.000564        -0.001209
21 Feb 2015 08:39:25.524        -0.001468        -0.000604        -0.001388
21 Feb 2015 08:41:31.285        -0.001387        -0.000642        -0.001570
21 Feb 2015 08:43:31.864        -0.001287        -0.000676        -0.001750
21 Feb 2015 08:45:27.760        -0.001167        -0.000707        -0.001927
21 Feb 2015 08:47:19.391        -0.001027        -0.000732        -0.002098
21 Feb 2015 08:49:07.108        -0.000866        -0.000753        -0.002260
21 Feb 2015 08:50:51.481        -0.000684        -0.000767        -0.002411
21 Feb 2015 08:52:32.244        -0.000484        -0.000774        -0.002548
21 Feb 2015 08:54:09.921        -0.000266        -0.000774        -0.002667
21 Feb 2015 08:55:44.755        -0.000032        -0.000766        -0.002767
21 Feb 2015 08:56:51.051         0.000144        -0.000755        -0.002824
21 Feb 2015 08:57:57.375         0.000330        -0.000739        -0.002870
21 Feb 2015 08:59:13.174         0.000553        -0.000716        -0.002906
21 Feb 2015 09:00:33.333         0.000798        -0.000683        -0.002922
21 Feb 2015 09:01:54.838         0.001056        -0.000642        -0.002913
21 Feb 2015 09:03:16.423         0.001318        -0.000592        -0.002877
21 Feb 2015 09:04:37.545         0.001579        -0.000535        -0.002811
21 Feb 2015 09:05:57.935         0.001834        -0.000470        -0.002715
21 Feb 2015 09:07:17.390         0.002077        -0.000400        -0.002590
21 Feb 2015 09:08:35.469         0.002302        -0.000324        -0.002440
21 Feb 2015 09:09:50.422         0.002502        -0.000248        -0.002270
21 Feb 2015 09:11:03.075         0.002677        -0.000171        -0.002084
21 Feb 2015 09:12:17.231         0.002833        -0.000090        -0.001875
21 Feb 2015 09:13:30.441         0.002962        -0.000010        -0.001654
21 Feb 2015 09:14:33.913         0.003053         0.000059        -0.001452
21 Feb 2015 09:15:37.880         0.003124         0.000127        -0.001242
21 Feb 2015 09:16:48.604         0.003177         0.000200        -0.001005
21 Feb 2015 09:18:06.369         0.003207         0.000277        -0.000741
21 Feb 2015 09:19:22.166         0.003207         0.000347        -0.000487
21 Feb 2015 09:20:37.456         0.003180         0.000410        -0.000241
21 Feb 2015 09:21:51.995         0.003130         0.000467        -0.000006
21 Feb 2015 09:22:40.026         0.003086         0.000501         0.000140
21 Feb 2015 09:23:28.272         0.003033         0.000531         0.000281
21 Feb 2015 09:24:42.567         0.002938         0.000573         0.000486
21 Feb 2015 09:26:07.494         0.002812         0.000614         0.000701
21 Feb 2015 09:27:34.544         0.002666         0.000646         0.000900
21 Feb 2015 09:29:03.898         0.002505         0.000672         0.001081
21 Feb 2015 09:30:35.759         0.002330         0.000690         0.001242
21 Feb 2015 09:32:10.324         0.002146         0.000701         0.001383
21 Feb 2015 09:33:47.782         0.001954         0.000705         0.001503
21 Feb 2015 09:35:28.313         0.001758         0.000703         0.001602
21 Feb 2015 09:37:12.094         0.001560         0.000696         0.001681
21 Feb 2015 09:38:59.296         0.001364         0.000683         0.001741
21 Feb 2015 09:40:50.095         0.001170         0.000665         0.001783
21 Feb 2015 09:42:44.666         0.000981         0.000644         0.001808
21 Feb 2015 09:44:43.201         0.000797         0.000619         0.001817
21 Feb 2015 09:46:45.909         0.000621         0.000592         0.001812
21 Feb 2015 09:48:53.033         0.000453         0.000562         0.001795
21 Feb 2015 09:51:04.865         0.000293         0.000530         0.001767
21 Feb 2015 09:53:21.694         0.000142         0.000497         0.001728
21 Feb 2015 09:55:41.877         0.000001         0.000463         0.001682
21 Feb 2015 09:56:59.959        -0.000072         0.000445         0.001654
21 Feb 2015 09:58:17.671        -0.000140         0.000427         0.001625
21 Feb 2015 10:00:22.306        -0.000243         0.000398         0.001576
21 Feb 2015 10:02:36.120        -0.000345         0.000368         0.001522
21 Feb 2015 10:04:57.608        -0.000443         0.000337         0.001462
21 Feb 2015 10:07:24.435        -0.000537         0.000305         0.001399
21 Feb 2015 10:09:55.557        -0.000625         0.000274         0.001333
21 Feb 2015 10:12:30.316        -0.000708         0.000243         0.001265
21 Feb 2015 10:15:08.219        -0.000786         0.000212         0.001196
21 Feb 2015 10:17:48.848        -0.000860         0.000182         0.001124
21 Feb 2015 10:20:31.822        -0.000930         0.000151         0.001051
21 Feb 2015 10:23:15.756        -0.000996         0.000121         0.000977
21 Feb 2015 10:26:00.227        -0.001059         0.000091         0.000902
21 Feb 2015 10:28:44.859        -0.001118         0.000061         0.000826
21 Feb 2015 10:31:29.270        -0.001175         0.000031         0.000747
21 Feb 2015 10:34:13.079        -0.001229         0.000001         0.000667
21 Feb 2015 10:36:15.232        -0.001268        -0.000022         0.000605
21 Feb 2015 10:38:18.380        -0.001307        -0.000045         0.000541
21 Feb 2015 10:41:00.370        -0.001355        -0.000077         0.000452
21 Feb 2015 10:43:39.122        -0.001401        -0.000109         0.000361
21 Feb 2015 10:46:15.759        -0.001444        -0.000141         0.000266
21 Feb 2015 10:48:49.959        -0.001484        -0.000174         0.000167
21 Feb 2015 10:51:09.084        -0.001517        -0.000206         0.000071
21 Feb 2015 10:53:38.315        -0.001550        -0.000241        -0.000039
21 Feb 2015 10:55:55.470        -0.001576        -0.000274        -0.000147
21 Feb 2015 10:58:08.289        -0.001597        -0.000308        -0.000259
21 Feb 2015 11:00:37.739        -0.001615        -0.000348        -0.000395
21 Feb 2015 11:03:03.915        -0.001624        -0.000389        -0.000539
21 Feb 2015 11:05:26.769        -0.001623        -0.000431        -0.000690
21 Feb 2015 11:07:46.314        -0.001610        -0.000473        -0.000849
21 Feb 2015 11:10:02.609        -0.001584        -0.000514        -0.001016
21 Feb 2015 11:12:15.768        -0.001542        -0.000556        -0.001190
21 Feb 2015 11:14:25.965        -0.001482        -0.000596        -0.001369
21 Feb 2015 11:16:32.066        -0.001404        -0.000635        -0.001551
21 Feb 2015 11:18:32.952        -0.001306        -0.000670        -0.001732
21 Feb 2015 11:20:29.125        -0.001188        -0.000701        -0.001909
21 Feb 2015 11:22:21.011        -0.001050        -0.000728        -0.002081
21 Feb 2015 11:24:08.965        -0.000891        -0.000749        -0.002244
21 Feb 2015 11:25:53.293        -0.000713        -0.000765        -0.002397
21 Feb 2015 11:27:34.506        -0.000514        -0.000773        -0.002536
21 Feb 2015 11:29:12.384        -0.000298        -0.000775        -0.002657
21 Feb 2015 11:30:47.404        -0.000065        -0.000768        -0.002759
21 Feb 2015 11:32:00.615         0.000128        -0.000757        -0.002824
21 Feb 2015 11:33:13.860         0.000334        -0.000741        -0.002875
21 Feb 2015 11:34:28.800         0.000554        -0.000718        -0.002910
21 Feb 2015 11:35:48.908         0.000801        -0.000686        -0.002925
21 Feb 2015 11:37:10.332         0.001059        -0.000645        -0.002916
21 Feb 2015 11:38:31.840         0.001321        -0.000596        -0.002878
21 Feb 2015 11:39:52.898         0.001582        -0.000539        -0.002811
21 Feb 2015 11:41:13.248         0.001837        -0.000475        -0.002715
21 Feb 2015 11:42:32.670         0.002079        -0.000405        -0.002590
21 Feb 2015 11:43:50.632         0.002304        -0.000331        -0.002438
21 Feb 2015 11:45:05.427         0.002504        -0.000255        -0.002268
21 Feb 2015 11:46:18.105         0.002679        -0.000178        -0.002082
21 Feb 2015 11:47:32.508         0.002835        -0.000097        -0.001872
21 Feb 2015 11:48:45.734         0.002963        -0.000018        -0.001650
21 Feb 2015 11:49:58.424         0.003065         0.000061        -0.001419
21 Feb 2015 11:51:06.775         0.003136         0.000133        -0.001193
21 Feb 2015 11:52:19.278         0.003185         0.000207        -0.000949
21 Feb 2015 11:53:36.372         0.003208         0.000282        -0.000689
21 Feb 2015 11:54:52.024         0.003202         0.000350        -0.000436
21 Feb 2015 11:56:07.305         0.003171         0.000413        -0.000192
21 Feb 2015 11:57:21.565         0.003116         0.000468         0.000040
21 Feb 2015 11:58:23.085         0.003055         0.000509         0.000223
21 Feb 2015 11:59:24.716         0.002981         0.000546         0.000397
21 Feb 2015 12:00:45.696         0.002868         0.000588         0.000610
21 Feb 2015 12:02:11.934         0.002730         0.000625         0.000816
21 Feb 2015 12:03:40.368         0.002575         0.000654         0.001005
21 Feb 2015 12:05:11.227         0.002406         0.000675         0.001174
21 Feb 2015 12:06:44.711         0.002226         0.000690         0.001323
21 Feb 2015 12:08:21.011         0.002037         0.000697         0.001452
21 Feb 2015 12:10:00.309         0.001843         0.000699         0.001560
21 Feb 2015 12:11:42.784         0.001646         0.000694         0.001648
21 Feb 2015 12:13:28.607         0.001449         0.000684         0.001716
21 Feb 2015 12:15:17.952         0.001253         0.000669         0.001766
21 Feb 2015 12:17:10.992         0.001062         0.000650         0.001798
21 Feb 2015 12:19:07.910         0.000876         0.000627         0.001813
21 Feb 2015 12:21:08.907         0.000697         0.000601         0.001815
21 Feb 2015 12:23:14.208         0.000526         0.000573         0.001803
21 Feb 2015 12:25:24.079         0.000362         0.000543         0.001779
21 Feb 2015 12:27:38.858         0.000207         0.000511         0.001745
21 Feb 2015 12:29:57.598         0.000062         0.000478         0.001703
21 Feb 2015 12:32:19.681        -0.000073         0.000444         0.001653
21 Feb 2015 12:34:30.111        -0.000186         0.000414         0.001604
21 Feb 2015 12:36:35.404        -0.000286         0.000386         0.001554
21 Feb 2015 12:38:53.154        -0.000387         0.000356         0.001497
21 Feb 2015 12:41:17.095        -0.000483         0.000325         0.001436
21 Feb 2015 12:43:45.851        -0.000575         0.000294         0.001372
21 Feb 2015 12:46:18.568        -0.000661         0.000263         0.001305
21 Feb 2015 12:48:54.676        -0.000742         0.000232         0.001237
21 Feb 2015 12:51:33.719        -0.000819         0.000202         0.001166
21 Feb 2015 12:54:15.299        -0.000891         0.000171         0.001094
21 Feb 2015 12:56:58.571        -0.000960         0.000141         0.001021
21 Feb 2015 12:59:42.553        -0.001025         0.000111         0.000947
21 Feb 2015 13:02:26.894        -0.001086         0.000082         0.000871
21 Feb 2015 13:05:11.216        -0.001145         0.000052         0.000794
21 Feb 2015 13:07:55.137        -0.001201         0.000022         0.000714
21 Feb 2015 13:10:38.278        -0.001255        -0.000008         0.000633
21 Feb 2015 13:13:17.962        -0.001305        -0.000039         0.000550
21 Feb 2015 13:15:58.550        -0.001354        -0.000070         0.000462
21 Feb 2015 13:18:37.233        -0.001400        -0.000101         0.000372
21 Feb 2015 13:21:13.788        -0.001444        -0.000134         0.000277
21 Feb 2015 13:23:30.692        -0.001480        -0.000163         0.000189
21 Feb 2015 13:25:47.118        -0.001514        -0.000194         0.000096
21 Feb 2015 13:28:17.744        -0.001548        -0.000229        -0.000014
21 Feb 2015 13:30:13.393        -0.001572        -0.000257        -0.000104
21 Feb 2015 13:32:09.067        -0.001592        -0.000286        -0.000199
21 Feb 2015 13:34:39.649        -0.001613        -0.000326        -0.000332
21 Feb 2015 13:37:07.035        -0.001627        -0.000366        -0.000472
21 Feb 2015 13:39:31.114        -0.001631        -0.000408        -0.000620
21 Feb 2015 13:41:51.876        -0.001624        -0.000449        -0.000777
21 Feb 2015 13:44:09.360        -0.001604        -0.000492        -0.000940
21 Feb 2015 13:46:23.654        -0.001569        -0.000533        -0.001111
21 Feb 2015 13:48:34.902        -0.001518        -0.000575        -0.001288
21 Feb 2015 13:50:43.251        -0.001448        -0.000615        -0.001471
21 Feb 2015 13:52:46.154        -0.001359        -0.000652        -0.001652
21 Feb 2015 13:54:44.144        -0.001250        -0.000685        -0.001832
21 Feb 2015 13:56:37.689        -0.001121        -0.000714        -0.002007
21 Feb 2015 13:58:27.170        -0.000972        -0.000739        -0.002174
21 Feb 2015 14:00:12.910        -0.000802        -0.000757        -0.002332
21 Feb 2015 14:01:53.513        -0.000615        -0.000769        -0.002475
21 Feb 2015 14:03:32.642        -0.000407        -0.000775        -0.002605
21 Feb 2015 14:05:08.838        -0.000182        -0.000773        -0.002717
21 Feb 2015 14:06:42.317         0.000058        -0.000763        -0.002807
21 Feb 2015 14:07:51.562         0.000249        -0.000750        -0.002860
21 Feb 2015 14:09:00.800         0.000449        -0.000732        -0.002899
21 Feb 2015 14:10:19.514         0.000687        -0.000704        -0.002924
21 Feb 2015 14:11:40.461         0.000941        -0.000668        -0.002926
21 Feb 2015 14:13:01.952         0.001202        -0.000623        -0.002901
21 Feb 2015 14:14:23.186         0.001465        -0.000570        -0.002847
21 Feb 2015 14:15:43.866         0.001723        -0.000510        -0.002763
21 Feb 2015 14:17:03.658         0.001972        -0.000443        -0.002650
21 Feb 2015 14:18:22.416         0.002206        -0.000371        -0.002510
21 Feb 2015 14:19:38.632         0.002417        -0.000296        -0.002347
21 Feb 2015 14:20:51.836         0.002602        -0.000220        -0.002168
21 Feb 2015 14:22:05.100         0.002766        -0.000142        -0.001969
21 Feb 2015 14:23:20.704         0.002910        -0.000061        -0.001747
21 Feb 2015 14:24:32.974         0.003023         0.000017        -0.001521
21 Feb 2015 14:25:36.598         0.003100         0.000085        -0.001314
21 Feb 2015 14:26:39.756         0.003156         0.000151        -0.001104
21 Feb 2015 14:27:57.906         0.003197         0.000229        -0.000840
21 Feb 2015 14:29:14.181         0.003208         0.000301        -0.000584
21 Feb 2015 14:30:29.706         0.003191         0.000367        -0.000334
21 Feb 2015 14:31:44.802         0.003150         0.000427        -0.000094
21 Feb 2015 14:32:58.099         0.003087         0.000479         0.000129
21 Feb 2015 14:34:04.081         0.003015         0.000521         0.000320
21 Feb 2015 14:35:17.244         0.002918         0.000562         0.000519
21 Feb 2015 14:36:42.753         0.002789         0.000601         0.000732
21 Feb 2015 14:38:10.324         0.002641         0.000634         0.000927
21 Feb 2015 14:39:40.240         0.002478         0.000659         0.001105
21 Feb 2015 14:41:12.702         0.002302         0.000677         0.001262
21 Feb 2015 14:42:47.904         0.002117         0.000688         0.001399
21 Feb 2015 14:44:26.032         0.001925         0.000693         0.001516
21 Feb 2015 14:46:07.264         0.001729         0.000691         0.001612
21 Feb 2015 14:47:51.774         0.001532         0.000684         0.001688
21 Feb 2015 14:49:39.733         0.001336         0.000671         0.001745
21 Feb 2015 14:51:31.313         0.001143         0.000654         0.001784
21 Feb 2015 14:53:26.693         0.000955         0.000634         0.001807
21 Feb 2015 14:55:26.063         0.000773         0.000610         0.001814
21 Feb 2015 14:57:29.637         0.000598         0.000583         0.001808
21 Feb 2015 14:59:37.660         0.000431         0.000554         0.001789
21 Feb 2015 15:01:50.431         0.000273         0.000523         0.001760
21 Feb 2015 15:04:07.770         0.000123         0.000491         0.001721
21 Feb 2015 15:06:28.442        -0.000016         0.000458         0.001674
21 Feb 2015 15:08:14.572        -0.000113         0.000434         0.001636
21 Feb 2015 15:10:00.319        -0.000203         0.000410         0.001595
21 Feb 2015 15:12:11.276        -0.000305         0.000381         0.001543
21 Feb 2015 15:14:30.280        -0.000406         0.000351         0.001485
21 Feb 2015 15:16:55.259        -0.000501         0.000320         0.001424
21 Feb 2015 15:19:24.831        -0.000592         0.000290         0.001359
21 Feb 2015 15:21:58.217        -0.000677         0.000259         0.001293
21 Feb 2015 15:24:34.878        -0.000758         0.000229         0.001224
21 Feb 2015 15:27:14.370        -0.000834         0.000198         0.001153
21 Feb 2015 15:29:56.301        -0.000906         0.000168         0.001081
21 Feb 2015 15:32:39.529        -0.000974         0.000138         0.001008
21 Feb 2015 15:35:23.385        -0.001039         0.000109         0.000933
21 Feb 2015 15:38:07.505        -0.001100         0.000079         0.000857
21 Feb 2015 15:40:51.514        -0.001158         0.000049         0.000779
21 Feb 2015 15:43:35.030        -0.001214         0.000019         0.000700
21 Feb 2015 15:46:17.679        -0.001268        -0.000011         0.000618
21 Feb 2015 15:48:55.379        -0.001318        -0.000041         0.000535
21 Feb 2015 15:51:35.383        -0.001367        -0.000072         0.000446
21 Feb 2015 15:54:13.371        -0.001413        -0.000104         0.000355
21 Feb 2015 15:56:49.178        -0.001456        -0.000136         0.000259
21 Feb 2015 15:59:22.537        -0.001497        -0.000170         0.000158
21 Feb 2015 16:01:54.564        -0.001533        -0.000204         0.000051
21 Feb 2015 16:04:06.489        -0.001563        -0.000236        -0.000048
21 Feb 2015 16:06:18.403        -0.001588        -0.000268        -0.000154
21 Feb 2015 16:08:35.015        -0.001610        -0.000304        -0.000271
21 Feb 2015 16:11:03.557        -0.001627        -0.000344        -0.000408
21 Feb 2015 16:13:28.822        -0.001636        -0.000385        -0.000553
21 Feb 2015 16:15:50.773        -0.001634        -0.000427        -0.000707
21 Feb 2015 16:18:09.427        -0.001620        -0.000469        -0.000867
21 Feb 2015 16:20:24.850        -0.001593        -0.000511        -0.001035
21 Feb 2015 16:22:37.160        -0.001549        -0.000553        -0.001210
21 Feb 2015 16:24:46.535        -0.001488        -0.000594        -0.001391
21 Feb 2015 16:26:51.501        -0.001407        -0.000632        -0.001573
21 Feb 2015 16:28:51.358        -0.001307        -0.000668        -0.001754
21 Feb 2015 16:30:46.599        -0.001188        -0.000700        -0.001932
21 Feb 2015 16:32:37.636        -0.001047        -0.000727        -0.002103
21 Feb 2015 16:34:24.813        -0.000886        -0.000748        -0.002266
21 Feb 2015 16:36:08.431        -0.000705        -0.000764        -0.002417
21 Feb 2015 16:37:49.046        -0.000504        -0.000773        -0.002555
21 Feb 2015 16:39:26.331        -0.000286        -0.000775        -0.002674
21 Feb 2015 16:41:00.813        -0.000052        -0.000769        -0.002774
21 Feb 2015 16:42:11.435         0.000137        -0.000759        -0.002836
21 Feb 2015 16:43:22.073         0.000336        -0.000744        -0.002883
21 Feb 2015 16:44:37.249         0.000559        -0.000722        -0.002917
21 Feb 2015 16:45:57.202         0.000806        -0.000691        -0.002931
21 Feb 2015 16:47:18.470         0.001065        -0.000651        -0.002920
21 Feb 2015 16:48:39.830         0.001328        -0.000603        -0.002881
21 Feb 2015 16:50:00.758         0.001589        -0.000547        -0.002812
21 Feb 2015 16:51:21.025         0.001843        -0.000485        -0.002714
21 Feb 2015 16:52:40.371         0.002086        -0.000416        -0.002587
21 Feb 2015 16:53:58.068         0.002310        -0.000342        -0.002435
21 Feb 2015 16:55:12.551         0.002508        -0.000268        -0.002264
21 Feb 2015 16:56:25.323         0.002682        -0.000192        -0.002076
21 Feb 2015 16:57:40.254         0.002838        -0.000112        -0.001864
21 Feb 2015 16:58:53.602         0.002966        -0.000033        -0.001642
21 Feb 2015 17:00:08.024         0.003068         0.000047        -0.001404
21 Feb 2015 17:01:23.432         0.003144         0.000126        -0.001155
21 Feb 2015 17:02:37.552         0.003189         0.000201        -0.000905
21 Feb 2015 17:03:54.176         0.003207         0.000274        -0.000647
21 Feb 2015 17:05:09.833         0.003197         0.000341        -0.000396
21 Feb 2015 17:06:25.167         0.003161         0.000403        -0.000153
21 Feb 2015 17:07:39.207         0.003103         0.000457         0.000075
21 Feb 2015 17:08:48.367         0.003031         0.000502         0.000278
21 Feb 2015 17:09:55.635         0.002946         0.000541         0.000463
21 Feb 2015 17:11:20.771         0.002822         0.000583         0.000680
21 Feb 2015 17:12:47.881         0.002679         0.000618         0.000880
21 Feb 2015 17:14:17.290         0.002519         0.000645         0.001061
21 Feb 2015 17:15:49.200         0.002346         0.000665         0.001224
21 Feb 2015 17:17:23.806         0.002163         0.000679         0.001366
21 Feb 2015 17:19:01.295         0.001973         0.000685         0.001487
21 Feb 2015 17:20:41.846         0.001778         0.000686         0.001588
21 Feb 2015 17:22:25.634         0.001581         0.000680         0.001669
21 Feb 2015 17:24:12.830         0.001385         0.000670         0.001731
21 Feb 2015 17:26:03.603         0.001191         0.000655         0.001775
21 Feb 2015 17:27:58.129         0.001002         0.000636         0.001801
21 Feb 2015 17:29:56.596         0.000819         0.000613         0.001812
21 Feb 2015 17:31:59.209         0.000642         0.000587         0.001809
21 Feb 2015 17:34:06.202         0.000474         0.000560         0.001794
21 Feb 2015 17:36:17.859         0.000313         0.000530         0.001767
21 Feb 2015 17:38:34.370         0.000161         0.000498         0.001730
21 Feb 2015 17:40:54.204         0.000019         0.000466         0.001686
21 Feb 2015 17:42:44.386        -0.000084         0.000441         0.001647
21 Feb 2015 17:44:34.086        -0.000179         0.000417         0.001606
21 Feb 2015 17:46:41.210        -0.000280         0.000389         0.001556
21 Feb 2015 17:48:58.534        -0.000381         0.000359         0.001500
21 Feb 2015 17:51:22.272        -0.000479         0.000329         0.001439
21 Feb 2015 17:53:50.833        -0.000571         0.000299         0.001375
21 Feb 2015 17:56:23.346        -0.000658         0.000268         0.001309
21 Feb 2015 17:58:59.224        -0.000739         0.000238         0.001241
21 Feb 2015 18:01:38.010        -0.000817         0.000208         0.001171
21 Feb 2015 18:04:19.303        -0.000890         0.000178         0.001099
21 Feb 2015 18:07:02.134        -0.000960         0.000148         0.001026
21 Feb 2015 18:09:45.653        -0.001025         0.000119         0.000952
21 Feb 2015 18:12:29.505        -0.001088         0.000089         0.000877
21 Feb 2015 18:15:13.315        -0.001147         0.000060         0.000799
21 Feb 2015 18:17:56.708        -0.001204         0.000030         0.000720
21 Feb 2015 18:20:39.307        -0.001258         0.000000         0.000638
21 Feb 2015 18:22:20.575        -0.001291        -0.000019         0.000586
21 Feb 2015 18:24:02.927        -0.001324        -0.000038         0.000531
21 Feb 2015 18:26:44.487        -0.001373        -0.000070         0.000442
21 Feb 2015 18:29:21.967        -0.001420        -0.000102         0.000349
21 Feb 2015 18:31:57.314        -0.001463        -0.000134         0.000253
21 Feb 2015 18:34:30.206        -0.001504        -0.000168         0.000151
21 Feb 2015 18:37:03.231        -0.001541        -0.000203         0.000043
21 Feb 2015 18:39:12.370        -0.001569        -0.000234        -0.000055
21 Feb 2015 18:41:21.498        -0.001595        -0.000266        -0.000160
21 Feb 2015 18:43:40.931        -0.001617        -0.000302        -0.000281
21 Feb 2015 18:46:08.934        -0.001634        -0.000343        -0.000419
21 Feb 2015 18:48:33.657        -0.001642        -0.000384        -0.000565
21 Feb 2015 18:50:55.069        -0.001639        -0.000426        -0.000719
21 Feb 2015 18:53:13.193        -0.001625        -0.000468        -0.000881
21 Feb 2015 18:55:28.097        -0.001596        -0.000511        -0.001050
21 Feb 2015 18:57:39.903        -0.001551        -0.000553        -0.001226
21 Feb 2015 18:59:48.794        -0.001488        -0.000594        -0.001407
21 Feb 2015 19:01:53.056        -0.001406        -0.000632        -0.001590
21 Feb 2015 19:03:52.276        -0.001305        -0.000668        -0.001771
21 Feb 2015 19:05:46.940        -0.001183        -0.000700        -0.001948
21 Feb 2015 19:07:37.450        -0.001041        -0.000727        -0.002119
21 Feb 2015 19:09:24.145        -0.000879        -0.000748        -0.002281
21 Feb 2015 19:11:07.320        -0.000696        -0.000764        -0.002431
21 Feb 2015 19:12:47.480        -0.000494        -0.000774        -0.002567
21 Feb 2015 19:14:24.395        -0.000274        -0.000775        -0.002686
21 Feb 2015 19:15:58.540        -0.000038        -0.000770        -0.002784
21 Feb 2015 19:17:06.217         0.000144        -0.000760        -0.002842
21 Feb 2015 19:18:13.905         0.000336        -0.000746        -0.002887
21 Feb 2015 19:19:29.290         0.000560        -0.000724        -0.002921
21 Feb 2015 19:20:49.143         0.000807        -0.000694        -0.002934
21 Feb 2015 19:22:10.331         0.001066        -0.000655        -0.002922
21 Feb 2015 19:23:31.621         0.001329        -0.000607        -0.002883
21 Feb 2015 19:24:52.491         0.001590        -0.000552        -0.002813
21 Feb 2015 19:26:12.729         0.001844        -0.000490        -0.002715
21 Feb 2015 19:27:32.042         0.002087        -0.000422        -0.002587
21 Feb 2015 19:28:49.622         0.002310        -0.000349        -0.002435
21 Feb 2015 19:30:03.989         0.002508        -0.000275        -0.002264
21 Feb 2015 19:31:16.827         0.002682        -0.000199        -0.002075
21 Feb 2015 19:32:31.991         0.002839        -0.000119        -0.001862
21 Feb 2015 19:33:45.470         0.002966        -0.000041        -0.001639
21 Feb 2015 19:35:00.641         0.003069         0.000039        -0.001399
21 Feb 2015 19:36:18.400         0.003145         0.000120        -0.001142
21 Feb 2015 19:37:33.596         0.003190         0.000196        -0.000889
21 Feb 2015 19:38:50.085         0.003206         0.000268        -0.000632
21 Feb 2015 19:40:05.773         0.003194         0.000335        -0.000381
21 Feb 2015 19:41:21.136         0.003157         0.000396        -0.000139
21 Feb 2015 19:42:35.087         0.003098         0.000450         0.000088
21 Feb 2015 19:43:43.701         0.003026         0.000495         0.000288
21 Feb 2015 19:44:52.635         0.002938         0.000535         0.000477
21 Feb 2015 19:46:17.970         0.002813         0.000577         0.000692
21 Feb 2015 19:47:45.308         0.002668         0.000611         0.000891
21 Feb 2015 19:49:14.962         0.002508         0.000639         0.001071
21 Feb 2015 19:50:47.133         0.002335         0.000659         0.001232
21 Feb 2015 19:52:22.016         0.002151         0.000672         0.001372
21 Feb 2015 19:53:59.795         0.001961         0.000679         0.001492
21 Feb 2015 19:55:40.650         0.001766         0.000680         0.001592
21 Feb 2015 19:57:24.754         0.001569         0.000675         0.001672
21 Feb 2015 19:59:12.276         0.001373         0.000664         0.001733
21 Feb 2015 20:01:03.386         0.001180         0.000650         0.001775
21 Feb 2015 20:02:58.261         0.000992         0.000631         0.001801
21 Feb 2015 20:04:57.086         0.000809         0.000609         0.001811
21 Feb 2015 20:07:00.068         0.000633         0.000583         0.001807
21 Feb 2015 20:09:07.443         0.000465         0.000556         0.001791
21 Feb 2015 20:11:19.496         0.000305         0.000527         0.001764
21 Feb 2015 20:13:36.217         0.000154         0.000496         0.001727
21 Feb 2015 20:15:56.251         0.000012         0.000464         0.001682
21 Feb 2015 20:17:40.504        -0.000084         0.000441         0.001646
21 Feb 2015 20:19:24.240        -0.000174         0.000418         0.001607
21 Feb 2015 20:21:31.581        -0.000277         0.000390         0.001557
21 Feb 2015 20:23:48.665        -0.000378         0.000361         0.001501
21 Feb 2015 20:26:12.261        -0.000475         0.000331         0.001441
21 Feb 2015 20:28:40.693        -0.000568         0.000301         0.001378
21 Feb 2015 20:31:13.075        -0.000655         0.000271         0.001312
21 Feb 2015 20:33:48.816        -0.000737         0.000241         0.001244
21 Feb 2015 20:36:27.455        -0.000815         0.000211         0.001174
21 Feb 2015 20:39:08.588        -0.000889         0.000182         0.001102
21 Feb 2015 20:41:51.198        -0.000959         0.000152         0.001030
21 Feb 2015 20:44:34.486        -0.001025         0.000123         0.000955
21 Feb 2015 20:47:18.097        -0.001088         0.000094         0.000880
21 Feb 2015 20:50:01.661        -0.001148         0.000064         0.000803
21 Feb 2015 20:52:44.799        -0.001205         0.000035         0.000723
21 Feb 2015 20:55:27.140        -0.001260         0.000005         0.000642
21 Feb 2015 20:57:44.758        -0.001305        -0.000021         0.000570
21 Feb 2015 21:00:02.827        -0.001348        -0.000048         0.000495
21 Feb 2015 21:02:41.965        -0.001397        -0.000079         0.000404
21 Feb 2015 21:05:18.289        -0.001442        -0.000112         0.000310
21 Feb 2015 21:07:52.330        -0.001485        -0.000144         0.000211
21 Feb 2015 21:10:28.432        -0.001525        -0.000179         0.000104
21 Feb 2015 21:12:59.076        -0.001561        -0.000215        -0.000007
21 Feb 2015 21:14:44.634        -0.001583        -0.000240        -0.000090
21 Feb 2015 21:16:30.201        -0.001603        -0.000267        -0.000177
21 Feb 2015 21:19:00.349        -0.001627        -0.000307        -0.000310
21 Feb 2015 21:21:27.355        -0.001642        -0.000347        -0.000450
21 Feb 2015 21:23:51.069        -0.001648        -0.000389        -0.000598
21 Feb 2015 21:26:11.478        -0.001643        -0.000431        -0.000754
21 Feb 2015 21:28:28.614        -0.001626        -0.000474        -0.000918
21 Feb 2015 21:30:42.557        -0.001594        -0.000516        -0.001089
21 Feb 2015 21:32:53.440        -0.001545        -0.000558        -0.001267
21 Feb 2015 21:35:01.460        -0.001478        -0.000599        -0.001449
21 Feb 2015 21:37:04.288        -0.001392        -0.000638        -0.001632
21 Feb 2015 21:39:02.208        -0.001286        -0.000673        -0.001813
21 Feb 2015 21:40:55.692        -0.001160        -0.000704        -0.001989
21 Feb 2015 21:42:45.122        -0.001013        -0.000730        -0.002158
21 Feb 2015 21:44:30.825        -0.000846        -0.000751        -0.002318
21 Feb 2015 21:46:13.087        -0.000659        -0.000766        -0.002466
21 Feb 2015 21:47:52.258        -0.000452        -0.000775        -0.002598
21 Feb 2015 21:49:28.405        -0.000229        -0.000775        -0.002712
21 Feb 2015 21:51:01.848         0.000010        -0.000769        -0.002806
21 Feb 2015 21:51:58.425         0.000164        -0.000760        -0.002852
21 Feb 2015 21:52:54.959         0.000325        -0.000749        -0.002889
21 Feb 2015 21:54:11.071         0.000552        -0.000727        -0.002923
21 Feb 2015 21:55:30.716         0.000798        -0.000698        -0.002937
21 Feb 2015 21:56:51.804         0.001057        -0.000660        -0.002926
21 Feb 2015 21:58:13.032         0.001320        -0.000613        -0.002886
21 Feb 2015 21:59:33.864         0.001582        -0.000559        -0.002817
21 Feb 2015 22:00:54.109         0.001837        -0.000497        -0.002719
21 Feb 2015 22:02:13.424         0.002079        -0.000430        -0.002592
21 Feb 2015 22:03:30.980         0.002303        -0.000358        -0.002440
21 Feb 2015 22:04:45.342         0.002501        -0.000285        -0.002270
21 Feb 2015 22:05:58.239         0.002676        -0.000210        -0.002082
21 Feb 2015 22:07:13.498         0.002834        -0.000130        -0.001869
21 Feb 2015 22:08:27.199         0.002962        -0.000052        -0.001645
21 Feb 2015 22:09:42.791         0.003066         0.000028        -0.001404
21 Feb 2015 22:11:00.555         0.003143         0.000109        -0.001147
21 Feb 2015 22:12:15.758         0.003188         0.000184        -0.000894
21 Feb 2015 22:13:32.251         0.003205         0.000257        -0.000637
21 Feb 2015 22:14:47.997         0.003194         0.000324        -0.000386
21 Feb 2015 22:16:03.438         0.003157         0.000385        -0.000144
21 Feb 2015 22:17:17.503         0.003098         0.000440         0.000083
21 Feb 2015 22:18:26.407         0.003026         0.000485         0.000284
21 Feb 2015 22:19:34.797         0.002940         0.000524         0.000471
21 Feb 2015 22:21:00.172         0.002815         0.000567         0.000686
21 Feb 2015 22:22:27.546         0.002671         0.000602         0.000885
21 Feb 2015 22:23:57.236         0.002511         0.000630         0.001066
21 Feb 2015 22:25:29.443         0.002339         0.000651         0.001227
21 Feb 2015 22:27:04.360         0.002156         0.000665         0.001368
21 Feb 2015 22:28:42.172         0.001966         0.000672         0.001488
21 Feb 2015 22:30:23.057         0.001771         0.000674         0.001588
21 Feb 2015 22:32:07.187         0.001575         0.000669         0.001668
21 Feb 2015 22:33:54.732         0.001379         0.000660         0.001729
21 Feb 2015 22:35:45.861         0.001186         0.000646         0.001772
21 Feb 2015 22:37:40.748         0.000997         0.000628         0.001799
21 Feb 2015 22:39:39.580         0.000815         0.000606         0.001809
21 Feb 2015 22:41:42.560         0.000639         0.000582         0.001806
21 Feb 2015 22:43:49.923         0.000471         0.000555         0.001791
21 Feb 2015 22:46:01.954         0.000310         0.000526         0.001764
21 Feb 2015 22:48:18.597         0.000159         0.000496         0.001727
21 Feb 2015 22:50:38.543         0.000017         0.000465         0.001683
21 Feb 2015 22:52:27.672        -0.000084         0.000441         0.001645
21 Feb 2015 22:54:16.290        -0.000178         0.000417         0.001605
21 Feb 2015 22:56:23.653        -0.000280         0.000390         0.001555
21 Feb 2015 22:58:41.105        -0.000381         0.000361         0.001499
21 Feb 2015 23:01:04.931        -0.000479         0.000332         0.001439
21 Feb 2015 23:03:33.533        -0.000571         0.000302         0.001376
21 Feb 2015 23:06:06.037        -0.000658         0.000272         0.001310
21 Feb 2015 23:08:41.858        -0.000741         0.000242         0.001242
21 Feb 2015 23:11:20.537        -0.000819         0.000213         0.001172
21 Feb 2015 23:14:01.670        -0.000893         0.000183         0.001100
21 Feb 2015 23:16:44.116        -0.000963         0.000154         0.001028
21 Feb 2015 23:19:27.207        -0.001029         0.000125         0.000954
21 Feb 2015 23:22:10.588        -0.001092         0.000096         0.000878
21 Feb 2015 23:24:53.886        -0.001152         0.000066         0.000801
21 Feb 2015 23:27:36.728        -0.001210         0.000037         0.000721
21 Feb 2015 23:30:18.743        -0.001265         0.000007         0.000639
21 Feb 2015 23:32:41.213        -0.001312        -0.000020         0.000564
21 Feb 2015 23:35:04.000        -0.001357        -0.000047         0.000486
21 Feb 2015 23:37:42.456        -0.001406        -0.000079         0.000395
21 Feb 2015 23:40:18.247        -0.001451        -0.000111         0.000300
21 Feb 2015 23:42:51.726        -0.001494        -0.000144         0.000200
21 Feb 2015 23:45:19.736        -0.001532        -0.000177         0.000098
21 Feb 2015 23:47:49.970        -0.001568        -0.000213        -0.000014
21 Feb 2015 23:49:44.801        -0.001592        -0.000241        -0.000105
21 Feb 2015 23:51:39.605        -0.001614        -0.000270        -0.000202
21 Feb 2015 23:54:08.866        -0.001636        -0.000310        -0.000336
21 Feb 2015 23:56:34.941        -0.001650        -0.000351        -0.000478
21 Feb 2015 23:58:57.721        -0.001654        -0.000393        -0.000629
22 Feb 2015 00:01:17.203        -0.001647        -0.000435        -0.000787
22 Feb 2015 00:03:33.428        -0.001627        -0.000478        -0.000952
22 Feb 2015 00:05:46.486        -0.001592        -0.000521        -0.001125
22 Feb 2015 00:07:56.521        -0.001540        -0.000563        -0.001304
22 Feb 2015 00:10:03.372        -0.001469        -0.000604        -0.001488
22 Feb 2015 00:12:04.919        -0.001379        -0.000642        -0.001670
22 Feb 2015 00:14:01.683        -0.001269        -0.000677        -0.001850
22 Feb 2015 00:15:54.114        -0.001139        -0.000707        -0.002025
22 Feb 2015 00:17:42.581        -0.000988        -0.000733        -0.002193
22 Feb 2015 00:19:27.398        -0.000816        -0.000754        -0.002351
22 Feb 2015 00:21:09.020        -0.000625        -0.000768        -0.002496
22 Feb 2015 00:22:47.350        -0.000415        -0.000775        -0.002625
22 Feb 2015 00:24:22.806        -0.000188        -0.000775        -0.002735
22 Feb 2015 00:25:55.619         0.000053        -0.000768        -0.002824
22 Feb 2015 00:27:03.938         0.000244        -0.000757        -0.002876
22 Feb 2015 00:28:12.247         0.000443        -0.000740        -0.002913
22 Feb 2015 00:29:30.491         0.000682        -0.000715        -0.002937
22 Feb 2015 00:30:51.064         0.000937        -0.000681        -0.002937
22 Feb 2015 00:32:12.253         0.001199        -0.000639        -0.002910
22 Feb 2015 00:33:33.243         0.001462        -0.000589        -0.002855
22 Feb 2015 00:34:53.745         0.001721        -0.000532        -0.002769
22 Feb 2015 00:36:13.462         0.001969        -0.000468        -0.002655
22 Feb 2015 00:37:31.984         0.002203        -0.000398        -0.002513
22 Feb 2015 00:38:47.717         0.002413        -0.000326        -0.002350
22 Feb 2015 00:40:00.845         0.002598        -0.000252        -0.002171
22 Feb 2015 00:41:14.739         0.002763        -0.000176        -0.001970
22 Feb 2015 00:42:29.961         0.002906        -0.000096        -0.001748
22 Feb 2015 00:43:43.911         0.003020        -0.000018        -0.001517
22 Feb 2015 00:45:01.479         0.003111         0.000063        -0.001264
22 Feb 2015 00:46:13.446         0.003168         0.000137        -0.001024
22 Feb 2015 00:47:30.820         0.003199         0.000212        -0.000763
22 Feb 2015 00:48:46.807         0.003201         0.000282        -0.000510
22 Feb 2015 00:50:02.511         0.003177         0.000346        -0.000263
22 Feb 2015 00:51:17.545         0.003129         0.000404        -0.000028
22 Feb 2015 00:52:15.515         0.003077         0.000445         0.000146
22 Feb 2015 00:53:13.638         0.003013         0.000482         0.000313
22 Feb 2015 00:54:28.779         0.002915         0.000524         0.000515
22 Feb 2015 00:55:54.605         0.002786         0.000566         0.000727
22 Feb 2015 00:57:22.524         0.002639         0.000600         0.000922
22 Feb 2015 00:58:52.805         0.002477         0.000627         0.001099
22 Feb 2015 01:00:25.646         0.002302         0.000647         0.001255
22 Feb 2015 01:02:01.238         0.002117         0.000660         0.001392
22 Feb 2015 01:03:39.764         0.001926         0.000667         0.001508
22 Feb 2015 01:05:21.400         0.001732         0.000667         0.001604
22 Feb 2015 01:07:06.317         0.001536         0.000663         0.001680
22 Feb 2015 01:08:54.684         0.001340         0.000653         0.001738
22 Feb 2015 01:10:46.669         0.001148         0.000638         0.001777
22 Feb 2015 01:12:42.448         0.000961         0.000620         0.001800
22 Feb 2015 01:14:42.208         0.000780         0.000599         0.001808
22 Feb 2015 01:16:46.160         0.000606         0.000574         0.001803
22 Feb 2015 01:18:54.544         0.000439         0.000548         0.001785
22 Feb 2015 01:21:07.657         0.000281         0.000519         0.001756
22 Feb 2015 01:23:24.972         0.000131         0.000489         0.001718
22 Feb 2015 01:25:45.579        -0.000008         0.000459         0.001673
22 Feb 2015 01:27:24.159        -0.000098         0.000437         0.001638
22 Feb 2015 01:29:02.268        -0.000183         0.000416         0.001602
22 Feb 2015 01:31:11.781        -0.000286         0.000389         0.001551
22 Feb 2015 01:33:29.676        -0.000387         0.000360         0.001495
22 Feb 2015 01:35:53.868        -0.000484         0.000331         0.001435
22 Feb 2015 01:38:22.745        -0.000577         0.000302         0.001372
22 Feb 2015 01:40:55.459        -0.000664         0.000272         0.001306
22 Feb 2015 01:43:31.435        -0.000746         0.000243         0.001238
22 Feb 2015 01:46:10.217        -0.000824         0.000213         0.001168
22 Feb 2015 01:48:51.406        -0.000898         0.000184         0.001097
22 Feb 2015 01:51:33.708        -0.000968         0.000155         0.001024
22 Feb 2015 01:54:16.615        -0.001035         0.000126         0.000950
22 Feb 2015 01:56:59.767        -0.001098         0.000097         0.000874
22 Feb 2015 01:59:42.793        -0.001158         0.000068         0.000797
22 Feb 2015 02:02:25.322        -0.001216         0.000038         0.000717
22 Feb 2015 02:05:06.987        -0.001271         0.000009         0.000635
22 Feb 2015 02:07:47.433        -0.001324        -0.000022         0.000550
22 Feb 2015 02:10:11.918        -0.001370        -0.000050         0.000469
22 Feb 2015 02:12:49.608        -0.001419        -0.000081         0.000377
22 Feb 2015 02:15:24.660        -0.001464        -0.000113         0.000281
22 Feb 2015 02:17:41.558        -0.001502        -0.000143         0.000191
22 Feb 2015 02:19:46.430        -0.001535        -0.000171         0.000104
22 Feb 2015 02:22:15.689        -0.001571        -0.000207        -0.000007
22 Feb 2015 02:24:01.370        -0.001594        -0.000232        -0.000091
22 Feb 2015 02:25:47.066        -0.001614        -0.000259        -0.000179
22 Feb 2015 02:28:16.535        -0.001638        -0.000299        -0.000313
22 Feb 2015 02:30:42.863        -0.001653        -0.000340        -0.000454
22 Feb 2015 02:33:05.905        -0.001660        -0.000382        -0.000604
22 Feb 2015 02:35:25.650        -0.001655        -0.000424        -0.000761
22 Feb 2015 02:37:42.133        -0.001637        -0.000467        -0.000926
22 Feb 2015 02:39:55.436        -0.001605        -0.000510        -0.001098
22 Feb 2015 02:42:05.691        -0.001556        -0.000552        -0.001276
22 Feb 2015 02:44:13.095        -0.001488        -0.000594        -0.001460
22 Feb 2015 02:46:15.195        -0.001401        -0.000633        -0.001643
22 Feb 2015 02:48:12.454        -0.001294        -0.000668        -0.001824
22 Feb 2015 02:50:05.336        -0.001167        -0.000700        -0.002000
22 Feb 2015 02:51:54.218        -0.001019        -0.000727        -0.002169
22 Feb 2015 02:53:39.421        -0.000851        -0.000749        -0.002329
22 Feb 2015 02:55:21.228        -0.000663        -0.000765        -0.002476
22 Feb 2015 02:57:00.279        -0.000455        -0.000774        -0.002608
22 Feb 2015 02:58:36.046        -0.000231        -0.000776        -0.002722
22 Feb 2015 03:00:09.145         0.000009        -0.000771        -0.002814
22 Feb 2015 03:01:04.717         0.000161        -0.000763        -0.002860
22 Feb 2015 03:02:00.267         0.000320        -0.000753        -0.002896
22 Feb 2015 03:03:16.075         0.000546        -0.000732        -0.002929
22 Feb 2015 03:04:35.481         0.000793        -0.000704        -0.002943
22 Feb 2015 03:05:56.398         0.001052        -0.000667        -0.002931
22 Feb 2015 03:07:17.493         0.001316        -0.000622        -0.002891
22 Feb 2015 03:08:38.226         0.001578        -0.000570        -0.002822
22 Feb 2015 03:09:58.437         0.001833        -0.000510        -0.002723
22 Feb 2015 03:11:17.703         0.002076        -0.000443        -0.002595
22 Feb 2015 03:12:35.080         0.002299        -0.000373        -0.002443
22 Feb 2015 03:13:49.301         0.002497        -0.000301        -0.002273
22 Feb 2015 03:15:02.349         0.002673        -0.000227        -0.002084
22 Feb 2015 03:16:17.979         0.002831        -0.000148        -0.001870
22 Feb 2015 03:17:32.016         0.002960        -0.000070        -0.001646
22 Feb 2015 03:18:48.661         0.003065         0.000011        -0.001401
22 Feb 2015 03:20:06.426         0.003142         0.000091        -0.001144
22 Feb 2015 03:21:24.602         0.003187         0.000168        -0.000882
22 Feb 2015 03:22:41.016         0.003203         0.000240        -0.000625
22 Feb 2015 03:23:56.865         0.003190         0.000307        -0.000376
22 Feb 2015 03:25:12.405         0.003152         0.000368        -0.000134
22 Feb 2015 03:26:26.476         0.003093         0.000423         0.000092
22 Feb 2015 03:27:35.037         0.003021         0.000467         0.000290
22 Feb 2015 03:28:44.616         0.002933         0.000508         0.000479
22 Feb 2015 03:30:10.241         0.002807         0.000550         0.000694
22 Feb 2015 03:31:37.891         0.002663         0.000586         0.000891
22 Feb 2015 03:33:07.875         0.002503         0.000615         0.001070
22 Feb 2015 03:34:40.392         0.002330         0.000636         0.001230
22 Feb 2015 03:36:15.633         0.002147         0.000651         0.001370
22 Feb 2015 03:37:53.782         0.001957         0.000659         0.001489
22 Feb 2015 03:39:35.016         0.001763         0.000662         0.001588
22 Feb 2015 03:41:19.504         0.001568         0.000658         0.001668
22 Feb 2015 03:43:07.414         0.001372         0.000650         0.001728
22 Feb 2015 03:44:58.915         0.001180         0.000637         0.001770
22 Feb 2015 03:46:54.181         0.000992         0.000620         0.001796
22 Feb 2015 03:48:53.395         0.000810         0.000600         0.001807
22 Feb 2015 03:50:56.761         0.000635         0.000576         0.001803
22 Feb 2015 03:53:04.515         0.000467         0.000550         0.001787
22 Feb 2015 03:55:16.939         0.000307         0.000523         0.001761
22 Feb 2015 03:57:33.729         0.000156         0.000494         0.001724
22 Feb 2015 03:59:53.802         0.000015         0.000463         0.001680
22 Feb 2015 04:01:41.260        -0.000084         0.000441         0.001643
22 Feb 2015 04:03:28.190        -0.000177         0.000418         0.001604
22 Feb 2015 04:05:35.849        -0.000279         0.000391         0.001554
22 Feb 2015 04:07:53.374        -0.000381         0.000363         0.001499
22 Feb 2015 04:10:17.267        -0.000478         0.000334         0.001439
22 Feb 2015 04:12:45.893        -0.000571         0.000305         0.001376
22 Feb 2015 04:15:18.377        -0.000659         0.000276         0.001310
22 Feb 2015 04:17:54.130        -0.000742         0.000247         0.001243
22 Feb 2015 04:20:32.691        -0.000820         0.000218         0.001173
22 Feb 2015 04:23:13.657        -0.000895         0.000189         0.001102
22 Feb 2015 04:25:55.722        -0.000965         0.000160         0.001029
22 Feb 2015 04:28:38.392        -0.001032         0.000131         0.000955
22 Feb 2015 04:31:21.308        -0.001096         0.000102         0.000880
22 Feb 2015 04:34:04.103        -0.001157         0.000073         0.000802
22 Feb 2015 04:36:46.405        -0.001215         0.000044         0.000723
22 Feb 2015 04:39:27.849        -0.001271         0.000014         0.000641
22 Feb 2015 04:42:08.084        -0.001325        -0.000016         0.000556
22 Feb 2015 04:44:37.976        -0.001373        -0.000045         0.000472
22 Feb 2015 04:47:15.213        -0.001422        -0.000077         0.000380
22 Feb 2015 04:49:50.023        -0.001467        -0.000109         0.000284
22 Feb 2015 04:52:22.477        -0.001510        -0.000142         0.000182
22 Feb 2015 04:54:49.358        -0.001548        -0.000175         0.000078
22 Feb 2015 04:57:17.734        -0.001584        -0.000211        -0.000035
22 Feb 2015 04:59:34.496        -0.001612        -0.000245        -0.000146
22 Feb 2015 05:01:43.767        -0.001635        -0.000279        -0.000260
22 Feb 2015 05:04:11.054        -0.001654        -0.000319        -0.000398
22 Feb 2015 05:06:35.093        -0.001664        -0.000361        -0.000545
22 Feb 2015 05:08:55.838        -0.001664        -0.000403        -0.000699
22 Feb 2015 05:11:13.306        -0.001652        -0.000446        -0.000862
22 Feb 2015 05:13:27.560        -0.001625        -0.000489        -0.001031
22 Feb 2015 05:15:38.713        -0.001583        -0.000532        -0.001208
22 Feb 2015 05:17:46.933        -0.001523        -0.000575        -0.001390
22 Feb 2015 05:19:50.766        -0.001443        -0.000615        -0.001574
22 Feb 2015 05:21:49.592        -0.001344        -0.000652        -0.001756
22 Feb 2015 05:23:43.897        -0.001225        -0.000686        -0.001934
22 Feb 2015 05:25:34.085        -0.001085        -0.000715        -0.002107
22 Feb 2015 05:27:20.493        -0.000925        -0.000740        -0.002271
22 Feb 2015 05:29:03.417        -0.000744        -0.000759        -0.002423
22 Feb 2015 05:30:41.343        -0.000548        -0.000771        -0.002559
22 Feb 2015 05:32:18.109        -0.000331        -0.000777        -0.002681
22 Feb 2015 05:33:52.149        -0.000097        -0.000775        -0.002782
22 Feb 2015 05:35:09.282         0.000110        -0.000767        -0.002850
22 Feb 2015 05:36:26.425         0.000330        -0.000754        -0.002902
22 Feb 2015 05:37:39.717         0.000550        -0.000734        -0.002933
22 Feb 2015 05:38:59.158         0.000798        -0.000707        -0.002946
22 Feb 2015 05:40:20.007         0.001057        -0.000670        -0.002933
22 Feb 2015 05:41:41.032         0.001321        -0.000626        -0.002892
22 Feb 2015 05:43:01.704         0.001583        -0.000573        -0.002821
22 Feb 2015 05:44:21.871         0.001838        -0.000514        -0.002721
22 Feb 2015 05:45:41.078         0.002080        -0.000448        -0.002593
22 Feb 2015 05:46:58.282         0.002303        -0.000378        -0.002440
22 Feb 2015 05:48:12.367         0.002500        -0.000307        -0.002269
22 Feb 2015 05:49:25.525         0.002676        -0.000233        -0.002080
22 Feb 2015 05:50:41.445         0.002833        -0.000154        -0.001865
22 Feb 2015 05:51:55.632         0.002962        -0.000077        -0.001639
22 Feb 2015 05:53:12.965         0.003067         0.000004        -0.001392
22 Feb 2015 05:54:30.733         0.003142         0.000084        -0.001135
22 Feb 2015 05:55:45.135         0.003186         0.000158        -0.000885
22 Feb 2015 05:57:01.537         0.003201         0.000229        -0.000630
22 Feb 2015 05:58:17.446         0.003189         0.000296        -0.000380
22 Feb 2015 05:59:33.060         0.003152         0.000357        -0.000138
22 Feb 2015 06:00:47.232         0.003093         0.000412         0.000088
22 Feb 2015 06:01:56.041         0.003021         0.000457         0.000287
22 Feb 2015 06:03:05.218         0.002934         0.000498         0.000475
22 Feb 2015 06:04:30.895         0.002809         0.000541         0.000689
22 Feb 2015 06:05:58.594         0.002665         0.000577         0.000887
22 Feb 2015 06:07:28.628         0.002506         0.000606         0.001066
22 Feb 2015 06:09:01.195         0.002333         0.000628         0.001226
22 Feb 2015 06:10:36.486         0.002151         0.000644         0.001366
22 Feb 2015 06:12:14.684         0.001961         0.000653         0.001486
22 Feb 2015 06:13:55.965         0.001767         0.000656         0.001585
22 Feb 2015 06:15:40.498         0.001572         0.000653         0.001665
22 Feb 2015 06:17:28.451         0.001377         0.000645         0.001725
22 Feb 2015 06:19:19.992         0.001185         0.000633         0.001768
22 Feb 2015 06:21:15.294         0.000997         0.000617         0.001794
22 Feb 2015 06:23:14.537         0.000815         0.000597         0.001805
22 Feb 2015 06:25:17.927         0.000639         0.000574         0.001802
22 Feb 2015 06:27:25.694         0.000471         0.000549         0.001787
22 Feb 2015 06:29:38.121         0.000312         0.000522         0.001760
22 Feb 2015 06:31:54.855         0.000161         0.000493         0.001725
22 Feb 2015 06:34:14.862         0.000020         0.000464         0.001681
22 Feb 2015 06:36:06.063        -0.000084         0.000441         0.001643
22 Feb 2015 06:37:56.735        -0.000179         0.000418         0.001602
22 Feb 2015 06:40:04.384        -0.000281         0.000391         0.001553
22 Feb 2015 06:42:22.171        -0.000383         0.000363         0.001497
22 Feb 2015 06:44:46.227        -0.000481         0.000335         0.001437
22 Feb 2015 06:47:14.971        -0.000573         0.000306         0.001375
22 Feb 2015 06:49:47.531        -0.000661         0.000277         0.001309
22 Feb 2015 06:52:23.326        -0.000744         0.000248         0.001242
22 Feb 2015 06:55:01.894        -0.000823         0.000219         0.001172
22 Feb 2015 06:57:42.833        -0.000898         0.000191         0.001101
22 Feb 2015 07:00:24.727        -0.000968         0.000162         0.001028
22 Feb 2015 07:03:07.199        -0.001036         0.000133         0.000954
22 Feb 2015 07:05:49.887        -0.001100         0.000105         0.000879
22 Feb 2015 07:08:32.425        -0.001161         0.000076         0.000801
22 Feb 2015 07:11:14.444        -0.001219         0.000047         0.000721
22 Feb 2015 07:13:55.581        -0.001276         0.000017         0.000639
22 Feb 2015 07:16:35.487        -0.001329        -0.000013         0.000554
22 Feb 2015 07:19:06.828        -0.001378        -0.000042         0.000469
22 Feb 2015 07:21:43.621        -0.001427        -0.000074         0.000377
22 Feb 2015 07:24:18.040        -0.001474        -0.000106         0.000280
22 Feb 2015 07:26:50.095        -0.001516        -0.000139         0.000178
22 Feb 2015 07:29:09.412        -0.001553        -0.000171         0.000079
22 Feb 2015 07:31:37.161        -0.001588        -0.000207        -0.000034
22 Feb 2015 07:33:53.732        -0.001617        -0.000241        -0.000147
22 Feb 2015 07:36:02.684        -0.001640        -0.000275        -0.000260
22 Feb 2015 07:38:29.661        -0.001659        -0.000315        -0.000399
22 Feb 2015 07:40:53.393        -0.001670        -0.000357        -0.000546
22 Feb 2015 07:43:13.834        -0.001670        -0.000399        -0.000701
22 Feb 2015 07:45:31.002        -0.001657        -0.000442        -0.000864
22 Feb 2015 07:47:44.963        -0.001631        -0.000486        -0.001034
22 Feb 2015 07:49:55.827        -0.001589        -0.000529        -0.001211
22 Feb 2015 07:52:03.763        -0.001528        -0.000571        -0.001393
22 Feb 2015 07:54:07.266        -0.001448        -0.000612        -0.001577
22 Feb 2015 07:56:05.793        -0.001349        -0.000650        -0.001760
22 Feb 2015 07:57:59.827        -0.001230        -0.000684        -0.001939
22 Feb 2015 07:59:49.768        -0.001090        -0.000714        -0.002111
22 Feb 2015 08:01:35.951        -0.000929        -0.000739        -0.002275
22 Feb 2015 08:03:18.669        -0.000748        -0.000758        -0.002428
22 Feb 2015 08:04:56.914        -0.000551        -0.000771        -0.002564
22 Feb 2015 08:06:33.501        -0.000333        -0.000777        -0.002685
22 Feb 2015 08:08:07.376        -0.000099        -0.000776        -0.002786
22 Feb 2015 08:09:24.647         0.000109        -0.000769        -0.002854
22 Feb 2015 08:10:41.924         0.000331        -0.000755        -0.002906
22 Feb 2015 08:11:55.085         0.000551        -0.000737        -0.002937
22 Feb 2015 08:13:14.445         0.000799        -0.000709        -0.002949
22 Feb 2015 08:14:35.220         0.001058        -0.000674        -0.002935
22 Feb 2015 08:15:56.180         0.001322        -0.000630        -0.002893
22 Feb 2015 08:17:16.799         0.001584        -0.000578        -0.002822
22 Feb 2015 08:18:36.939         0.001839        -0.000519        -0.002722
22 Feb 2015 08:19:56.101         0.002081        -0.000454        -0.002593
22 Feb 2015 08:21:13.172         0.002304        -0.000385        -0.002440
22 Feb 2015 08:22:27.171         0.002500        -0.000314        -0.002269
22 Feb 2015 08:23:40.437         0.002676        -0.000241        -0.002079
22 Feb 2015 08:24:56.585         0.002834        -0.000162        -0.001863
22 Feb 2015 08:26:10.954         0.002962        -0.000085        -0.001636
22 Feb 2015 08:27:28.314         0.003067        -0.000004        -0.001389
22 Feb 2015 08:28:33.550         0.003132         0.000063        -0.001174
22 Feb 2015 08:29:43.453         0.003177         0.000132        -0.000940
22 Feb 2015 08:31:00.071         0.003199         0.000205        -0.000683
22 Feb 2015 08:32:16.069         0.003193         0.000273        -0.000432
22 Feb 2015 08:33:31.862         0.003161         0.000335        -0.000189
22 Feb 2015 08:34:46.566         0.003106         0.000391         0.000041
22 Feb 2015 08:35:48.783         0.003045         0.000434         0.000224
22 Feb 2015 08:36:51.100         0.002971         0.000472         0.000397
22 Feb 2015 08:38:12.803         0.002858         0.000516         0.000608
22 Feb 2015 08:39:39.772         0.002721         0.000555         0.000812
22 Feb 2015 08:41:08.978         0.002568         0.000587         0.000998
22 Feb 2015 08:42:40.646         0.002400         0.000613         0.001166
22 Feb 2015 08:44:14.970         0.002221         0.000631         0.001313
22 Feb 2015 08:45:52.134         0.002035         0.000643         0.001440
22 Feb 2015 08:47:32.316         0.001842         0.000649         0.001547
22 Feb 2015 08:49:15.688         0.001647         0.000649         0.001635
22 Feb 2015 08:51:02.416         0.001452         0.000644         0.001702
22 Feb 2015 08:52:52.667         0.001259         0.000634         0.001752
22 Feb 2015 08:54:46.609         0.001069         0.000620         0.001784
22 Feb 2015 08:56:44.420         0.000885         0.000602         0.001801
22 Feb 2015 08:58:46.294         0.000707         0.000581         0.001803
22 Feb 2015 09:00:52.449         0.000537         0.000557         0.001793
22 Feb 2015 09:03:03.143         0.000374         0.000531         0.001771
22 Feb 2015 09:05:18.626         0.000219         0.000504         0.001738
22 Feb 2015 09:07:37.372         0.000074         0.000475         0.001698
22 Feb 2015 09:09:59.372        -0.000061         0.000446         0.001651
22 Feb 2015 09:12:15.852        -0.000180         0.000418         0.001601
22 Feb 2015 09:14:19.715        -0.000279         0.000392         0.001553
22 Feb 2015 09:16:37.600        -0.000381         0.000365         0.001498
22 Feb 2015 09:19:01.585        -0.000479         0.000337         0.001439
22 Feb 2015 09:21:30.265        -0.000572         0.000308         0.001376
22 Feb 2015 09:24:02.750        -0.000660         0.000280         0.001311
22 Feb 2015 09:26:38.455        -0.000743         0.000251         0.001243
22 Feb 2015 09:29:16.918        -0.000822         0.000222         0.001174
22 Feb 2015 09:31:57.724        -0.000897         0.000194         0.001103
22 Feb 2015 09:34:39.417        -0.000969         0.000165         0.001030
22 Feb 2015 09:37:21.674        -0.001036         0.000137         0.000956
22 Feb 2015 09:40:04.133        -0.001100         0.000108         0.000881
22 Feb 2015 09:42:46.427        -0.001162         0.000080         0.000803
22 Feb 2015 09:45:28.194        -0.001221         0.000051         0.000724
22 Feb 2015 09:48:09.071        -0.001278         0.000021         0.000641
22 Feb 2015 09:50:48.712        -0.001332        -0.000009         0.000556
22 Feb 2015 09:53:21.879        -0.001382        -0.000038         0.000470
22 Feb 2015 09:55:54.920        -0.001430        -0.000069         0.000379
22 Feb 2015 09:58:29.213        -0.001477        -0.000101         0.000282
22 Feb 2015 10:01:01.023        -0.001520        -0.000135         0.000180
22 Feb 2015 10:03:20.971        -0.001557        -0.000167         0.000080
22 Feb 2015 10:05:48.601        -0.001593        -0.000202        -0.000033
22 Feb 2015 10:08:05.166        -0.001622        -0.000236        -0.000146
22 Feb 2015 10:10:13.430        -0.001645        -0.000270        -0.000260
22 Feb 2015 10:12:40.121        -0.001665        -0.000311        -0.000399
22 Feb 2015 10:15:03.571        -0.001675        -0.000353        -0.000547
22 Feb 2015 10:17:23.734        -0.001675        -0.000395        -0.000702
22 Feb 2015 10:19:40.629        -0.001663        -0.000438        -0.000865
22 Feb 2015 10:21:54.320        -0.001637        -0.000482        -0.001036
22 Feb 2015 10:24:04.919        -0.001595        -0.000525        -0.001213
22 Feb 2015 10:26:12.593        -0.001534        -0.000568        -0.001396
22 Feb 2015 10:28:15.807        -0.001454        -0.000609        -0.001580
22 Feb 2015 10:30:14.071        -0.001355        -0.000647        -0.001763
22 Feb 2015 10:32:07.865        -0.001236        -0.000681        -0.001941
22 Feb 2015 10:33:57.588        -0.001095        -0.000712        -0.002114
22 Feb 2015 10:35:43.573        -0.000935        -0.000737        -0.002278
22 Feb 2015 10:37:26.111        -0.000754        -0.000757        -0.002431
22 Feb 2015 10:39:05.681        -0.000553        -0.000771        -0.002569
22 Feb 2015 10:40:42.093        -0.000334        -0.000777        -0.002690
22 Feb 2015 10:42:15.796        -0.000100        -0.000777        -0.002791
22 Feb 2015 10:43:33.109         0.000109        -0.000770        -0.002858
22 Feb 2015 10:44:50.424         0.000331        -0.000757        -0.002909
22 Feb 2015 10:46:03.485         0.000551        -0.000739        -0.002940
22 Feb 2015 10:47:22.767         0.000800        -0.000712        -0.002951
22 Feb 2015 10:48:43.469         0.001059        -0.000677        -0.002937
22 Feb 2015 10:50:04.364         0.001323        -0.000634        -0.002895
22 Feb 2015 10:51:24.931         0.001585        -0.000583        -0.002823
22 Feb 2015 10:52:45.042         0.001840        -0.000524        -0.002722
22 Feb 2015 10:54:04.152         0.002083        -0.000460        -0.002592
22 Feb 2015 10:55:21.084         0.002304        -0.000391        -0.002439
22 Feb 2015 10:56:35.002         0.002501        -0.000321        -0.002268
22 Feb 2015 10:57:48.390         0.002676        -0.000248        -0.002077
22 Feb 2015 10:59:04.767         0.002834        -0.000170        -0.001860
22 Feb 2015 11:00:19.329         0.002963        -0.000093        -0.001633
22 Feb 2015 11:01:36.704         0.003067        -0.000012        -0.001386
22 Feb 2015 11:02:45.596         0.003134         0.000058        -0.001158
22 Feb 2015 11:03:56.206         0.003179         0.000128        -0.000922
22 Feb 2015 11:05:12.732         0.003198         0.000200        -0.000666
22 Feb 2015 11:06:28.773         0.003190         0.000267        -0.000415
22 Feb 2015 11:07:44.595         0.003156         0.000330        -0.000173
22 Feb 2015 11:08:59.219         0.003100         0.000385         0.000056
22 Feb 2015 11:10:09.503         0.003029         0.000433         0.000260
22 Feb 2015 11:11:14.404         0.002950         0.000472         0.000438
22 Feb 2015 11:12:38.959         0.002830         0.000516         0.000652
22 Feb 2015 11:14:06.461         0.002689         0.000554         0.000852
22 Feb 2015 11:15:36.265         0.002533         0.000585         0.001034
22 Feb 2015 11:17:08.576         0.002363         0.000609         0.001197
22 Feb 2015 11:18:43.586         0.002182         0.000627         0.001340
22 Feb 2015 11:20:21.477         0.001994         0.000638         0.001463
22 Feb 2015 11:22:02.425         0.001802         0.000643         0.001566
22 Feb 2015 11:23:46.599         0.001607         0.000643         0.001649
22 Feb 2015 11:25:34.164         0.001412         0.000637         0.001712
22 Feb 2015 11:27:25.287         0.001220         0.000627         0.001758
22 Feb 2015 11:29:20.137         0.001031         0.000613         0.001787
22 Feb 2015 11:31:18.894         0.000848         0.000595         0.001801
22 Feb 2015 11:33:21.754         0.000672         0.000574         0.001801
22 Feb 2015 11:35:28.940         0.000503         0.000550         0.001788
22 Feb 2015 11:37:40.726         0.000342         0.000524         0.001764
22 Feb 2015 11:39:56.907         0.000190         0.000497         0.001730
22 Feb 2015 11:42:16.342         0.000047         0.000469         0.001688
22 Feb 2015 11:44:22.701        -0.000072         0.000443         0.001646
22 Feb 2015 11:46:28.644        -0.000181         0.000418         0.001600
22 Feb 2015 11:48:34.639        -0.000281         0.000392         0.001551
22 Feb 2015 11:50:52.696        -0.000383         0.000365         0.001496
22 Feb 2015 11:53:16.868        -0.000481         0.000337         0.001437
22 Feb 2015 11:55:45.682        -0.000574         0.000309         0.001374
22 Feb 2015 11:58:18.261        -0.000663         0.000281         0.001309
22 Feb 2015 12:00:54.020        -0.000746         0.000252         0.001242
22 Feb 2015 12:03:32.500        -0.000825         0.000224         0.001173
22 Feb 2015 12:06:13.173        -0.000901         0.000196         0.001101
22 Feb 2015 12:08:54.703        -0.000972         0.000167         0.001029
22 Feb 2015 12:11:36.765        -0.001040         0.000139         0.000955
22 Feb 2015 12:14:18.998        -0.001104         0.000111         0.000879
22 Feb 2015 12:17:01.038        -0.001166         0.000082         0.000802
22 Feb 2015 12:19:42.521        -0.001225         0.000053         0.000722
22 Feb 2015 12:22:23.089        -0.001282         0.000024         0.000640
22 Feb 2015 12:25:02.398        -0.001337        -0.000006         0.000554
22 Feb 2015 12:27:36.234        -0.001388        -0.000036         0.000467
22 Feb 2015 12:29:58.850        -0.001433        -0.000064         0.000382
22 Feb 2015 12:32:33.270        -0.001480        -0.000097         0.000285
22 Feb 2015 12:35:04.830        -0.001524        -0.000130         0.000183
22 Feb 2015 12:37:28.883        -0.001562        -0.000163         0.000079
22 Feb 2015 12:39:56.400        -0.001598        -0.000198        -0.000035
22 Feb 2015 12:42:12.522        -0.001628        -0.000233        -0.000148
22 Feb 2015 12:44:21.571        -0.001651        -0.000267        -0.000263
22 Feb 2015 12:46:47.884        -0.001670        -0.000308        -0.000403
22 Feb 2015 12:49:10.955        -0.001681        -0.000349        -0.000551
22 Feb 2015 12:51:30.743        -0.001681        -0.000392        -0.000707
22 Feb 2015 12:53:47.268        -0.001668        -0.000436        -0.000871
22 Feb 2015 12:56:00.597        -0.001642        -0.000479        -0.001042
22 Feb 2015 12:58:10.843        -0.001599        -0.000523        -0.001220
22 Feb 2015 13:00:18.172        -0.001538        -0.000566        -0.001403
22 Feb 2015 13:02:20.943        -0.001458        -0.000607        -0.001588
22 Feb 2015 13:04:18.806        -0.001358        -0.000645        -0.001771
22 Feb 2015 13:06:12.236        -0.001237        -0.000680        -0.001950
22 Feb 2015 13:08:01.626        -0.001096        -0.000710        -0.002122
22 Feb 2015 13:09:47.307        -0.000935        -0.000736        -0.002286
22 Feb 2015 13:11:29.567        -0.000753        -0.000756        -0.002438
22 Feb 2015 13:13:09.257        -0.000551        -0.000770        -0.002577
22 Feb 2015 13:14:45.432        -0.000332        -0.000778        -0.002697
22 Feb 2015 13:16:18.916        -0.000096        -0.000777        -0.002797
22 Feb 2015 13:17:35.706         0.000112        -0.000771        -0.002864
22 Feb 2015 13:18:52.493         0.000333        -0.000759        -0.002914
22 Feb 2015 13:20:05.656         0.000555        -0.000741        -0.002944
22 Feb 2015 13:21:24.884         0.000803        -0.000715        -0.002954
22 Feb 2015 13:22:45.520         0.001063        -0.000680        -0.002939
22 Feb 2015 13:24:06.351         0.001327        -0.000637        -0.002896
22 Feb 2015 13:25:26.862         0.001589        -0.000587        -0.002823
22 Feb 2015 13:26:46.935         0.001844        -0.000529        -0.002721
22 Feb 2015 13:28:05.977         0.002086        -0.000465        -0.002590
22 Feb 2015 13:29:22.736         0.002307        -0.000397        -0.002437
22 Feb 2015 13:30:36.562         0.002503        -0.000328        -0.002265
22 Feb 2015 13:31:50.097         0.002678        -0.000255        -0.002073
22 Feb 2015 13:33:06.634         0.002836        -0.000177        -0.001855
22 Feb 2015 13:34:21.405         0.002964        -0.000100        -0.001627
22 Feb 2015 13:35:38.807         0.003068        -0.000020        -0.001380
22 Feb 2015 13:36:48.665         0.003135         0.000051        -0.001149
22 Feb 2015 13:37:59.569         0.003179         0.000121        -0.000912
22 Feb 2015 13:39:16.057         0.003197         0.000193        -0.000656
22 Feb 2015 13:40:32.150         0.003188         0.000260        -0.000406
22 Feb 2015 13:41:48.014         0.003153         0.000322        -0.000164
22 Feb 2015 13:43:02.614         0.003096         0.000378         0.000064
22 Feb 2015 13:44:12.647         0.003025         0.000425         0.000266
22 Feb 2015 13:45:18.816         0.002944         0.000464         0.000446
22 Feb 2015 13:46:43.925         0.002822         0.000509         0.000661
22 Feb 2015 13:48:11.616         0.002681         0.000547         0.000860
22 Feb 2015 13:49:41.626         0.002524         0.000578         0.001041
22 Feb 2015 13:51:14.157         0.002354         0.000603         0.001203
22 Feb 2015 13:52:49.398         0.002173         0.000620         0.001345
22 Feb 2015 13:54:27.531         0.001985         0.000632         0.001467
22 Feb 2015 13:56:08.731         0.001793         0.000638         0.001568
22 Feb 2015 13:57:53.165         0.001598         0.000637         0.001650
22 Feb 2015 13:59:40.999         0.001404         0.000632         0.001713
22 Feb 2015 14:01:32.398         0.001212         0.000622         0.001758
22 Feb 2015 14:03:27.531         0.001024         0.000608         0.001787
22 Feb 2015 14:05:26.577         0.000842         0.000591         0.001800
22 Feb 2015 14:07:29.732         0.000666         0.000570         0.001799
22 Feb 2015 14:09:37.222         0.000497         0.000547         0.001786
22 Feb 2015 14:11:49.319         0.000337         0.000522         0.001761
22 Feb 2015 14:14:05.658         0.000185         0.000495         0.001727
22 Feb 2015 14:16:25.241         0.000042         0.000467         0.001686
22 Feb 2015 14:18:29.824        -0.000074         0.000442         0.001644
22 Feb 2015 14:20:33.964        -0.000181         0.000418         0.001599
22 Feb 2015 14:22:40.488        -0.000283         0.000393         0.001550
22 Feb 2015 14:24:58.683        -0.000384         0.000366         0.001495
22 Feb 2015 14:27:22.967        -0.000482         0.000338         0.001436
22 Feb 2015 14:29:51.851        -0.000576         0.000310         0.001374
22 Feb 2015 14:32:24.467        -0.000664         0.000282         0.001309
22 Feb 2015 14:35:00.234        -0.000748         0.000254         0.001241
22 Feb 2015 14:37:38.692        -0.000827         0.000226         0.001172
22 Feb 2015 14:40:19.216        -0.000903         0.000198         0.001101
22 Feb 2015 14:43:00.574        -0.000974         0.000170         0.001029
22 Feb 2015 14:45:42.435        -0.001042         0.000142         0.000955
22 Feb 2015 14:48:24.443        -0.001107         0.000114         0.000879
22 Feb 2015 14:51:06.234        -0.001169         0.000085         0.000802
22 Feb 2015 14:53:47.445        -0.001229         0.000056         0.000722
22 Feb 2015 14:56:27.724        -0.001286         0.000027         0.000639
22 Feb 2015 14:59:06.724        -0.001341        -0.000003         0.000553
22 Feb 2015 15:01:13.508        -0.001383        -0.000027         0.000482
22 Feb 2015 15:03:20.692        -0.001424        -0.000052         0.000406
22 Feb 2015 15:05:55.933        -0.001473        -0.000085         0.000309
22 Feb 2015 15:08:27.787        -0.001518        -0.000117         0.000208
22 Feb 2015 15:10:59.078        -0.001559        -0.000152         0.000101
22 Feb 2015 15:13:28.082        -0.001597        -0.000187        -0.000014
22 Feb 2015 15:15:21.516        -0.001622        -0.000216        -0.000107
22 Feb 2015 15:17:14.932        -0.001645        -0.000245        -0.000205
22 Feb 2015 15:19:42.294        -0.001668        -0.000286        -0.000342
22 Feb 2015 15:22:06.487        -0.001683        -0.000327        -0.000487
22 Feb 2015 15:24:27.403        -0.001688        -0.000369        -0.000640
22 Feb 2015 15:26:45.046        -0.001681        -0.000413        -0.000801
22 Feb 2015 15:28:59.463        -0.001661        -0.000456        -0.000970
22 Feb 2015 15:31:10.747        -0.001625        -0.000500        -0.001145
22 Feb 2015 15:33:19.039        -0.001572        -0.000544        -0.001327
22 Feb 2015 15:35:23.777        -0.001500        -0.000586        -0.001512
22 Feb 2015 15:37:23.409        -0.001409        -0.000626        -0.001696
22 Feb 2015 15:39:18.436        -0.001297        -0.000663        -0.001877
22 Feb 2015 15:41:09.287        -0.001165        -0.000696        -0.002052
22 Feb 2015 15:42:56.314        -0.001012        -0.000724        -0.002220
22 Feb 2015 15:44:39.819        -0.000839        -0.000747        -0.002378
22 Feb 2015 15:46:20.073        -0.000645        -0.000765        -0.002522
22 Feb 2015 15:47:55.598        -0.000438        -0.000775        -0.002648
22 Feb 2015 15:49:30.113        -0.000209        -0.000779        -0.002757
22 Feb 2015 15:51:02.098         0.000034        -0.000775        -0.002845
22 Feb 2015 15:52:06.616         0.000216        -0.000767        -0.002894
22 Feb 2015 15:53:11.102         0.000406        -0.000755        -0.002929
22 Feb 2015 15:54:28.186         0.000643        -0.000735        -0.002953
22 Feb 2015 15:55:48.028         0.000897        -0.000706        -0.002954
22 Feb 2015 15:57:08.760         0.001159        -0.000669        -0.002929
22 Feb 2015 15:58:29.451         0.001423        -0.000624        -0.002874
22 Feb 2015 15:59:49.768         0.001683        -0.000572        -0.002790
22 Feb 2015 16:01:09.482         0.001934        -0.000512        -0.002677
22 Feb 2015 16:02:27.828         0.002169        -0.000447        -0.002537
22 Feb 2015 16:03:43.301         0.002381        -0.000379        -0.002376
22 Feb 2015 16:04:56.602         0.002568        -0.000309        -0.002198
22 Feb 2015 16:06:11.167         0.002737        -0.000235        -0.001996
22 Feb 2015 16:07:26.702         0.002884        -0.000158        -0.001775
22 Feb 2015 16:08:42.370         0.003003        -0.000080        -0.001540
22 Feb 2015 16:10:00.163         0.003096        -0.000001        -0.001288
22 Feb 2015 16:10:49.855         0.003140         0.000049        -0.001123
22 Feb 2015 16:11:41.492         0.003172         0.000100        -0.000950
22 Feb 2015 16:12:58.057         0.003195         0.000172        -0.000694
22 Feb 2015 16:14:14.220         0.003190         0.000240        -0.000443
22 Feb 2015 16:15:30.220         0.003159         0.000303        -0.000200
22 Feb 2015 16:16:45.190         0.003105         0.000360         0.000030
22 Feb 2015 16:17:44.978         0.003047         0.000401         0.000205
22 Feb 2015 16:18:44.890         0.002978         0.000439         0.000372
22 Feb 2015 16:20:05.406         0.002870         0.000484         0.000580
22 Feb 2015 16:21:32.392         0.002736         0.000524         0.000786
22 Feb 2015 16:23:01.596         0.002584         0.000559         0.000973
22 Feb 2015 16:24:33.251         0.002419         0.000586         0.001143
22 Feb 2015 16:26:07.550         0.002242         0.000607         0.001292
22 Feb 2015 16:27:44.676         0.002057         0.000622         0.001421
22 Feb 2015 16:29:24.805         0.001866         0.000630         0.001530
22 Feb 2015 16:31:08.108         0.001672         0.000632         0.001620
22 Feb 2015 16:32:54.749         0.001478         0.000630         0.001690
22 Feb 2015 16:34:44.893         0.001285         0.000622         0.001741
22 Feb 2015 16:36:38.706         0.001095         0.000610         0.001776
22 Feb 2015 16:38:36.361         0.000911         0.000595         0.001795
22 Feb 2015 16:40:38.047         0.000733         0.000576         0.001799
22 Feb 2015 16:42:43.975         0.000562         0.000554         0.001791
22 Feb 2015 16:44:54.395         0.000398         0.000530         0.001771
22 Feb 2015 16:47:09.522         0.000242         0.000504         0.001740
22 Feb 2015 16:49:27.884         0.000096         0.000477         0.001702
22 Feb 2015 16:51:49.469        -0.000040         0.000450         0.001656
22 Feb 2015 16:53:48.262        -0.000145         0.000426         0.001614
22 Feb 2015 16:55:46.761        -0.000242         0.000403         0.001570
22 Feb 2015 16:58:02.068        -0.000345         0.000377         0.001517
22 Feb 2015 17:00:24.270        -0.000445         0.000350         0.001459
22 Feb 2015 17:02:51.545        -0.000541         0.000323         0.001398
22 Feb 2015 17:05:22.811        -0.000631         0.000295         0.001334
22 Feb 2015 17:07:57.406        -0.000717         0.000267         0.001268
22 Feb 2015 17:10:34.837        -0.000798         0.000239         0.001199
22 Feb 2015 17:13:14.683        -0.000875         0.000211         0.001129
22 Feb 2015 17:15:55.584        -0.000949         0.000184         0.001057
22 Feb 2015 17:18:37.099        -0.001018         0.000156         0.000984
22 Feb 2015 17:21:18.878        -0.001084         0.000128         0.000909
22 Feb 2015 17:24:00.560        -0.001148         0.000100         0.000832
22 Feb 2015 17:26:41.780        -0.001209         0.000071         0.000753
22 Feb 2015 17:29:22.189        -0.001267         0.000042         0.000672
22 Feb 2015 17:32:01.437        -0.001323         0.000013         0.000587
22 Feb 2015 17:34:39.197        -0.001377        -0.000018         0.000499
22 Feb 2015 17:37:03.732        -0.001425        -0.000046         0.000414
22 Feb 2015 17:39:38.197        -0.001473        -0.000078         0.000317
22 Feb 2015 17:42:09.966        -0.001519        -0.000111         0.000216
22 Feb 2015 17:44:39.506        -0.001561        -0.000145         0.000110
22 Feb 2015 17:47:08.104        -0.001599        -0.000180        -0.000004
22 Feb 2015 17:48:46.273        -0.001622        -0.000205        -0.000084
22 Feb 2015 17:50:24.378        -0.001642        -0.000230        -0.000168
22 Feb 2015 17:52:52.275        -0.001668        -0.000270        -0.000304
22 Feb 2015 17:55:17.077        -0.001685        -0.000311        -0.000447
22 Feb 2015 17:57:38.611        -0.001693        -0.000353        -0.000598
22 Feb 2015 17:59:56.871        -0.001690        -0.000397        -0.000757
22 Feb 2015 18:02:11.893        -0.001674        -0.000440        -0.000924
22 Feb 2015 18:04:23.755        -0.001643        -0.000484        -0.001098
22 Feb 2015 18:06:32.586        -0.001595        -0.000528        -0.001279
22 Feb 2015 18:08:38.509        -0.001527        -0.000572        -0.001464
22 Feb 2015 18:10:39.199        -0.001441        -0.000612        -0.001649
22 Feb 2015 18:12:35.175        -0.001335        -0.000650        -0.001831
22 Feb 2015 18:14:26.891        -0.001208        -0.000685        -0.002008
22 Feb 2015 18:16:14.713        -0.001061        -0.000715        -0.002179
22 Feb 2015 18:17:58.954        -0.000893        -0.000740        -0.002340
22 Feb 2015 18:19:39.891        -0.000705        -0.000760        -0.002488
22 Feb 2015 18:21:15.894        -0.000502        -0.000773        -0.002618
22 Feb 2015 18:22:50.999        -0.000278        -0.000779        -0.002733
22 Feb 2015 18:24:23.529        -0.000038        -0.000778        -0.002827
22 Feb 2015 18:25:30.498         0.000147        -0.000772        -0.002881
22 Feb 2015 18:26:37.426         0.000342        -0.000762        -0.002923
22 Feb 2015 18:27:52.188         0.000570        -0.000744        -0.002951
22 Feb 2015 18:29:11.363         0.000820        -0.000719        -0.002959
22 Feb 2015 18:30:31.897         0.001081        -0.000685        -0.002941
22 Feb 2015 18:31:52.595         0.001345        -0.000643        -0.002895
22 Feb 2015 18:33:12.987         0.001607        -0.000593        -0.002820
22 Feb 2015 18:34:32.951         0.001861        -0.000536        -0.002714
22 Feb 2015 18:35:51.777         0.002102        -0.000473        -0.002581
22 Feb 2015 18:37:08.070         0.002321        -0.000406        -0.002426
22 Feb 2015 18:38:21.693         0.002514        -0.000338        -0.002252
22 Feb 2015 18:39:35.645         0.002689        -0.000265        -0.002058
22 Feb 2015 18:40:51.927         0.002844        -0.000189        -0.001839
22 Feb 2015 18:42:07.208         0.002971        -0.000112        -0.001609
22 Feb 2015 18:43:24.724         0.003072        -0.000033        -0.001360
22 Feb 2015 18:44:42.619         0.003143         0.000046        -0.001102
22 Feb 2015 18:45:52.800         0.003181         0.000114        -0.000868
22 Feb 2015 18:47:08.803         0.003195         0.000184        -0.000615
22 Feb 2015 18:48:25.006         0.003181         0.000251        -0.000366
22 Feb 2015 18:49:40.887         0.003142         0.000312        -0.000126
22 Feb 2015 18:50:55.201         0.003083         0.000367         0.000098
22 Feb 2015 18:52:03.705         0.003011         0.000412         0.000294
22 Feb 2015 18:53:14.424         0.002922         0.000454         0.000483
22 Feb 2015 18:54:40.627         0.002796         0.000498         0.000696
22 Feb 2015 18:56:08.895         0.002653         0.000536         0.000891
22 Feb 2015 18:57:39.531         0.002493         0.000567         0.001068
22 Feb 2015 18:59:12.730         0.002322         0.000591         0.001226
22 Feb 2015 19:00:48.679         0.002140         0.000609         0.001365
22 Feb 2015 19:02:27.556         0.001951         0.000620         0.001483
22 Feb 2015 19:04:09.533         0.001759         0.000626         0.001581
22 Feb 2015 19:05:54.776         0.001565         0.000626         0.001659
22 Feb 2015 19:07:43.450         0.001371         0.000621         0.001719
22 Feb 2015 19:09:35.716         0.001180         0.000612         0.001761
22 Feb 2015 19:11:31.745         0.000994         0.000598         0.001787
22 Feb 2015 19:13:31.717         0.000813         0.000582         0.001797
22 Feb 2015 19:15:35.829         0.000638         0.000562         0.001795
22 Feb 2015 19:17:44.312         0.000471         0.000539         0.001780
22 Feb 2015 19:19:57.445         0.000312         0.000515         0.001754
22 Feb 2015 19:22:14.378         0.000162         0.000489         0.001719
22 Feb 2015 19:24:34.533         0.000022         0.000462         0.001677
22 Feb 2015 19:26:28.041        -0.000083         0.000440         0.001638
22 Feb 2015 19:28:21.015        -0.000180         0.000418         0.001598
22 Feb 2015 19:30:29.163        -0.000283         0.000394         0.001549
22 Feb 2015 19:32:47.461        -0.000385         0.000368         0.001494
22 Feb 2015 19:35:11.866        -0.000483         0.000341         0.001435
22 Feb 2015 19:37:40.820        -0.000577         0.000313         0.001373
22 Feb 2015 19:40:13.451        -0.000665         0.000286         0.001309
22 Feb 2015 19:42:49.183        -0.000750         0.000258         0.001242
22 Feb 2015 19:45:27.554        -0.000830         0.000231         0.001173
22 Feb 2015 19:48:07.766        -0.000905         0.000203         0.001102
22 Feb 2015 19:50:48.767        -0.000978         0.000176         0.001030
22 Feb 2015 19:53:30.227        -0.001046         0.000148         0.000956
22 Feb 2015 19:56:11.789        -0.001112         0.000120         0.000880
22 Feb 2015 19:58:53.093        -0.001175         0.000092         0.000802
22 Feb 2015 20:01:33.781        -0.001235         0.000063         0.000722
22 Feb 2015 20:04:13.501        -0.001293         0.000034         0.000639
22 Feb 2015 20:06:51.918        -0.001348         0.000005         0.000553
22 Feb 2015 20:09:02.194        -0.001392        -0.000021         0.000479
22 Feb 2015 20:11:12.750        -0.001435        -0.000047         0.000401
22 Feb 2015 20:13:47.107        -0.001484        -0.000079         0.000303
22 Feb 2015 20:16:18.228        -0.001529        -0.000112         0.000201
22 Feb 2015 20:18:43.757        -0.001570        -0.000145         0.000096
22 Feb 2015 20:21:11.716        -0.001608        -0.000180        -0.000019
22 Feb 2015 20:23:09.886        -0.001635        -0.000210        -0.000117
22 Feb 2015 20:25:08.034        -0.001658        -0.000241        -0.000222
22 Feb 2015 20:27:34.425        -0.001681        -0.000282        -0.000361
22 Feb 2015 20:29:57.627        -0.001695        -0.000324        -0.000508
22 Feb 2015 20:32:17.557        -0.001699        -0.000366        -0.000663
22 Feb 2015 20:34:34.226        -0.001691        -0.000410        -0.000825
22 Feb 2015 20:36:47.687        -0.001669        -0.000454        -0.000996
22 Feb 2015 20:38:58.039        -0.001631        -0.000498        -0.001173
22 Feb 2015 20:41:05.431        -0.001576        -0.000542        -0.001356
22 Feb 2015 20:43:08.875        -0.001501        -0.000585        -0.001541
22 Feb 2015 20:45:07.337        -0.001406        -0.000625        -0.001725
22 Feb 2015 20:47:01.306        -0.001292        -0.000662        -0.001906
22 Feb 2015 20:48:51.192        -0.001157        -0.000695        -0.002081
22 Feb 2015 20:50:37.335        -0.001001        -0.000724        -0.002248
22 Feb 2015 20:52:20.031        -0.000824        -0.000747        -0.002404
22 Feb 2015 20:53:59.544        -0.000628        -0.000765        -0.002547
22 Feb 2015 20:55:34.405        -0.000418        -0.000776        -0.002670
22 Feb 2015 20:57:08.301        -0.000187        -0.000780        -0.002777
22 Feb 2015 20:58:39.724         0.000058        -0.000776        -0.002861
22 Feb 2015 20:59:48.021         0.000253        -0.000769        -0.002910
22 Feb 2015 21:00:56.279         0.000457        -0.000756        -0.002943
22 Feb 2015 21:02:14.035         0.000700        -0.000734        -0.002961
22 Feb 2015 21:03:34.063         0.000957        -0.000705        -0.002956
22 Feb 2015 21:04:54.711         0.001220        -0.000668        -0.002923
22 Feb 2015 21:06:15.224         0.001484        -0.000622        -0.002860
22 Feb 2015 21:07:35.381         0.001743        -0.000569        -0.002768
22 Feb 2015 21:08:54.800         0.001990        -0.000509        -0.002648
22 Feb 2015 21:10:12.389         0.002220        -0.000445        -0.002502
22 Feb 2015 21:11:26.967         0.002425        -0.000378        -0.002337
22 Feb 2015 21:12:40.360         0.002608        -0.000308        -0.002153
22 Feb 2015 21:13:56.114         0.002774        -0.000233        -0.001943
22 Feb 2015 21:15:11.406         0.002913        -0.000157        -0.001719
22 Feb 2015 21:16:28.650         0.003027        -0.000078        -0.001476
22 Feb 2015 21:17:46.508         0.003113         0.000000        -0.001222
22 Feb 2015 21:18:32.393         0.003148         0.000046        -0.001069
22 Feb 2015 21:19:19.393         0.003174         0.000091        -0.000912
22 Feb 2015 21:20:35.899         0.003193         0.000163        -0.000657
22 Feb 2015 21:21:52.167         0.003184         0.000230        -0.000407
22 Feb 2015 21:23:08.218         0.003149         0.000292        -0.000166
22 Feb 2015 21:24:23.007         0.003093         0.000348         0.000061
22 Feb 2015 21:25:33.285         0.003022         0.000396         0.000264
22 Feb 2015 21:26:39.300         0.002941         0.000436         0.000442
22 Feb 2015 21:28:04.494         0.002821         0.000481         0.000656
22 Feb 2015 21:29:32.430         0.002680         0.000521         0.000854
22 Feb 2015 21:31:02.696         0.002524         0.000553         0.001035
22 Feb 2015 21:32:35.492         0.002355         0.000579         0.001196
22 Feb 2015 21:34:11.005         0.002175         0.000599         0.001338
22 Feb 2015 21:35:49.417         0.001988         0.000612         0.001460
22 Feb 2015 21:37:30.898         0.001796         0.000619         0.001562
22 Feb 2015 21:39:15.615         0.001602         0.000621         0.001644
22 Feb 2015 21:41:03.731         0.001408         0.000618         0.001707
22 Feb 2015 21:42:55.410         0.001217         0.000610         0.001752
22 Feb 2015 21:44:50.817         0.001030         0.000598         0.001781
22 Feb 2015 21:46:50.128         0.000848         0.000582         0.001795
22 Feb 2015 21:48:53.538         0.000673         0.000563         0.001795
22 Feb 2015 21:51:01.266         0.000504         0.000542         0.001782
22 Feb 2015 21:53:13.581         0.000344         0.000518         0.001759
22 Feb 2015 21:55:29.910         0.000192         0.000493         0.001726
22 Feb 2015 21:57:49.454         0.000050         0.000467         0.001685
22 Feb 2015 21:59:57.723        -0.000071         0.000443         0.001642
22 Feb 2015 22:02:05.606        -0.000181         0.000418         0.001597
22 Feb 2015 22:04:11.850        -0.000282         0.000395         0.001549
22 Feb 2015 22:06:30.259        -0.000384         0.000369         0.001494
22 Feb 2015 22:08:54.674        -0.000482         0.000342         0.001436
22 Feb 2015 22:11:23.621        -0.000576         0.000315         0.001374
22 Feb 2015 22:13:56.230        -0.000665         0.000288         0.001309
22 Feb 2015 22:16:31.917        -0.000750         0.000261         0.001242
22 Feb 2015 22:19:10.221        -0.000830         0.000233         0.001173
22 Feb 2015 22:21:50.269        -0.000906         0.000206         0.001103
22 Feb 2015 22:24:31.088        -0.000978         0.000179         0.001031
22 Feb 2015 22:27:12.346        -0.001047         0.000151         0.000957
22 Feb 2015 22:29:53.689        -0.001113         0.000123         0.000881
22 Feb 2015 22:32:34.757        -0.001177         0.000095         0.000804
22 Feb 2015 22:35:15.193        -0.001237         0.000067         0.000723
22 Feb 2015 22:37:54.651        -0.001295         0.000038         0.000640
22 Feb 2015 22:40:32.795        -0.001351         0.000009         0.000554
22 Feb 2015 22:42:50.742        -0.001399        -0.000018         0.000475
22 Feb 2015 22:45:08.878        -0.001444        -0.000046         0.000392
22 Feb 2015 22:47:42.432        -0.001493        -0.000078         0.000293
22 Feb 2015 22:50:06.164        -0.001536        -0.000109         0.000195
22 Feb 2015 22:52:34.743        -0.001578        -0.000143         0.000087
22 Feb 2015 22:55:02.047        -0.001616        -0.000179        -0.000029
22 Feb 2015 22:57:18.539        -0.001646        -0.000214        -0.000144
22 Feb 2015 22:59:23.379        -0.001670        -0.000247        -0.000257
22 Feb 2015 23:01:48.667        -0.001691        -0.000288        -0.000399
22 Feb 2015 23:04:10.734        -0.001703        -0.000330        -0.000548
22 Feb 2015 23:06:29.531        -0.001704        -0.000373        -0.000706
22 Feb 2015 23:08:45.081        -0.001692        -0.000417        -0.000871
22 Feb 2015 23:10:57.450        -0.001666        -0.000462        -0.001043
22 Feb 2015 23:13:06.747        -0.001624        -0.000506        -0.001222
22 Feb 2015 23:15:13.134        -0.001563        -0.000550        -0.001407
22 Feb 2015 23:17:14.931        -0.001484        -0.000592        -0.001592
22 Feb 2015 23:19:11.906        -0.001384        -0.000632        -0.001776
22 Feb 2015 23:21:04.528        -0.001264        -0.000669        -0.001956
22 Feb 2015 23:22:53.183        -0.001123        -0.000701        -0.002129
22 Feb 2015 23:24:38.196        -0.000961        -0.000729        -0.002294
22 Feb 2015 23:26:19.851        -0.000780        -0.000751        -0.002447
22 Feb 2015 23:27:58.405        -0.000578        -0.000768        -0.002585
22 Feb 2015 23:29:34.525        -0.000358        -0.000778        -0.002706
22 Feb 2015 23:31:07.577        -0.000123        -0.000780        -0.002806
22 Feb 2015 23:32:27.175         0.000095        -0.000777        -0.002876
22 Feb 2015 23:33:46.757         0.000326        -0.000766        -0.002927
22 Feb 2015 23:34:58.470         0.000544        -0.000751        -0.002956
22 Feb 2015 23:36:17.296         0.000794        -0.000727        -0.002965
22 Feb 2015 23:37:37.619         0.001054        -0.000696        -0.002949
22 Feb 2015 23:38:58.210         0.001319        -0.000656        -0.002905
22 Feb 2015 23:40:18.551         0.001581        -0.000608        -0.002831
22 Feb 2015 23:41:38.559         0.001837        -0.000553        -0.002727
22 Feb 2015 23:42:57.425         0.002079        -0.000492        -0.002596
22 Feb 2015 23:44:13.785         0.002299        -0.000427        -0.002442
22 Feb 2015 23:45:27.509         0.002495        -0.000360        -0.002270
22 Feb 2015 23:46:41.548         0.002671        -0.000288        -0.002077
22 Feb 2015 23:47:57.957         0.002829        -0.000213        -0.001859
22 Feb 2015 23:49:13.539         0.002958        -0.000136        -0.001629
22 Feb 2015 23:50:31.068         0.003062        -0.000058        -0.001381
22 Feb 2015 23:51:48.995         0.003135         0.000020        -0.001124
22 Feb 2015 23:53:01.810         0.003176         0.000090        -0.000881
22 Feb 2015 23:54:07.823         0.003191         0.000152        -0.000661
22 Feb 2015 23:55:24.191         0.003182         0.000219        -0.000411
22 Feb 2015 23:56:40.312         0.003148         0.000281        -0.000170
22 Feb 2015 23:57:55.196         0.003092         0.000338         0.000057
22 Feb 2015 23:59:05.683         0.003022         0.000386         0.000260
23 Feb 2015 00:00:11.125         0.002942         0.000426         0.000437
23 Feb 2015 00:01:36.163         0.002822         0.000471         0.000650
23 Feb 2015 00:03:04.139         0.002683         0.000511         0.000849
23 Feb 2015 00:04:34.443         0.002527         0.000544         0.001030
23 Feb 2015 00:06:07.276         0.002358         0.000571         0.001191
23 Feb 2015 00:07:42.826         0.002179         0.000591         0.001334
23 Feb 2015 00:09:21.272         0.001992         0.000605         0.001456
23 Feb 2015 00:11:02.785         0.001801         0.000613         0.001558
23 Feb 2015 00:12:47.532         0.001607         0.000616         0.001640
23 Feb 2015 00:14:35.675         0.001414         0.000613         0.001704
23 Feb 2015 00:16:27.375         0.001223         0.000606         0.001750
23 Feb 2015 00:18:22.799         0.001035         0.000594         0.001779
23 Feb 2015 00:20:22.121         0.000854         0.000579         0.001793
23 Feb 2015 00:22:25.533         0.000678         0.000561         0.001793
23 Feb 2015 00:24:33.254         0.000510         0.000541         0.001781
23 Feb 2015 00:26:45.549         0.000349         0.000518         0.001758
23 Feb 2015 00:29:01.814         0.000197         0.000493         0.001726
23 Feb 2015 00:31:21.284         0.000055         0.000467         0.001685
23 Feb 2015 00:33:43.908        -0.000079         0.000441         0.001638
23 Feb 2015 00:35:54.472        -0.000191         0.000416         0.001592
23 Feb 2015 00:38:02.252        -0.000292         0.000393         0.001543
23 Feb 2015 00:40:21.426        -0.000394         0.000367         0.001489
23 Feb 2015 00:42:46.383        -0.000492         0.000341         0.001430
23 Feb 2015 00:45:15.746        -0.000585         0.000314         0.001368
23 Feb 2015 00:47:48.679        -0.000674         0.000287         0.001303
23 Feb 2015 00:50:24.617        -0.000758         0.000260         0.001236
23 Feb 2015 00:53:03.105        -0.000839         0.000233         0.001167
23 Feb 2015 00:55:43.084        -0.000915         0.000206         0.001096
23 Feb 2015 00:58:23.784        -0.000987         0.000179         0.001024
23 Feb 2015 01:01:04.866        -0.001056         0.000152         0.000950
23 Feb 2015 01:03:45.976        -0.001122         0.000124         0.000874
23 Feb 2015 01:06:26.759        -0.001185         0.000096         0.000796
23 Feb 2015 01:09:06.857        -0.001246         0.000068         0.000716
23 Feb 2015 01:11:45.928        -0.001304         0.000039         0.000632
23 Feb 2015 01:14:23.642        -0.001360         0.000009         0.000546
23 Feb 2015 01:16:42.083        -0.001408        -0.000017         0.000465
23 Feb 2015 01:19:00.690        -0.001454        -0.000045         0.000381
23 Feb 2015 01:21:33.669        -0.001503        -0.000077         0.000282
23 Feb 2015 01:24:02.300        -0.001547        -0.000110         0.000179
23 Feb 2015 01:26:29.982        -0.001589        -0.000144         0.000069
23 Feb 2015 01:28:55.856        -0.001626        -0.000180        -0.000047
23 Feb 2015 01:31:09.042        -0.001655        -0.000214        -0.000162
23 Feb 2015 01:33:23.041        -0.001680        -0.000251        -0.000285
23 Feb 2015 01:35:47.412        -0.001700        -0.000292        -0.000428
23 Feb 2015 01:38:08.540        -0.001709        -0.000334        -0.000580
23 Feb 2015 01:40:26.404        -0.001708        -0.000378        -0.000739
23 Feb 2015 01:42:41.034        -0.001694        -0.000422        -0.000907
23 Feb 2015 01:44:52.505        -0.001665        -0.000467        -0.001081
23 Feb 2015 01:47:00.937        -0.001619        -0.000511        -0.001262
23 Feb 2015 01:49:06.503        -0.001554        -0.000556        -0.001447
23 Feb 2015 01:51:06.999        -0.001470        -0.000598        -0.001633
23 Feb 2015 01:53:02.795        -0.001367        -0.000637        -0.001816
23 Feb 2015 01:54:54.346        -0.001242        -0.000673        -0.001995
23 Feb 2015 01:56:42.021        -0.001097        -0.000705        -0.002167
23 Feb 2015 01:58:26.133        -0.000931        -0.000732        -0.002329
23 Feb 2015 02:00:06.960        -0.000745        -0.000754        -0.002479
23 Feb 2015 02:01:44.753        -0.000540        -0.000770        -0.002614
23 Feb 2015 02:03:19.749        -0.000317        -0.000779        -0.002731
23 Feb 2015 02:04:52.169        -0.000078        -0.000781        -0.002827
23 Feb 2015 02:06:06.123         0.000127        -0.000777        -0.002888
23 Feb 2015 02:07:20.044         0.000343        -0.000767        -0.002934
23 Feb 2015 02:08:33.633         0.000569        -0.000751        -0.002961
23 Feb 2015 02:09:52.591         0.000820        -0.000727        -0.002967
23 Feb 2015 02:11:12.915         0.001081        -0.000696        -0.002948
23 Feb 2015 02:12:33.439         0.001346        -0.000655        -0.002900
23 Feb 2015 02:13:53.703         0.001608        -0.000608        -0.002823
23 Feb 2015 02:15:13.594         0.001862        -0.000553        -0.002716
23 Feb 2015 02:16:32.209         0.002102        -0.000492        -0.002581
23 Feb 2015 02:17:48.122         0.002320        -0.000427        -0.002425
23 Feb 2015 02:19:01.703         0.002513        -0.000360        -0.002251
23 Feb 2015 02:20:16.157         0.002688        -0.000289        -0.002055
23 Feb 2015 02:21:32.294         0.002842        -0.000213        -0.001836
23 Feb 2015 02:22:48.282         0.002969        -0.000137        -0.001603
23 Feb 2015 02:24:05.963         0.003070        -0.000059        -0.001353
23 Feb 2015 02:25:23.977         0.003140         0.000019        -0.001096
23 Feb 2015 02:26:35.894         0.003178         0.000088        -0.000856
23 Feb 2015 02:27:41.120         0.003190         0.000148        -0.000639
23 Feb 2015 02:28:57.550         0.003179         0.000215        -0.000390
23 Feb 2015 02:30:13.679         0.003143         0.000277        -0.000150
23 Feb 2015 02:31:28.422         0.003085         0.000333         0.000076
23 Feb 2015 02:32:38.193         0.003014         0.000380         0.000275
23 Feb 2015 02:33:46.388         0.002930         0.000421         0.000458
23 Feb 2015 02:35:12.645         0.002807         0.000467         0.000671
23 Feb 2015 02:36:40.947         0.002666         0.000506         0.000868
23 Feb 2015 02:38:11.610         0.002509         0.000539         0.001047
23 Feb 2015 02:39:44.826         0.002339         0.000566         0.001206
23 Feb 2015 02:41:20.782         0.002159         0.000586         0.001346
23 Feb 2015 02:42:59.656         0.001972         0.000600         0.001466
23 Feb 2015 02:44:41.617         0.001780         0.000608         0.001566
23 Feb 2015 02:46:26.830         0.001587         0.000610         0.001646
23 Feb 2015 02:48:15.457         0.001394         0.000608         0.001708
23 Feb 2015 02:50:07.658         0.001203         0.000600         0.001752
23 Feb 2015 02:52:03.599         0.001017         0.000589         0.001780
23 Feb 2015 02:54:03.456         0.000836         0.000575         0.001792
23 Feb 2015 02:56:07.422         0.000661         0.000557         0.001791
23 Feb 2015 02:58:15.718         0.000494         0.000536         0.001778
23 Feb 2015 03:00:28.616         0.000334         0.000514         0.001754
23 Feb 2015 03:02:45.238         0.000183         0.000490         0.001721
23 Feb 2015 03:05:05.054         0.000042         0.000464         0.001680
23 Feb 2015 03:07:10.274        -0.000075         0.000441         0.001639
23 Feb 2015 03:09:15.056        -0.000182         0.000418         0.001595
23 Feb 2015 03:11:22.257        -0.000284         0.000395         0.001547
23 Feb 2015 03:13:40.924        -0.000386         0.000370         0.001493
23 Feb 2015 03:16:05.540        -0.000485         0.000344         0.001434
23 Feb 2015 03:18:34.619        -0.000579         0.000318         0.001373
23 Feb 2015 03:21:07.296        -0.000668         0.000291         0.001308
23 Feb 2015 03:23:42.993        -0.000753         0.000265         0.001242
23 Feb 2015 03:26:21.250        -0.000833         0.000238         0.001173
23 Feb 2015 03:29:01.007        -0.000910         0.000211         0.001102
23 Feb 2015 03:31:41.487        -0.000983         0.000184         0.001030
23 Feb 2015 03:34:22.355        -0.001052         0.000157         0.000957
23 Feb 2015 03:37:03.258        -0.001119         0.000129         0.000881
23 Feb 2015 03:39:43.841        -0.001183         0.000102         0.000803
23 Feb 2015 03:42:23.751        -0.001244         0.000074         0.000723
23 Feb 2015 03:45:02.647        -0.001303         0.000045         0.000639
23 Feb 2015 03:47:40.198        -0.001359         0.000016         0.000553
23 Feb 2015 03:50:16.099        -0.001414        -0.000015         0.000462
23 Feb 2015 03:52:40.443        -0.001462        -0.000044         0.000373
23 Feb 2015 03:55:12.732        -0.001510        -0.000076         0.000274
23 Feb 2015 03:57:33.673        -0.001553        -0.000107         0.000175
23 Feb 2015 04:00:01.346        -0.001595        -0.000141         0.000065
23 Feb 2015 04:02:26.687        -0.001632        -0.000177        -0.000052
23 Feb 2015 04:04:38.742        -0.001661        -0.000211        -0.000166
23 Feb 2015 04:06:54.726        -0.001687        -0.000248        -0.000293
23 Feb 2015 04:09:18.639        -0.001706        -0.000290        -0.000437
23 Feb 2015 04:11:39.307        -0.001715        -0.000332        -0.000589
23 Feb 2015 04:13:56.714        -0.001713        -0.000376        -0.000750
23 Feb 2015 04:16:10.895        -0.001699        -0.000420        -0.000918
23 Feb 2015 04:18:21.928        -0.001669        -0.000465        -0.001093
23 Feb 2015 04:20:29.934        -0.001622        -0.000510        -0.001274
23 Feb 2015 04:22:35.038        -0.001556        -0.000554        -0.001461
23 Feb 2015 04:24:34.976        -0.001471        -0.000597        -0.001646
23 Feb 2015 04:26:30.267        -0.001365        -0.000636        -0.001830
23 Feb 2015 04:28:21.359        -0.001240        -0.000672        -0.002008
23 Feb 2015 04:30:08.614        -0.001093        -0.000705        -0.002180
23 Feb 2015 04:31:52.342        -0.000926        -0.000732        -0.002342
23 Feb 2015 04:33:32.816        -0.000738        -0.000754        -0.002491
23 Feb 2015 04:35:10.286        -0.000532        -0.000770        -0.002625
23 Feb 2015 04:36:45.003        -0.000308        -0.000780        -0.002740
23 Feb 2015 04:38:17.155        -0.000068        -0.000782        -0.002835
23 Feb 2015 04:39:29.555         0.000134        -0.000778        -0.002894
23 Feb 2015 04:40:41.914         0.000346        -0.000769        -0.002938
23 Feb 2015 04:41:55.761         0.000573        -0.000753        -0.002964
23 Feb 2015 04:43:14.680         0.000825        -0.000730        -0.002970
23 Feb 2015 04:44:34.950         0.001086        -0.000698        -0.002949
23 Feb 2015 04:45:55.416         0.001351        -0.000659        -0.002900
23 Feb 2015 04:47:15.634         0.001613        -0.000612        -0.002822
23 Feb 2015 04:48:35.482         0.001867        -0.000557        -0.002714
23 Feb 2015 04:49:53.979         0.002107        -0.000497        -0.002579
23 Feb 2015 04:51:09.710         0.002323        -0.000433        -0.002422
23 Feb 2015 04:52:23.280         0.002516        -0.000366        -0.002247
23 Feb 2015 04:53:37.967         0.002691        -0.000295        -0.002049
23 Feb 2015 04:54:54.054         0.002844        -0.000220        -0.001830
23 Feb 2015 04:56:10.320         0.002971        -0.000144        -0.001596
23 Feb 2015 04:57:28.089         0.003070        -0.000066        -0.001346
23 Feb 2015 04:58:46.161         0.003140         0.000011        -0.001088
23 Feb 2015 04:59:47.011         0.003173         0.000070        -0.000886
23 Feb 2015 05:00:48.168         0.003187         0.000127        -0.000682
23 Feb 2015 05:02:04.681         0.003181         0.000194        -0.000432
23 Feb 2015 05:03:20.965         0.003149         0.000257        -0.000190
23 Feb 2015 05:04:36.139         0.003095         0.000314         0.000038
23 Feb 2015 05:05:38.191         0.003035         0.000357         0.000218
23 Feb 2015 05:06:40.345         0.002963         0.000396         0.000388
23 Feb 2015 05:08:02.303         0.002852         0.000442         0.000597
23 Feb 2015 05:09:29.931         0.002717         0.000484         0.000799
23 Feb 2015 05:10:59.827         0.002565         0.000520         0.000984
23 Feb 2015 05:12:32.213         0.002400         0.000549         0.001150
23 Feb 2015 05:14:07.277         0.002223         0.000572         0.001297
23 Feb 2015 05:15:45.199         0.002039         0.000589         0.001424
23 Feb 2015 05:17:26.151         0.001849         0.000599         0.001531
23 Feb 2015 05:19:10.297         0.001656         0.000604         0.001618
23 Feb 2015 05:20:57.800         0.001463         0.000604         0.001686
23 Feb 2015 05:22:48.820         0.001272         0.000599         0.001736
23 Feb 2015 05:24:43.519         0.001084         0.000590         0.001770
23 Feb 2015 05:26:42.069         0.000901         0.000577         0.001788
23 Feb 2015 05:28:44.653         0.000724         0.000561         0.001792
23 Feb 2015 05:30:51.481         0.000554         0.000542         0.001783
23 Feb 2015 05:33:02.799         0.000392         0.000521         0.001763
23 Feb 2015 05:35:18.300         0.000237         0.000498         0.001733
23 Feb 2015 05:37:36.988         0.000093         0.000473         0.001695
23 Feb 2015 05:39:58.826        -0.000043         0.000448         0.001650
23 Feb 2015 05:41:59.133        -0.000149         0.000426         0.001608
23 Feb 2015 05:43:59.144        -0.000247         0.000404         0.001564
23 Feb 2015 05:46:15.241        -0.000350         0.000380         0.001512
23 Feb 2015 05:48:38.019        -0.000450         0.000355         0.001455
23 Feb 2015 05:51:05.679        -0.000546         0.000329         0.001395
23 Feb 2015 05:53:37.172        -0.000637         0.000303         0.001331
23 Feb 2015 05:56:11.846        -0.000724         0.000276         0.001266
23 Feb 2015 05:58:49.208        -0.000806         0.000250         0.001198
23 Feb 2015 06:01:28.490        -0.000885         0.000223         0.001128
23 Feb 2015 06:04:08.584        -0.000959         0.000196         0.001057
23 Feb 2015 06:06:49.168        -0.001030         0.000169         0.000983
23 Feb 2015 06:09:29.891        -0.001098         0.000142         0.000909
23 Feb 2015 06:12:10.398        -0.001163         0.000115         0.000831
23 Feb 2015 06:14:50.340        -0.001225         0.000087         0.000752
23 Feb 2015 06:17:29.368        -0.001285         0.000059         0.000670
23 Feb 2015 06:20:07.155        -0.001343         0.000030         0.000584
23 Feb 2015 06:22:43.384        -0.001398        -0.000000         0.000495
23 Feb 2015 06:24:16.036        -0.001430        -0.000018         0.000439
23 Feb 2015 06:25:49.190        -0.001462        -0.000037         0.000381
23 Feb 2015 06:28:23.535        -0.001512        -0.000070         0.000280
23 Feb 2015 06:30:57.478        -0.001559        -0.000104         0.000172
23 Feb 2015 06:33:24.232        -0.001600        -0.000138         0.000062
23 Feb 2015 06:35:49.093        -0.001638        -0.000174        -0.000056
23 Feb 2015 06:38:00.299        -0.001667        -0.000208        -0.000170
23 Feb 2015 06:40:17.563        -0.001693        -0.000245        -0.000298
23 Feb 2015 06:42:41.071        -0.001712        -0.000287        -0.000443
23 Feb 2015 06:45:01.334        -0.001721        -0.000330        -0.000597
23 Feb 2015 06:47:18.340        -0.001719        -0.000373        -0.000758
23 Feb 2015 06:49:32.126        -0.001703        -0.000418        -0.000926
23 Feb 2015 06:51:42.772        -0.001673        -0.000463        -0.001102
23 Feb 2015 06:53:50.401        -0.001625        -0.000508        -0.001284
23 Feb 2015 06:55:54.982        -0.001558        -0.000553        -0.001471
23 Feb 2015 06:57:54.450        -0.001472        -0.000595        -0.001657
23 Feb 2015 06:59:49.315        -0.001366        -0.000635        -0.001840
23 Feb 2015 07:01:40.020        -0.001239        -0.000671        -0.002019
23 Feb 2015 07:03:26.922        -0.001092        -0.000704        -0.002190
23 Feb 2015 07:05:10.326        -0.000923        -0.000732        -0.002351
23 Feb 2015 07:06:50.504        -0.000735        -0.000754        -0.002500
23 Feb 2015 07:08:27.703        -0.000528        -0.000770        -0.002633
23 Feb 2015 07:10:02.249        -0.000303        -0.000780        -0.002748
23 Feb 2015 07:11:34.177        -0.000063        -0.000782        -0.002842
23 Feb 2015 07:12:45.552         0.000137        -0.000779        -0.002899
23 Feb 2015 07:13:56.886         0.000348        -0.000770        -0.002942
23 Feb 2015 07:15:10.851         0.000576        -0.000755        -0.002967
23 Feb 2015 07:16:29.716         0.000828        -0.000733        -0.002972
23 Feb 2015 07:17:49.928         0.001090        -0.000702        -0.002951
23 Feb 2015 07:19:10.338         0.001354        -0.000663        -0.002901
23 Feb 2015 07:20:30.513         0.001616        -0.000616        -0.002822
23 Feb 2015 07:21:50.322         0.001871        -0.000562        -0.002713
23 Feb 2015 07:23:08.709         0.002109        -0.000502        -0.002577
23 Feb 2015 07:24:24.287         0.002325        -0.000439        -0.002420
23 Feb 2015 07:25:37.868         0.002518        -0.000373        -0.002244
23 Feb 2015 07:26:52.776         0.002693        -0.000302        -0.002046
23 Feb 2015 07:28:08.848         0.002845        -0.000227        -0.001826
23 Feb 2015 07:29:25.376         0.002972        -0.000151        -0.001591
23 Feb 2015 07:30:43.229         0.003071        -0.000074        -0.001341
23 Feb 2015 07:32:01.358         0.003139         0.000003        -0.001083
23 Feb 2015 07:32:54.146         0.003168         0.000054        -0.000907
23 Feb 2015 07:33:47.313         0.003184         0.000104        -0.000730
23 Feb 2015 07:35:03.917         0.003183         0.000172        -0.000479
23 Feb 2015 07:36:20.337         0.003155         0.000236        -0.000235
23 Feb 2015 07:37:35.902         0.003105         0.000294        -0.000004
23 Feb 2015 07:38:22.792         0.003063         0.000327         0.000134
23 Feb 2015 07:39:09.913         0.003014         0.000359         0.000267
23 Feb 2015 07:40:24.915         0.002922         0.000405         0.000467
23 Feb 2015 07:41:50.586         0.002799         0.000451         0.000677
23 Feb 2015 07:43:19.162         0.002658         0.000491         0.000873
23 Feb 2015 07:44:50.109         0.002501         0.000524         0.001050
23 Feb 2015 07:46:23.625         0.002331         0.000551         0.001209
23 Feb 2015 07:47:59.894         0.002151         0.000572         0.001348
23 Feb 2015 07:49:39.091         0.001964         0.000587         0.001466
23 Feb 2015 07:51:21.386         0.001773         0.000596         0.001565
23 Feb 2015 07:53:06.941         0.001580         0.000599         0.001645
23 Feb 2015 07:54:55.915         0.001388         0.000598         0.001706
23 Feb 2015 07:56:48.468         0.001198         0.000592         0.001749
23 Feb 2015 07:58:44.766         0.001012         0.000582         0.001777
23 Feb 2015 08:00:44.980         0.000832         0.000568         0.001789
23 Feb 2015 08:02:49.305         0.000658         0.000551         0.001788
23 Feb 2015 08:04:57.962         0.000491         0.000532         0.001775
23 Feb 2015 08:07:11.217         0.000332         0.000511         0.001751
23 Feb 2015 08:09:27.982         0.000181         0.000487         0.001718
23 Feb 2015 08:11:47.922         0.000040         0.000463         0.001678
23 Feb 2015 08:13:52.867        -0.000076         0.000441         0.001637
23 Feb 2015 08:15:57.365        -0.000183         0.000419         0.001593
23 Feb 2015 08:18:04.928        -0.000284         0.000396         0.001545
23 Feb 2015 08:20:23.791        -0.000387         0.000372         0.001491
23 Feb 2015 08:22:48.549        -0.000486         0.000347         0.001433
23 Feb 2015 08:25:17.711        -0.000580         0.000321         0.001372
23 Feb 2015 08:27:50.419        -0.000670         0.000295         0.001308
23 Feb 2015 08:30:26.092        -0.000755         0.000269         0.001242
23 Feb 2015 08:33:04.271        -0.000836         0.000243         0.001173
23 Feb 2015 08:35:43.730        -0.000913         0.000216         0.001103
23 Feb 2015 08:38:23.867        -0.000986         0.000190         0.001031
23 Feb 2015 08:41:04.347        -0.001057         0.000163         0.000957
23 Feb 2015 08:43:44.818        -0.001124         0.000136         0.000882
23 Feb 2015 08:46:24.928        -0.001188         0.000108         0.000804
23 Feb 2015 08:49:04.328        -0.001250         0.000081         0.000723
23 Feb 2015 08:51:42.680        -0.001310         0.000052         0.000639
23 Feb 2015 08:54:19.661        -0.001367         0.000023         0.000552
23 Feb 2015 08:56:54.972        -0.001422        -0.000007         0.000461
23 Feb 2015 08:59:22.817        -0.001472        -0.000037         0.000369
23 Feb 2015 09:01:10.828        -0.001507        -0.000060         0.000298
23 Feb 2015 09:02:58.456        -0.001541        -0.000083         0.000224
23 Feb 2015 09:05:28.342        -0.001586        -0.000117         0.000115
23 Feb 2015 09:07:54.923        -0.001626        -0.000153        -0.000001
23 Feb 2015 09:09:16.571        -0.001646        -0.000173        -0.000069
23 Feb 2015 09:10:38.175        -0.001665        -0.000194        -0.000140
23 Feb 2015 09:13:00.780        -0.001693        -0.000233        -0.000272
23 Feb 2015 09:15:24.625        -0.001714        -0.000274        -0.000416
23 Feb 2015 09:17:45.229        -0.001725        -0.000317        -0.000568
23 Feb 2015 09:20:02.577        -0.001726        -0.000361        -0.000728
23 Feb 2015 09:22:16.699        -0.001713        -0.000405        -0.000896
23 Feb 2015 09:24:27.667        -0.001685        -0.000450        -0.001071
23 Feb 2015 09:26:35.596        -0.001641        -0.000496        -0.001252
23 Feb 2015 09:28:40.650        -0.001578        -0.000541        -0.001438
23 Feb 2015 09:30:40.761        -0.001496        -0.000584        -0.001625
23 Feb 2015 09:32:36.204        -0.001393        -0.000625        -0.001809
23 Feb 2015 09:34:27.433        -0.001270        -0.000662        -0.001989
23 Feb 2015 09:36:14.817        -0.001126        -0.000696        -0.002162
23 Feb 2015 09:37:58.667        -0.000962        -0.000725        -0.002325
23 Feb 2015 09:39:39.259        -0.000777        -0.000749        -0.002477
23 Feb 2015 09:41:16.843        -0.000573        -0.000767        -0.002613
23 Feb 2015 09:42:49.944        -0.000355        -0.000779        -0.002729
23 Feb 2015 09:44:22.232        -0.000118        -0.000783        -0.002827
23 Feb 2015 09:45:40.955         0.000101        -0.000781        -0.002894
23 Feb 2015 09:46:59.653         0.000332        -0.000773        -0.002943
23 Feb 2015 09:48:11.497         0.000553        -0.000759        -0.002969
23 Feb 2015 09:49:30.099         0.000804        -0.000738        -0.002975
23 Feb 2015 09:50:50.184         0.001065        -0.000708        -0.002956
23 Feb 2015 09:52:10.549         0.001330        -0.000671        -0.002908
23 Feb 2015 09:53:30.713         0.001593        -0.000625        -0.002831
23 Feb 2015 09:54:50.585         0.001848        -0.000573        -0.002724
23 Feb 2015 09:56:09.078         0.002088        -0.000514        -0.002590
23 Feb 2015 09:57:24.815         0.002306        -0.000451        -0.002435
23 Feb 2015 09:58:38.469         0.002501        -0.000386        -0.002261
23 Feb 2015 09:59:53.296         0.002677        -0.000316        -0.002064
23 Feb 2015 10:01:09.513         0.002832        -0.000242        -0.001845
23 Feb 2015 10:02:26.036         0.002961        -0.000167        -0.001611
23 Feb 2015 10:03:43.836         0.003062        -0.000089        -0.001362
23 Feb 2015 10:05:01.955         0.003133        -0.000013        -0.001104
23 Feb 2015 10:06:02.155         0.003167         0.000045        -0.000904
23 Feb 2015 10:07:02.632         0.003183         0.000101        -0.000703
23 Feb 2015 10:08:18.212         0.003179         0.000168        -0.000456
23 Feb 2015 10:09:34.658         0.003150         0.000232        -0.000213
23 Feb 2015 10:10:50.129         0.003098         0.000289         0.000016
23 Feb 2015 10:11:45.774         0.003046         0.000329         0.000178
23 Feb 2015 10:12:41.579         0.002984         0.000365         0.000332
23 Feb 2015 10:14:00.548         0.002882         0.000412         0.000537
23 Feb 2015 10:15:27.784         0.002753         0.000456         0.000744
23 Feb 2015 10:16:57.223         0.002606         0.000494         0.000933
23 Feb 2015 10:18:29.108         0.002444         0.000526         0.001104
23 Feb 2015 10:20:03.628         0.002271         0.000551         0.001256
23 Feb 2015 10:21:40.964         0.002089         0.000571         0.001388
23 Feb 2015 10:23:21.287         0.001901         0.000584         0.001500
23 Feb 2015 10:25:04.764         0.001709         0.000592         0.001592
23 Feb 2015 10:26:51.556         0.001516         0.000594         0.001665
23 Feb 2015 10:28:41.821         0.001325         0.000592         0.001721
23 Feb 2015 10:30:35.718         0.001136         0.000585         0.001759
23 Feb 2015 10:32:33.414         0.000953         0.000574         0.001781
23 Feb 2015 10:34:35.088         0.000774         0.000560         0.001789
23 Feb 2015 10:36:40.937         0.000603         0.000543         0.001784
23 Feb 2015 10:38:51.196         0.000438         0.000523         0.001767
23 Feb 2015 10:41:05.866         0.000282         0.000502         0.001740
23 Feb 2015 10:43:23.707         0.000135         0.000479         0.001705
23 Feb 2015 10:45:44.696        -0.000003         0.000455         0.001662
23 Feb 2015 10:47:14.237        -0.000085         0.000439         0.001632
23 Feb 2015 10:48:43.263        -0.000161         0.000423         0.001601
23 Feb 2015 10:50:52.118        -0.000266         0.000401         0.001554
23 Feb 2015 10:53:09.493        -0.000368         0.000377         0.001501
23 Feb 2015 10:55:33.387        -0.000468         0.000353         0.001444
23 Feb 2015 10:58:01.866        -0.000563         0.000327         0.001383
23 Feb 2015 11:00:33.990        -0.000654         0.000302         0.001320
23 Feb 2015 11:03:09.147        -0.000740         0.000276         0.001254
23 Feb 2015 11:05:46.863        -0.000823         0.000250         0.001186
23 Feb 2015 11:08:26.019        -0.000901         0.000224         0.001116
23 Feb 2015 11:11:05.891        -0.000975         0.000197         0.001044
23 Feb 2015 11:13:46.145        -0.001046         0.000171         0.000971
23 Feb 2015 11:16:26.435        -0.001114         0.000144         0.000896
23 Feb 2015 11:19:06.408        -0.001179         0.000117         0.000818
23 Feb 2015 11:21:45.715        -0.001242         0.000089         0.000738
23 Feb 2015 11:24:24.018        -0.001302         0.000061         0.000655
23 Feb 2015 11:27:00.994        -0.001360         0.000032         0.000568
23 Feb 2015 11:29:36.346        -0.001416         0.000002         0.000478
23 Feb 2015 11:31:33.008        -0.001456        -0.000021         0.000406
23 Feb 2015 11:33:29.912        -0.001495        -0.000045         0.000331
23 Feb 2015 11:35:49.346        -0.001540        -0.000075         0.000236
23 Feb 2015 11:38:17.706        -0.001585        -0.000109         0.000128
23 Feb 2015 11:40:43.500        -0.001626        -0.000144         0.000013
23 Feb 2015 11:42:33.792        -0.001654        -0.000172        -0.000079
23 Feb 2015 11:44:24.041        -0.001678        -0.000200        -0.000177
23 Feb 2015 11:46:49.741        -0.001705        -0.000241        -0.000316
23 Feb 2015 11:49:12.320        -0.001724        -0.000283        -0.000462
23 Feb 2015 11:51:31.648        -0.001732        -0.000326        -0.000617
23 Feb 2015 11:53:47.728        -0.001729        -0.000370        -0.000780
23 Feb 2015 11:56:00.604        -0.001712        -0.000415        -0.000951
23 Feb 2015 11:58:10.361        -0.001679        -0.000460        -0.001128
23 Feb 2015 12:00:17.127        -0.001629        -0.000506        -0.001311
23 Feb 2015 12:02:20.472        -0.001560        -0.000551        -0.001499
23 Feb 2015 12:04:18.825        -0.001472        -0.000593        -0.001685
23 Feb 2015 12:06:12.684        -0.001363        -0.000634        -0.001868
23 Feb 2015 12:08:02.471        -0.001233        -0.000670        -0.002046
23 Feb 2015 12:09:48.533        -0.001083        -0.000703        -0.002216
23 Feb 2015 12:11:31.167        -0.000912        -0.000732        -0.002377
23 Feb 2015 12:13:10.639        -0.000720        -0.000754        -0.002524
23 Feb 2015 12:14:47.193        -0.000511        -0.000771        -0.002655
23 Feb 2015 12:16:21.187        -0.000283        -0.000781        -0.002767
23 Feb 2015 12:17:52.581        -0.000041        -0.000784        -0.002858
23 Feb 2015 12:18:59.691         0.000149        -0.000781        -0.002910
23 Feb 2015 12:20:06.734         0.000348        -0.000774        -0.002949
23 Feb 2015 12:21:21.051         0.000579        -0.000760        -0.002974
23 Feb 2015 12:22:39.780         0.000831        -0.000738        -0.002977
23 Feb 2015 12:23:59.872         0.001093        -0.000708        -0.002954
23 Feb 2015 12:25:20.176         0.001358        -0.000671        -0.002903
23 Feb 2015 12:26:40.275         0.001620        -0.000625        -0.002822
23 Feb 2015 12:28:00.013         0.001874        -0.000572        -0.002712
23 Feb 2015 12:29:18.188         0.002112        -0.000514        -0.002575
23 Feb 2015 12:30:33.507         0.002327        -0.000452        -0.002417
23 Feb 2015 12:31:47.153         0.002519        -0.000387        -0.002241
23 Feb 2015 12:33:02.483         0.002694        -0.000316        -0.002040
23 Feb 2015 12:34:18.593         0.002846        -0.000243        -0.001820
23 Feb 2015 12:35:35.604         0.002972        -0.000167        -0.001583
23 Feb 2015 12:36:53.583         0.003070        -0.000090        -0.001332
23 Feb 2015 12:38:11.830         0.003138        -0.000014        -0.001074
23 Feb 2015 12:39:12.423         0.003169         0.000044        -0.000873
23 Feb 2015 12:40:13.237         0.003183         0.000100        -0.000671
23 Feb 2015 12:41:28.645         0.003175         0.000166        -0.000426
23 Feb 2015 12:42:45.092         0.003143         0.000229        -0.000184
23 Feb 2015 12:44:00.391         0.003088         0.000286         0.000043
23 Feb 2015 12:45:03.554         0.003027         0.000330         0.000224
23 Feb 2015 12:46:06.804         0.002954         0.000370         0.000396
23 Feb 2015 12:47:29.538         0.002842         0.000417         0.000604
23 Feb 2015 12:48:57.538         0.002706         0.000460         0.000805
23 Feb 2015 12:50:27.832         0.002555         0.000497         0.000989
23 Feb 2015 12:52:00.637         0.002389         0.000527         0.001153
23 Feb 2015 12:53:36.139         0.002213         0.000551         0.001299
23 Feb 2015 12:55:14.516         0.002029         0.000569         0.001424
23 Feb 2015 12:56:55.935         0.001840         0.000581         0.001530
23 Feb 2015 12:58:40.561         0.001648         0.000587         0.001616
23 Feb 2015 13:00:28.553         0.001456         0.000589         0.001683
23 Feb 2015 13:02:20.068         0.001265         0.000586         0.001733
23 Feb 2015 13:04:15.267         0.001078         0.000578         0.001766
23 Feb 2015 13:06:14.318         0.000896         0.000567         0.001783
23 Feb 2015 13:08:17.403         0.000720         0.000552         0.001787
23 Feb 2015 13:10:24.731         0.000551         0.000535         0.001778
23 Feb 2015 13:12:36.545         0.000389         0.000515         0.001759
23 Feb 2015 13:14:52.246         0.000236         0.000494         0.001729
23 Feb 2015 13:17:11.106         0.000092         0.000471         0.001691
23 Feb 2015 13:19:33.074        -0.000043         0.000447         0.001647
23 Feb 2015 13:21:33.910        -0.000149         0.000426         0.001606
23 Feb 2015 13:23:34.464        -0.000248         0.000405         0.001562
23 Feb 2015 13:25:50.889        -0.000351         0.000382         0.001510
23 Feb 2015 13:28:13.917        -0.000452         0.000358         0.001453
23 Feb 2015 13:30:41.742        -0.000548         0.000333         0.001393
23 Feb 2015 13:33:13.315        -0.000640         0.000308         0.001331
23 Feb 2015 13:35:47.986        -0.000727         0.000282         0.001265
23 Feb 2015 13:38:25.266        -0.000810         0.000256         0.001198
23 Feb 2015 13:41:04.130        -0.000889         0.000231         0.001128
23 Feb 2015 13:43:43.740        -0.000964         0.000204         0.001057
23 Feb 2015 13:46:23.771        -0.001036         0.000178         0.000984
23 Feb 2015 13:49:03.874        -0.001105         0.000152         0.000909
23 Feb 2015 13:51:43.700        -0.001171         0.000125         0.000832
23 Feb 2015 13:54:22.901        -0.001234         0.000097         0.000752
23 Feb 2015 13:57:01.139        -0.001295         0.000069         0.000669
23 Feb 2015 13:59:38.091        -0.001354         0.000041         0.000583
23 Feb 2015 14:02:13.454        -0.001410         0.000011         0.000493
23 Feb 2015 14:04:30.739        -0.001458        -0.000016         0.000409
23 Feb 2015 14:06:48.126        -0.001505        -0.000044         0.000320
23 Feb 2015 14:09:22.429        -0.001554        -0.000078         0.000213
23 Feb 2015 14:11:49.359        -0.001599        -0.000112         0.000104
23 Feb 2015 14:14:16.180        -0.001639        -0.000147        -0.000014
23 Feb 2015 14:16:08.478        -0.001667        -0.000176        -0.000110
23 Feb 2015 14:18:00.722        -0.001691        -0.000206        -0.000212
23 Feb 2015 14:20:25.333        -0.001716        -0.000247        -0.000353
23 Feb 2015 14:22:46.790        -0.001732        -0.000289        -0.000503
23 Feb 2015 14:25:04.995        -0.001738        -0.000333        -0.000660
23 Feb 2015 14:25:56.294        -0.001737        -0.000349        -0.000722
