                                               7 May 2026 20:38:14
Satellite-MAVEN:  Yaw, Pitch, & Roll Angles


       Time (UTCG)          Yaw (deg)    Pitch (deg)    Roll (deg)
------------------------    ---------    -----------    ----------
11 Feb 2015 12:00:00.000      167.206        -55.718      -135.485
11 Feb 2015 12:01:00.000      164.733        -55.718      -135.485
11 Feb 2015 12:01:58.303      162.393        -55.719      -135.486
11 Feb 2015 12:03:04.694      159.808        -55.719      -135.486
11 Feb 2015 12:04:07.254      157.448        -55.719      -135.486
11 Feb 2015 12:05:06.123      155.294        -55.720      -135.486
11 Feb 2015 12:05:55.740      153.527        -55.720      -135.487
11 Feb 2015 12:06:45.331      151.806        -55.720      -135.487
11 Feb 2015 12:07:51.794      149.566        -55.721      -135.487
11 Feb 2015 12:09:05.582      147.166        -55.721      -135.488
11 Feb 2015 12:10:26.501      144.633        -55.722      -135.488
11 Feb 2015 12:11:51.086      142.089        -55.722      -135.488
11 Feb 2015 12:13:19.324      139.540        -55.723      -135.489
11 Feb 2015 12:14:50.250      137.015        -55.724      -135.489
11 Feb 2015 12:16:23.037      134.536        -55.724      -135.490
11 Feb 2015 12:17:57.775      132.096        -55.725      -135.490
11 Feb 2015 12:19:34.678      129.685        -55.726      -135.491
11 Feb 2015 12:21:14.036      127.292        -55.726      -135.491
11 Feb 2015 12:22:56.182      124.904        -55.727      -135.492
11 Feb 2015 12:24:41.476      122.511        -55.728      -135.493
11 Feb 2015 12:26:30.291      120.099        -55.728      -135.493
11 Feb 2015 12:28:24.551      117.624        -55.729      -135.494
11 Feb 2015 12:30:25.405      115.059        -55.730      -135.495
11 Feb 2015 12:32:33.484      112.388        -55.731      -135.495
11 Feb 2015 12:34:42.587      109.734        -55.732      -135.496
11 Feb 2015 12:36:51.308      107.116        -55.733      -135.497
11 Feb 2015 12:38:56.857      104.581        -55.733      -135.498
11 Feb 2015 12:40:50.819      102.289        -55.734      -135.498
11 Feb 2015 12:42:47.173       99.954        -55.735      -135.499
11 Feb 2015 12:45:04.414       97.198        -55.736      -135.500
11 Feb 2015 12:47:35.395       94.158        -55.737      -135.501
11 Feb 2015 12:50:19.543       90.833        -55.738      -135.502
11 Feb 2015 12:53:16.422       87.217        -55.739      -135.503
11 Feb 2015 12:56:25.976       83.296        -55.740      -135.504
11 Feb 2015 12:59:48.327       79.049        -55.742      -135.506
11 Feb 2015 13:03:21.191       74.507        -55.743      -135.507
11 Feb 2015 13:06:59.300       69.774        -55.745      -135.509
11 Feb 2015 13:10:41.196       64.880        -55.746      -135.510
11 Feb 2015 13:14:24.569       59.885        -55.747      -135.512
11 Feb 2015 13:18:05.528       54.890        -55.749      -135.513
11 Feb 2015 13:20:16.496       51.912        -55.750      -135.514
11 Feb 2015 13:22:27.024       48.938        -55.751      -135.515
11 Feb 2015 13:25:52.852       44.249        -55.752      -135.516
11 Feb 2015 13:29:42.439       39.041        -55.753      -135.518
11 Feb 2015 13:33:56.196       33.348        -55.755      -135.520
11 Feb 2015 13:38:30.474       27.314        -55.757      -135.522
11 Feb 2015 13:43:23.569       21.049        -55.758      -135.524
11 Feb 2015 13:48:34.148       14.663        -55.760      -135.526
11 Feb 2015 13:54:01.029        8.254        -55.762      -135.528
11 Feb 2015 13:59:42.971        1.912        -55.764      -135.531
11 Feb 2015 14:05:38.606       -4.296        -55.767      -135.533
11 Feb 2015 14:11:46.389      -10.320        -55.769      -135.536
11 Feb 2015 14:18:04.606      -16.136        -55.771      -135.539
11 Feb 2015 14:24:29.588      -21.713        -55.773      -135.541
11 Feb 2015 14:30:38.833      -26.790        -55.775      -135.544
11 Feb 2015 14:36:32.602      -31.453        -55.778      -135.547
11 Feb 2015 14:42:14.306      -35.817        -55.779      -135.549
11 Feb 2015 14:47:33.053      -39.800        -55.781      -135.551
11 Feb 2015 14:51:26.030      -42.679        -55.783      -135.553
11 Feb 2015 14:55:19.455      -45.553        -55.784      -135.555
11 Feb 2015 14:59:17.613      -48.489        -55.785      -135.556
11 Feb 2015 15:03:39.849      -51.747        -55.787      -135.558
11 Feb 2015 15:08:10.170      -55.158        -55.788      -135.560
11 Feb 2015 15:12:42.488      -58.679        -55.790      -135.562
11 Feb 2015 15:17:12.580      -62.290        -55.791      -135.564
11 Feb 2015 15:21:37.479      -65.986        -55.793      -135.566
11 Feb 2015 15:25:55.048      -69.768        -55.794      -135.568
11 Feb 2015 15:30:03.750      -73.644        -55.796      -135.569
11 Feb 2015 15:34:02.037      -77.616        -55.797      -135.571
11 Feb 2015 15:37:49.465      -81.696        -55.798      -135.572
11 Feb 2015 15:41:26.433      -85.910        -55.799      -135.574
11 Feb 2015 15:44:52.417      -90.259        -55.801      -135.575
11 Feb 2015 15:48:07.350      -94.747        -55.802      -135.577
11 Feb 2015 15:50:52.872      -98.889        -55.803      -135.578
11 Feb 2015 15:53:38.230     -103.377        -55.803      -135.579
11 Feb 2015 15:56:08.832     -107.806        -55.804      -135.580
11 Feb 2015 15:58:25.492     -112.136        -55.805      -135.580
11 Feb 2015 16:00:30.075     -116.362        -55.806      -135.581
11 Feb 2015 16:02:28.364     -120.634        -55.806      -135.582
11 Feb 2015 16:04:21.824     -124.977        -55.807      -135.583
11 Feb 2015 16:06:10.821     -129.376        -55.808      -135.583
11 Feb 2015 16:07:55.699     -133.815        -55.808      -135.584
11 Feb 2015 16:09:36.794     -138.276        -55.809      -135.584
11 Feb 2015 16:11:14.428     -142.738        -55.809      -135.585
11 Feb 2015 16:12:48.897     -147.179        -55.810      -135.585
11 Feb 2015 16:14:20.470     -151.578        -55.810      -135.586
11 Feb 2015 16:15:49.380     -155.914        -55.811      -135.586
11 Feb 2015 16:17:15.826     -160.166        -55.811      -135.587
11 Feb 2015 16:18:39.971     -164.313        -55.812      -135.587
11 Feb 2015 16:19:53.723     -167.937        -55.812      -135.588
11 Feb 2015 16:20:51.488     -170.756        -55.813      -135.588
11 Feb 2015 16:21:49.259     -173.552        -55.813      -135.588
11 Feb 2015 16:22:52.407     -176.571        -55.813      -135.589
11 Feb 2015 16:24:00.853     -179.792        -55.814      -135.589
11 Feb 2015 16:25:12.084      176.923        -55.814      -135.589
11 Feb 2015 16:26:27.392      173.535        -55.815      -135.590
11 Feb 2015 16:27:35.548      170.550        -55.815      -135.590
11 Feb 2015 16:28:37.301      167.917        -55.815      -135.590
11 Feb 2015 16:29:35.716      165.490        -55.816      -135.590
11 Feb 2015 16:30:34.062      163.131        -55.816      -135.591
11 Feb 2015 16:31:38.713      160.592        -55.817      -135.591
11 Feb 2015 16:32:39.807      158.267        -55.817      -135.591
11 Feb 2015 16:33:40.647      156.020        -55.817      -135.592
11 Feb 2015 16:34:33.081      154.140        -55.818      -135.592
11 Feb 2015 16:35:25.461      152.311        -55.818      -135.592
11 Feb 2015 16:36:27.718      150.200        -55.818      -135.592
11 Feb 2015 16:37:39.414      147.850        -55.819      -135.593
11 Feb 2015 16:38:58.316      145.361        -55.819      -135.593
11 Feb 2015 16:40:21.988      142.823        -55.820      -135.594
11 Feb 2015 16:41:49.183      140.283        -55.821      -135.594
11 Feb 2015 16:43:19.649      137.751        -55.821      -135.594
11 Feb 2015 16:44:52.007      135.265        -55.822      -135.595
11 Feb 2015 16:46:26.295      132.820        -55.822      -135.595
11 Feb 2015 16:48:02.699      130.406        -55.823      -135.596
11 Feb 2015 16:49:41.491      128.012        -55.824      -135.597
11 Feb 2015 16:51:22.991      125.628        -55.824      -135.597
11 Feb 2015 16:53:07.555      123.240        -55.825      -135.598
11 Feb 2015 16:54:55.554      120.836        -55.826      -135.598
11 Feb 2015 16:56:48.128      118.389        -55.827      -135.599
11 Feb 2015 16:58:47.154      115.854        -55.827      -135.600
11 Feb 2015 17:00:53.230      113.217        -55.828      -135.600
11 Feb 2015 17:03:02.340      110.557        -55.829      -135.601
11 Feb 2015 17:05:11.591      107.924        -55.830      -135.602
11 Feb 2015 17:07:18.813      105.352        -55.831      -135.603
11 Feb 2015 17:08:59.743      103.321        -55.832      -135.603
11 Feb 2015 17:10:40.607      101.296        -55.832      -135.604
11 Feb 2015 17:12:50.144       98.695        -55.833      -135.605
11 Feb 2015 17:15:13.781       95.805        -55.834      -135.606
11 Feb 2015 17:17:51.162       92.623        -55.835      -135.607
11 Feb 2015 17:20:41.425       89.152        -55.836      -135.608
11 Feb 2015 17:23:44.371       85.382        -55.837      -135.609
11 Feb 2015 17:27:00.036       81.292        -55.839      -135.610
11 Feb 2015 17:30:28.590       76.863        -55.840      -135.612
11 Feb 2015 17:34:04.636       72.193        -55.842      -135.613
11 Feb 2015 17:37:45.394       67.337        -55.843      -135.615
11 Feb 2015 17:41:29.080       62.339        -55.844      -135.616
11 Feb 2015 17:45:12.848       57.274        -55.846      -135.618
11 Feb 2015 17:48:51.545       52.281        -55.847      -135.619
11 Feb 2015 17:52:11.571       47.695        -55.848      -135.621
11 Feb 2015 17:55:28.437       43.183        -55.850      -135.622
11 Feb 2015 17:59:22.542       37.849        -55.851      -135.624
11 Feb 2015 18:03:38.922       32.082        -55.853      -135.626
11 Feb 2015 18:08:15.751       25.988        -55.854      -135.628
11 Feb 2015 18:13:11.213       19.685        -55.856      -135.630
11 Feb 2015 18:18:23.986       13.282        -55.858      -135.632
11 Feb 2015 18:23:52.855        6.879        -55.860      -135.634
11 Feb 2015 18:29:36.547        0.561        -55.862      -135.637
11 Feb 2015 18:35:33.646       -5.607        -55.864      -135.639
11 Feb 2015 18:41:42.567      -11.581        -55.867      -135.642
11 Feb 2015 18:48:01.565      -17.342        -55.869      -135.645
11 Feb 2015 18:54:21.925      -22.792        -55.871      -135.647
11 Feb 2015 19:00:26.892      -27.763        -55.873      -135.650
11 Feb 2015 19:06:16.290      -32.334        -55.875      -135.653
11 Feb 2015 19:11:53.377      -36.614        -55.877      -135.655
11 Feb 2015 19:16:33.706      -40.106        -55.879      -135.657
11 Feb 2015 19:20:19.619      -42.894        -55.880      -135.659
11 Feb 2015 19:24:05.976      -45.677        -55.882      -135.660
11 Feb 2015 19:28:05.190      -48.624        -55.883      -135.662
11 Feb 2015 19:32:26.561      -51.871        -55.884      -135.664
11 Feb 2015 19:36:55.841      -55.271        -55.886      -135.666
11 Feb 2015 19:41:26.967      -58.780        -55.887      -135.668
11 Feb 2015 19:45:55.779      -62.381        -55.889      -135.670
11 Feb 2015 19:50:19.350      -66.067        -55.890      -135.671
11 Feb 2015 19:54:35.577      -69.842        -55.892      -135.673
11 Feb 2015 19:58:42.943      -73.713        -55.893      -135.675
11 Feb 2015 20:02:40.101      -77.684        -55.894      -135.677
11 Feb 2015 20:06:26.482      -81.769        -55.896      -135.678
11 Feb 2015 20:10:02.366      -85.988        -55.897      -135.679
11 Feb 2015 20:13:27.170      -90.343        -55.898      -135.681
11 Feb 2015 20:16:40.991      -94.841        -55.899      -135.682
11 Feb 2015 20:19:25.060      -98.981        -55.900      -135.683
11 Feb 2015 20:22:08.986     -103.467        -55.901      -135.684
11 Feb 2015 20:24:38.394     -107.899        -55.902      -135.685
11 Feb 2015 20:26:54.073     -112.235        -55.902      -135.686
11 Feb 2015 20:28:57.833     -116.469        -55.903      -135.687
11 Feb 2015 20:30:55.531     -120.756        -55.904      -135.687
11 Feb 2015 20:32:48.471     -125.116        -55.904      -135.688
11 Feb 2015 20:34:37.008     -129.533        -55.905      -135.689
11 Feb 2015 20:36:21.480     -133.991        -55.906      -135.689
11 Feb 2015 20:38:01.548     -138.440        -55.906      -135.690
11 Feb 2015 20:39:38.882     -142.919        -55.907      -135.690
11 Feb 2015 20:41:13.090     -147.376        -55.907      -135.691
11 Feb 2015 20:42:44.431     -151.790        -55.908      -135.691
11 Feb 2015 20:44:13.135     -156.138        -55.908      -135.692
11 Feb 2015 20:45:39.395     -160.398        -55.909      -135.692
11 Feb 2015 20:47:03.372     -164.552        -55.909      -135.693
11 Feb 2015 20:48:25.201     -168.582        -55.910      -135.693
11 Feb 2015 20:49:17.773     -171.151        -55.910      -135.693
11 Feb 2015 20:50:10.345     -173.698        -55.910      -135.694
11 Feb 2015 20:51:13.934     -176.742        -55.911      -135.694
11 Feb 2015 20:52:22.256     -179.959        -55.911      -135.694
11 Feb 2015 20:53:33.507      176.755        -55.911      -135.695
11 Feb 2015 20:54:41.056      173.713        -55.912      -135.695
11 Feb 2015 20:55:49.266      170.721        -55.912      -135.695
11 Feb 2015 20:56:51.063      168.081        -55.913      -135.696
11 Feb 2015 20:57:49.726      165.642        -55.913      -135.696
11 Feb 2015 20:58:48.421      163.266        -55.913      -135.696
11 Feb 2015 20:59:53.084      160.726        -55.914      -135.697
11 Feb 2015 21:00:54.275      158.396        -55.914      -135.697
11 Feb 2015 21:01:55.580      156.133        -55.915      -135.697
11 Feb 2015 21:02:49.826      154.189        -55.915      -135.697
11 Feb 2015 21:03:44.020      152.300        -55.915      -135.698
11 Feb 2015 21:04:45.451      150.222        -55.916      -135.698
11 Feb 2015 21:05:56.969      147.884        -55.916      -135.698
11 Feb 2015 21:07:15.648      145.407        -55.917      -135.699
11 Feb 2015 21:08:39.304      142.876        -55.917      -135.699
11 Feb 2015 21:10:06.477      140.343        -55.918      -135.700
11 Feb 2015 21:11:36.987      137.817        -55.918      -135.700
11 Feb 2015 21:13:09.412      135.335        -55.919      -135.701
11 Feb 2015 21:14:43.787      132.894        -55.920      -135.701
11 Feb 2015 21:16:20.295      130.484        -55.920      -135.702
11 Feb 2015 21:17:59.204      128.094        -55.921      -135.702
11 Feb 2015 21:19:40.838      125.713        -55.922      -135.703
11 Feb 2015 21:21:25.550      123.328        -55.922      -135.703
11 Feb 2015 21:23:13.713      120.926        -55.923      -135.704
11 Feb 2015 21:25:06.269      118.485        -55.924      -135.705
11 Feb 2015 21:27:05.287      115.955        -55.925      -135.705
11 Feb 2015 21:29:11.355      113.323        -55.926      -135.706
11 Feb 2015 21:31:20.636      110.663        -55.927      -135.707
11 Feb 2015 21:33:30.124      108.027        -55.927      -135.708
11 Feb 2015 21:35:37.712      105.450        -55.928      -135.708
11 Feb 2015 21:37:14.767      103.498        -55.929      -135.709
11 Feb 2015 21:38:51.726      101.550        -55.930      -135.710
11 Feb 2015 21:40:59.718       98.979        -55.930      -135.710
11 Feb 2015 21:43:21.912       96.117        -55.931      -135.711
11 Feb 2015 21:45:58.024       92.957        -55.932      -135.712
11 Feb 2015 21:48:47.078       89.507        -55.933      -135.713
11 Feb 2015 21:51:48.833       85.755        -55.935      -135.715
11 Feb 2015 21:55:03.297       81.682        -55.936      -135.716
11 Feb 2015 21:58:30.627       77.267        -55.937      -135.717
11 Feb 2015 22:02:06.678       72.583        -55.939      -135.719
11 Feb 2015 22:05:47.648       67.704        -55.940      -135.720
11 Feb 2015 22:09:31.864       62.671        -55.942      -135.722
11 Feb 2015 22:13:16.675       57.556        -55.943      -135.723
11 Feb 2015 22:16:57.420       52.486        -55.944      -135.725
11 Feb 2015 22:20:22.903       47.746        -55.946      -135.726
11 Feb 2015 22:23:28.749       43.459        -55.947      -135.728
11 Feb 2015 22:27:19.673       38.162        -55.948      -135.729
11 Feb 2015 22:31:32.819       32.427        -55.950      -135.731
11 Feb 2015 22:36:06.865       26.350        -55.952      -135.733
11 Feb 2015 22:40:59.778       20.053        -55.953      -135.735
11 Feb 2015 22:46:10.171       13.650        -55.955      -135.737
11 Feb 2015 22:51:36.792        7.242        -55.957      -135.740
11 Feb 2015 22:57:18.351        0.917        -55.959      -135.742
11 Feb 2015 23:03:13.440       -5.257        -55.962      -135.745
11 Feb 2015 23:09:20.481      -11.237        -55.964      -135.747
11 Feb 2015 23:15:37.739      -17.001        -55.966      -135.750
11 Feb 2015 23:21:57.736      -22.468        -55.968      -135.753
11 Feb 2015 23:28:02.463      -27.451        -55.970      -135.756
11 Feb 2015 23:33:51.812      -32.031        -55.972      -135.758
11 Feb 2015 23:39:29.592      -36.324        -55.974      -135.761
11 Feb 2015 23:44:43.852      -40.236        -55.976      -135.763
11 Feb 2015 23:48:27.507      -42.992        -55.977      -135.764
11 Feb 2015 23:52:11.619      -45.746        -55.979      -135.766
11 Feb 2015 23:56:10.189      -48.683        -55.980      -135.768
12 Feb 2015 00:00:30.469      -51.914        -55.982      -135.770
12 Feb 2015 00:04:58.607      -55.299        -55.983      -135.772
12 Feb 2015 00:09:28.567      -58.795        -55.985      -135.773
12 Feb 2015 00:13:56.204      -62.383        -55.986      -135.775
12 Feb 2015 00:18:18.617      -66.057        -55.988      -135.777
12 Feb 2015 00:22:33.711      -69.822        -55.989      -135.779
12 Feb 2015 00:26:39.980      -73.685        -55.990      -135.781
12 Feb 2015 00:30:36.285      -77.655        -55.992      -135.782
12 Feb 2015 00:34:21.887      -81.741        -55.993      -135.784
12 Feb 2015 00:37:56.818      -85.960        -55.994      -135.785
12 Feb 2015 00:41:20.724      -90.318        -55.995      -135.787
12 Feb 2015 00:44:33.713      -94.821        -55.996      -135.788
12 Feb 2015 00:47:16.785      -98.961        -55.997      -135.789
12 Feb 2015 00:49:59.731     -103.449        -55.998      -135.790
12 Feb 2015 00:52:28.327     -107.886        -55.999      -135.791
12 Feb 2015 00:54:43.347     -112.230        -55.999      -135.792
12 Feb 2015 00:56:46.563     -116.476        -56.000      -135.793
12 Feb 2015 00:58:43.796     -120.777        -56.001      -135.793
12 Feb 2015 01:00:36.331     -125.152        -56.001      -135.794
12 Feb 2015 01:02:24.514     -129.587        -56.002      -135.795
12 Feb 2015 01:04:08.674     -134.062        -56.003      -135.795
12 Feb 2015 01:05:45.762     -138.406        -56.003      -135.796
12 Feb 2015 01:07:22.934     -142.902        -56.004      -135.796
12 Feb 2015 01:08:57.015     -147.377        -56.004      -135.797
12 Feb 2015 01:10:28.249     -151.808        -56.005      -135.797
12 Feb 2015 01:11:56.861     -156.171        -56.005      -135.798
12 Feb 2015 01:13:23.043     -160.445        -56.006      -135.798
12 Feb 2015 01:14:46.952     -164.610        -56.006      -135.799
12 Feb 2015 01:16:08.722     -168.648        -56.007      -135.799
12 Feb 2015 01:17:03.651     -171.339        -56.007      -135.799
12 Feb 2015 01:17:58.581     -174.004        -56.007      -135.800
12 Feb 2015 01:19:02.006     -177.042        -56.008      -135.800
12 Feb 2015 01:20:10.388      179.739        -56.008      -135.800
12 Feb 2015 01:21:21.803      176.450        -56.009      -135.801
12 Feb 2015 01:22:28.305      173.460        -56.009      -135.801
12 Feb 2015 01:23:35.529      170.516        -56.009      -135.801
12 Feb 2015 01:24:37.424      167.878        -56.010      -135.802
12 Feb 2015 01:25:36.067      165.446        -56.010      -135.802
12 Feb 2015 01:26:34.620      163.083        -56.010      -135.802
12 Feb 2015 01:27:39.472      160.544        -56.011      -135.802
12 Feb 2015 01:28:40.893      158.214        -56.011      -135.803
12 Feb 2015 01:29:42.069      155.965        -56.012      -135.803
12 Feb 2015 01:30:35.662      154.053        -56.012      -135.803
12 Feb 2015 01:31:29.208      152.194        -56.012      -135.804
12 Feb 2015 01:32:31.198      150.106        -56.013      -135.804
12 Feb 2015 01:33:42.905      147.772        -56.013      -135.804
12 Feb 2015 01:35:01.788      145.300        -56.014      -135.805
12 Feb 2015 01:36:25.624      142.776        -56.014      -135.805
12 Feb 2015 01:37:53.000      140.250        -56.015      -135.805
12 Feb 2015 01:39:23.670      137.732        -56.016      -135.806
12 Feb 2015 01:40:56.276      135.258        -56.016      -135.806
12 Feb 2015 01:42:30.861      132.824        -56.017      -135.807
12 Feb 2015 01:44:07.608      130.419        -56.017      -135.807
12 Feb 2015 01:45:46.790      128.034        -56.018      -135.808
12 Feb 2015 01:47:28.731      125.656        -56.019      -135.809
12 Feb 2015 01:49:13.786      123.273        -56.020      -135.809
12 Feb 2015 01:51:02.330      120.872        -56.020      -135.810
12 Feb 2015 01:52:55.237      118.432        -56.021      -135.810
12 Feb 2015 01:54:54.649      115.901        -56.022      -135.811
12 Feb 2015 01:57:01.156      113.267        -56.023      -135.812
12 Feb 2015 01:59:10.656      110.608        -56.024      -135.813
12 Feb 2015 02:01:20.341      107.973        -56.024      -135.813
12 Feb 2015 02:03:28.075      105.396        -56.025      -135.814
12 Feb 2015 02:05:06.883      103.409        -56.026      -135.815
12 Feb 2015 02:06:45.615      101.426        -56.027      -135.816
12 Feb 2015 02:08:54.501       98.836        -56.027      -135.816
12 Feb 2015 02:11:17.556       95.952        -56.028      -135.817
12 Feb 2015 02:13:54.476       92.770        -56.029      -135.818
12 Feb 2015 02:16:44.334       89.294        -56.031      -135.819
12 Feb 2015 02:19:46.892       85.512        -56.032      -135.821
12 Feb 2015 02:23:02.171       81.404        -56.033      -135.822
12 Feb 2015 02:26:30.323       76.947        -56.034      -135.823
12 Feb 2015 02:30:07.248       72.215        -56.036      -135.825
12 Feb 2015 02:33:49.089       67.285        -56.037      -135.826
12 Feb 2015 02:37:34.154       62.198        -56.039      -135.828
12 Feb 2015 02:41:19.769       57.028        -56.040      -135.829
12 Feb 2015 02:45:01.236       51.906        -56.042      -135.831
12 Feb 2015 02:48:27.250       47.123        -56.043      -135.833
12 Feb 2015 02:51:34.194       42.786        -56.044      -135.834
12 Feb 2015 02:55:25.974       37.442        -56.045      -135.835
12 Feb 2015 02:59:39.995       31.664        -56.047      -135.837
12 Feb 2015 03:04:14.898       25.553        -56.049      -135.839
12 Feb 2015 03:09:08.625       19.234        -56.051      -135.841
12 Feb 2015 03:14:19.758       12.822        -56.052      -135.844
12 Feb 2015 03:19:47.021        6.418        -56.054      -135.846
12 Feb 2015 03:25:29.094        0.110        -56.057      -135.848
12 Feb 2015 03:31:24.538       -6.038        -56.059      -135.851
12 Feb 2015 03:37:31.760      -11.984        -56.061      -135.854
12 Feb 2015 03:43:49.001      -17.710        -56.063      -135.856
12 Feb 2015 03:50:05.814      -23.098        -56.065      -135.859
12 Feb 2015 03:56:07.582       -1.110        -53.462      -128.012
12 Feb 2015 04:01:53.971       70.152        -36.780      -123.222
12 Feb 2015 04:07:28.544       70.151        -36.783      -123.224
12 Feb 2015 04:12:07.105       70.150        -36.785      -123.225
12 Feb 2015 04:15:52.757       70.149        -36.787      -123.226
12 Feb 2015 04:19:38.831       70.149        -36.789      -123.227
12 Feb 2015 04:23:35.502       70.148        -36.791      -123.228
12 Feb 2015 04:27:54.588       70.147        -36.793      -123.229
12 Feb 2015 04:32:21.532       70.146        -36.795      -123.231
12 Feb 2015 04:36:50.340       70.145        -36.798      -123.232
12 Feb 2015 04:41:16.873       70.145        -36.800      -123.233
12 Feb 2015 04:45:38.231       70.144        -36.802      -123.234
12 Feb 2015 04:49:52.321       70.143        -36.804      -123.235
12 Feb 2015 04:53:57.643       70.142        -36.806      -123.236
12 Feb 2015 04:57:53.149       70.142        -36.808      -123.237
12 Feb 2015 05:01:38.139       70.141        -36.810      -123.238
12 Feb 2015 05:05:12.292       70.140        -36.811      -123.239
12 Feb 2015 05:08:35.476       70.140        -36.813      -123.240
12 Feb 2015 05:11:47.805       70.139        -36.814      -123.241
12 Feb 2015 05:14:30.155       70.139        -36.816      -123.242
12 Feb 2015 05:17:12.392       70.139        -36.817      -123.243
12 Feb 2015 05:19:40.406       70.138        -36.818      -123.243
12 Feb 2015 05:21:54.962       70.138        -36.819      -123.244
12 Feb 2015 05:23:57.805       70.138        -36.820      -123.244
12 Feb 2015 05:25:54.651       70.137        -36.821      -123.245
12 Feb 2015 05:27:46.849       70.137        -36.822      -123.245
12 Feb 2015 05:29:34.742       70.137        -36.823      -123.246
12 Feb 2015 05:31:18.651       70.137        -36.824      -123.246
12 Feb 2015 05:32:54.548       70.137        -36.824      -123.247
12 Feb 2015 05:34:31.562       70.137        -36.825      -123.247
12 Feb 2015 05:36:05.509       70.137        -36.826      -123.247
12 Feb 2015 05:37:36.627       70.137        -36.826      -123.248
12 Feb 2015 05:39:05.140       70.137        -36.827      -123.248
12 Feb 2015 05:40:31.235       70.136        -36.828      -123.249
12 Feb 2015 05:41:55.069       70.136        -36.828      -123.249
12 Feb 2015 05:43:16.774       70.136        -36.829      -123.249
12 Feb 2015 05:44:13.420       70.136        -36.830      -123.249
12 Feb 2015 05:45:10.062       70.136        -36.830      -123.250
12 Feb 2015 05:46:13.249       70.136        -36.830      -123.250
12 Feb 2015 05:47:21.638       70.136        -36.831      -123.250
12 Feb 2015 05:48:33.186       70.136        -36.831      -123.250
12 Feb 2015 05:49:38.912       70.136        -36.832      -123.251
12 Feb 2015 05:50:45.380       70.136        -36.832      -123.251
12 Feb 2015 05:51:47.442       70.136        -36.833      -123.251
12 Feb 2015 05:52:46.209       70.136        -36.833      -123.251
12 Feb 2015 05:53:44.754       70.136        -36.834      -123.252
12 Feb 2015 05:54:49.901       70.136        -36.834      -123.252
12 Feb 2015 05:55:51.656       70.136        -36.835      -123.252
12 Feb 2015 05:56:52.741       70.136        -36.835      -123.252
12 Feb 2015 05:57:45.578       70.136        -36.836      -123.252
12 Feb 2015 05:58:38.374       70.136        -36.836      -123.252
12 Feb 2015 05:59:40.846       70.136        -36.837      -123.253
12 Feb 2015 06:00:52.693       70.136        -36.837      -123.253
12 Feb 2015 06:02:11.740       70.136        -36.838      -123.253
12 Feb 2015 06:03:35.738       70.136        -36.839      -123.253
12 Feb 2015 06:05:03.297       70.136        -36.839      -123.254
12 Feb 2015 06:06:34.117       70.136        -36.840      -123.254
12 Feb 2015 06:08:06.896       70.136        -36.841      -123.254
12 Feb 2015 06:09:41.680       70.135        -36.842      -123.254
12 Feb 2015 06:11:18.657       70.135        -36.842      -123.255
12 Feb 2015 06:12:58.099       70.135        -36.843      -123.255
12 Feb 2015 06:14:40.332       70.135        -36.844      -123.255
12 Feb 2015 06:16:25.714       70.135        -36.845      -123.256
12 Feb 2015 06:18:14.622       70.135        -36.846      -123.256
12 Feb 2015 06:20:07.851       70.134        -36.847      -123.256
12 Feb 2015 06:22:07.621       70.134        -36.848      -123.257
12 Feb 2015 06:24:14.525       70.134        -36.849      -123.257
12 Feb 2015 06:26:24.243       70.134        -36.850      -123.258
12 Feb 2015 06:28:34.132       70.133        -36.851      -123.258
12 Feb 2015 06:30:42.032       70.133        -36.853      -123.259
12 Feb 2015 06:32:21.963       70.133        -36.853      -123.259
12 Feb 2015 06:34:01.818       70.133        -36.854      -123.259
12 Feb 2015 06:36:11.301       70.132        -36.855      -123.260
12 Feb 2015 06:38:34.966       70.132        -36.857      -123.261
12 Feb 2015 06:41:12.479       70.132        -36.858      -123.261
12 Feb 2015 06:44:02.923       70.131        -36.860      -123.262
12 Feb 2015 06:47:06.076       70.131        -36.861      -123.263
12 Feb 2015 06:50:21.954       70.130        -36.863      -123.263
12 Feb 2015 06:53:50.709       70.130        -36.865      -123.264
12 Feb 2015 06:57:28.418       70.129        -36.867      -123.265
12 Feb 2015 07:01:11.063       70.128        -36.869      -123.266
12 Feb 2015 07:04:56.946       70.128        -36.871      -123.267
12 Feb 2015 07:08:43.399       70.127        -36.873      -123.268
12 Feb 2015 07:12:25.730       70.127        -36.874      -123.269
12 Feb 2015 07:15:52.754       70.126        -36.876      -123.270
12 Feb 2015 07:18:59.227       70.125        -36.878      -123.270
12 Feb 2015 07:22:51.380       70.125        -36.880      -123.271
12 Feb 2015 07:27:05.800       70.124        -36.882      -123.273
12 Feb 2015 07:31:41.130       70.123        -36.884      -123.274
12 Feb 2015 07:36:35.272       70.122        -36.887      -123.275
12 Feb 2015 07:41:46.782       70.121        -36.890      -123.276
12 Feb 2015 07:47:14.348       70.120        -36.892      -123.278
12 Feb 2015 07:52:56.626       70.119        -36.895      -123.279
12 Feb 2015 07:58:52.151       13.210        -53.117      -128.996
12 Feb 2015 08:04:59.308      -12.600        -56.158      -135.960
12 Feb 2015 08:11:16.333      -18.293        -56.160      -135.963
12 Feb 2015 08:17:30.332      -23.613        -56.162      -135.966
12 Feb 2015 08:23:29.483      -28.471        -56.164      -135.968
12 Feb 2015 08:29:13.260      -32.939        -56.166      -135.971
12 Feb 2015 08:34:45.080      -37.128        -56.168      -135.973
12 Feb 2015 08:39:20.010      -40.536        -56.170      -135.975
12 Feb 2015 08:42:57.704      -43.212        -56.171      -135.977
12 Feb 2015 08:46:35.840      -45.886        -56.172      -135.978
12 Feb 2015 08:50:33.366      -48.805        -56.173      -135.980
12 Feb 2015 08:54:51.512      -52.007        -56.175      -135.982
12 Feb 2015 08:59:17.419      -55.363        -56.176      -135.984
12 Feb 2015 09:03:45.076      -58.831        -56.178      -135.986
12 Feb 2015 09:08:10.395      -62.393        -56.179      -135.988
12 Feb 2015 09:12:30.509      -66.045        -56.181      -135.990
12 Feb 2015 09:16:43.354      -69.791        -56.182      -135.991
12 Feb 2015 09:20:47.444      -73.638        -56.184      -135.993
12 Feb 2015 09:24:41.750      -77.598        -56.185      -135.995
12 Feb 2015 09:28:25.606      -81.682        -56.186      -135.996
12 Feb 2015 09:31:58.654      -85.901        -56.187      -135.998
12 Feb 2015 09:35:20.794      -90.264        -56.188      -135.999
12 Feb 2015 09:38:32.148      -94.779        -56.189      -136.000
12 Feb 2015 09:41:13.277      -98.920        -56.190      -136.001
12 Feb 2015 09:43:54.310     -103.412        -56.191      -136.002
12 Feb 2015 09:46:21.316     -107.859        -56.192      -136.003
12 Feb 2015 09:48:35.042     -112.222        -56.193      -136.004
12 Feb 2015 09:50:37.192     -116.490        -56.193      -136.005
12 Feb 2015 09:52:33.512     -120.819        -56.194      -136.006
12 Feb 2015 09:54:25.248     -125.226        -56.195      -136.006
12 Feb 2015 09:56:12.732     -129.696        -56.195      -136.007
12 Feb 2015 09:57:44.305     -133.676        -56.196      -136.007
12 Feb 2015 09:59:17.908     -137.899        -56.196      -136.008
12 Feb 2015 10:00:55.082     -142.433        -56.197      -136.009
12 Feb 2015 10:02:29.198     -146.947        -56.197      -136.009
12 Feb 2015 10:04:00.480     -151.417        -56.198      -136.010
12 Feb 2015 10:05:29.150     -155.819        -56.198      -136.010
12 Feb 2015 10:06:55.399     -160.130        -56.199      -136.011
12 Feb 2015 10:08:19.383     -164.330        -56.199      -136.011
12 Feb 2015 10:09:41.235     -168.400        -56.200      -136.011
12 Feb 2015 10:10:42.422     -171.414        -56.200      -136.012
12 Feb 2015 10:11:43.607     -174.393        -56.200      -136.012
12 Feb 2015 10:12:45.642     -177.371        -56.201      -136.012
12 Feb 2015 10:13:53.886      179.413        -56.201      -136.013
12 Feb 2015 10:15:05.395      176.120        -56.202      -136.013
12 Feb 2015 10:16:10.941      173.177        -56.202      -136.013
12 Feb 2015 10:17:17.212      170.280        -56.202      -136.014
12 Feb 2015 10:18:19.386      167.638        -56.203      -136.014
12 Feb 2015 10:19:18.301      165.203        -56.203      -136.014
12 Feb 2015 10:20:16.945      162.847        -56.204      -136.015
12 Feb 2015 10:21:22.277      160.303        -56.204      -136.015
12 Feb 2015 10:22:24.276      157.965        -56.204      -136.015
12 Feb 2015 10:23:25.461      155.732        -56.205      -136.015
12 Feb 2015 10:24:18.483      153.853        -56.205      -136.016
12 Feb 2015 10:25:11.463      152.028        -56.205      -136.016
12 Feb 2015 10:26:13.976      149.938        -56.206      -136.016
12 Feb 2015 10:27:25.867      147.617        -56.206      -136.017
12 Feb 2015 10:28:44.956      145.160        -56.207      -136.017
12 Feb 2015 10:30:09.060      142.649        -56.207      -136.017
12 Feb 2015 10:31:36.737      140.137        -56.208      -136.018
12 Feb 2015 10:33:07.675      137.634        -56.209      -136.018
12 Feb 2015 10:34:40.594      135.174        -56.209      -136.019
12 Feb 2015 10:36:15.542      132.752        -56.210      -136.019
12 Feb 2015 10:37:52.709      130.358        -56.211      -136.020
12 Feb 2015 10:39:32.368      127.981        -56.211      -136.021
12 Feb 2015 10:41:14.845      125.610        -56.212      -136.021
12 Feb 2015 10:43:00.499      123.232        -56.213      -136.022
12 Feb 2015 10:44:49.707      120.834        -56.213      -136.022
12 Feb 2015 10:46:43.148      118.397        -56.214      -136.023
12 Feb 2015 10:48:43.162      115.869        -56.215      -136.024
12 Feb 2015 10:50:50.338      113.234        -56.216      -136.025
12 Feb 2015 10:53:00.258      110.577        -56.217      -136.025
12 Feb 2015 10:55:10.361      107.941        -56.218      -136.026
12 Feb 2015 10:57:18.497      105.360        -56.218      -136.027
12 Feb 2015 10:58:57.961      103.362        -56.219      -136.028
12 Feb 2015 11:00:37.359      101.366        -56.220      -136.028
12 Feb 2015 11:02:46.784       98.763        -56.221      -136.029
12 Feb 2015 11:05:10.420       95.861        -56.222      -136.030
12 Feb 2015 11:07:47.938       92.656        -56.223      -136.031
12 Feb 2015 11:10:38.402       89.151        -56.224      -136.032
12 Feb 2015 11:13:41.587       85.331        -56.225      -136.033
12 Feb 2015 11:16:57.496       81.177        -56.226      -136.035
12 Feb 2015 11:20:26.278       76.665        -56.228      -136.036
12 Feb 2015 11:24:04.533       71.853        -56.229      -136.038
12 Feb 2015 11:27:47.801       66.831        -56.230      -136.039
12 Feb 2015 11:31:34.417       61.643        -56.232      -136.041
12 Feb 2015 11:35:21.766       56.364        -56.233      -136.042
12 Feb 2015 11:39:05.311       51.126        -56.235      -136.044
12 Feb 2015 11:42:06.480       46.865        -56.236      -136.045
12 Feb 2015 11:45:07.436       42.614        -56.237      -136.047
12 Feb 2015 11:48:54.534       37.314        -56.238      -136.048
12 Feb 2015 11:53:04.959       99.080        -38.111       173.094
12 Feb 2015 11:57:36.836      137.488        -47.097       142.801
12 Feb 2015 12:00:00.000      136.576        -44.932       144.422
12 Feb 2015 12:01:00.000      136.169        -44.014       145.068
12 Feb 2015 12:04:57.567      134.504        -40.341       147.448
12 Feb 2015 12:10:17.263      134.139        -35.333       150.346
12 Feb 2015 12:15:49.553      158.304        -29.987       152.884
12 Feb 2015 12:21:36.151      159.421        -24.365       155.327
12 Feb 2015 12:27:35.402      160.269        -18.482       157.645
12 Feb 2015 12:31:12.898      160.650        -14.902       158.972
12 Feb 2015 12:32:12.898      160.739        -13.913       159.329
12 Feb 2015 12:36:23.575      161.040         -9.778       160.793
12 Feb 2015 12:42:41.142      161.289         -3.549       162.932
12 Feb 2015 12:48:40.437      161.309          2.362       164.932
12 Feb 2015 12:54:24.666      161.136          7.995       166.854
12 Feb 2015 12:59:58.075      160.782         13.413       168.756
12 Feb 2015 13:05:08.996      160.276         18.427       170.599
12 Feb 2015 13:08:57.604      159.785         22.089       172.017
12 Feb 2015 13:12:46.634      159.179         25.736       173.510
12 Feb 2015 13:16:37.331      158.440         29.389       175.107
12 Feb 2015 13:20:52.124      157.448         33.401       177.010
12 Feb 2015 13:25:14.776      156.193         37.513       179.171
12 Feb 2015 13:29:39.394      154.635         41.633      -178.385
12 Feb 2015 13:34:01.852      152.716         45.696      -175.608
12 Feb 2015 13:38:19.268      150.358         49.657      -172.421
12 Feb 2015 13:42:29.573      147.458         53.473      -168.722
12 Feb 2015 13:46:31.277      143.877         57.106      -164.369
12 Feb 2015 13:50:23.345      139.436         60.507      -159.181
12 Feb 2015 13:54:05.106      133.910         63.617      -152.931
12 Feb 2015 13:57:36.193      127.049         66.353      -145.364
12 Feb 2015 14:00:56.498      118.635         68.610      -136.261
12 Feb 2015 14:04:06.132      108.624         70.259      -125.574
12 Feb 2015 14:06:45.977       98.628         71.112      -114.987
12 Feb 2015 14:09:25.729       87.585         71.319      -103.328
12 Feb 2015 14:11:51.600       77.199         70.844       -92.353
12 Feb 2015 14:14:04.322       68.081         69.825       -82.674
12 Feb 2015 14:16:05.577       60.395         68.411       -74.452
12 Feb 2015 14:18:00.615       53.850         66.663       -67.373
12 Feb 2015 14:19:51.138       48.299         64.637       -61.283
12 Feb 2015 14:21:37.473       43.623         62.387       -56.061
12 Feb 2015 14:23:19.931       39.689         59.957       -51.574
12 Feb 2015 14:24:58.818       36.372         57.381       -47.693
12 Feb 2015 14:26:34.430       33.564         54.683       -44.310
12 Feb 2015 14:28:07.041       31.177         51.881       -41.334
12 Feb 2015 14:29:36.899       29.138         48.991       -38.692
12 Feb 2015 14:31:04.218       27.392         46.026       -36.326
12 Feb 2015 14:32:29.179       25.893         42.997       -34.190
12 Feb 2015 14:33:51.932       24.604         39.916       -32.246
12 Feb 2015 14:35:12.605       23.498         36.795       -30.465
12 Feb 2015 14:36:11.779       22.774         34.438       -29.223
12 Feb 2015 14:37:10.939       22.119         32.027       -28.029
12 Feb 2015 14:38:12.779       21.505         29.455       -26.828
12 Feb 2015 14:39:21.731       20.900         26.532       -25.541
12 Feb 2015 14:40:24.822       20.417         23.813       -24.405
12 Feb 2015 14:41:19.825       20.048         21.414       -23.446
12 Feb 2015 14:42:07.846       19.764         19.304       -22.630
12 Feb 2015 14:42:56.106       19.513         17.171       -21.828
12 Feb 2015 14:43:43.589       19.298         15.064       -21.056
12 Feb 2015 14:44:31.331       19.114         12.941       -20.294
12 Feb 2015 14:45:14.936       18.972         11.002       -19.610
12 Feb 2015 14:46:01.360       18.848          8.941       -18.894
12 Feb 2015 14:46:50.366       18.746          6.774       -18.149
12 Feb 2015 14:47:39.611       18.673          4.609       -17.412
12 Feb 2015 14:48:37.121       18.623          2.102       -16.564
12 Feb 2015 14:49:28.976       18.611         -0.135       -15.811
12 Feb 2015 14:50:17.188       18.625         -2.191       -15.118
12 Feb 2015 14:51:15.052       18.673         -4.625       -14.296
12 Feb 2015 14:52:24.475       18.776         -7.490       -13.320
12 Feb 2015 14:53:41.471       18.945        -10.592       -12.249
12 Feb 2015 14:55:04.263       19.186        -13.832       -11.104
12 Feb 2015 14:56:30.504       19.503        -17.098        -9.917
12 Feb 2015 14:58:00.352       19.900        -20.378        -8.679
12 Feb 2015 14:59:32.209       20.376        -23.600        -7.407
12 Feb 2015 15:01:06.089       20.934        -26.760        -6.094
12 Feb 2015 15:02:42.156       21.581        -29.855        -4.729
12 Feb 2015 15:04:20.663       22.324        -32.889        -3.300
12 Feb 2015 15:06:01.923       23.176        -35.867        -1.790
12 Feb 2015 15:07:46.281       24.151        -38.792        -0.182
12 Feb 2015 15:09:34.109       25.269        -41.670         1.549
12 Feb 2015 15:11:25.793       26.553        -44.503         3.431
12 Feb 2015 15:13:23.684       28.063        -47.340         5.533
12 Feb 2015 15:15:28.576       29.854        -50.182         7.914
12 Feb 2015 15:17:37.424       31.933        -52.946        10.570
12 Feb 2015 15:19:46.702       34.290        -55.551        13.473
12 Feb 2015 15:21:54.575       36.925        -57.967        16.624
12 Feb 2015 15:23:24.610       38.986        -59.571        19.035
12 Feb 2015 15:24:54.524       41.232        -61.092        21.620
12 Feb 2015 15:26:56.225       44.604        -63.018        25.436
12 Feb 2015 15:29:13.187       48.904        -64.993        30.220
12 Feb 2015 15:31:44.419       54.341        -66.918        36.173
12 Feb 2015 15:34:28.660       61.122        -68.669        43.496
12 Feb 2015 15:37:25.508       69.428        -70.112        52.368
12 Feb 2015 15:40:34.883       79.268        -71.086        62.797
12 Feb 2015 15:43:56.868       90.302        -71.430        74.445
12 Feb 2015 15:47:31.252      101.761        -71.019        86.544
12 Feb 2015 15:51:10.983      112.391        -69.856        97.821
12 Feb 2015 15:54:54.658      121.589        -68.051       107.673
12 Feb 2015 15:58:40.073      129.168        -65.753       115.909
12 Feb 2015 16:02:23.611      135.219        -63.130       122.613
12 Feb 2015 16:05:17.729      139.096        -60.908       127.003
12 Feb 2015 16:08:11.547      142.371        -58.572       130.793
12 Feb 2015 16:11:40.780      145.669        -55.634       134.720
12 Feb 2015 16:15:37.917      148.729        -52.174       138.504
12 Feb 2015 16:19:57.326      151.432        -48.264       142.020
12 Feb 2015 16:24:36.334      153.762        -43.944       145.250
12 Feb 2015 16:29:33.134      155.731        -39.243       148.215
12 Feb 2015 16:34:46.282      157.368        -34.189       150.949
12 Feb 2015 16:40:14.394      158.698        -28.812       153.492
12 Feb 2015 16:45:56.016      159.746        -23.147       155.883
12 Feb 2015 16:51:49.593      160.533        -17.234       158.157
12 Feb 2015 16:57:53.424      161.071        -11.121       160.352
12 Feb 2015 17:04:01.034      161.368         -4.937       162.475
12 Feb 2015 17:09:54.541      161.437          0.997       164.472
12 Feb 2015 17:15:33.787      161.309          6.667       166.387
12 Feb 2015 17:20:59.918      161.003         12.084       168.260
12 Feb 2015 17:26:09.238      160.538         17.187       170.099
12 Feb 2015 17:30:08.508      160.050         21.108       171.585
12 Feb 2015 17:34:08.130      159.437         25.013       173.151
12 Feb 2015 17:37:43.986      158.763         28.512       174.647
12 Feb 2015 17:41:52.573      157.822         32.521       176.499
12 Feb 2015 17:46:09.749      156.627         36.646       178.602
12 Feb 2015 17:50:29.759      155.137         40.797      -179.018
12 Feb 2015 17:54:48.266      153.296         44.903      -176.314
12 Feb 2015 17:59:02.270      151.031         48.916      -173.214
12 Feb 2015 18:03:09.621      148.240         52.793      -169.619
12 Feb 2015 18:07:08.772      144.791         56.494      -165.393
12 Feb 2015 18:10:58.638      140.504         59.973      -160.355
12 Feb 2015 18:14:38.511      135.158         63.171      -154.280
12 Feb 2015 18:18:07.993      128.493         66.009      -146.906
12 Feb 2015 18:21:26.949      120.266         68.381      -137.987
12 Feb 2015 18:24:35.465      110.381         70.157      -127.423
12 Feb 2015 18:27:32.608       99.172         71.199      -115.551
12 Feb 2015 18:30:12.088       87.874         71.437      -103.630
12 Feb 2015 18:32:36.189       77.343         70.973       -92.511
12 Feb 2015 18:34:47.313       68.103         69.953       -82.710
12 Feb 2015 18:36:47.231       60.323         68.529       -74.393
12 Feb 2015 18:38:41.075       53.711         66.766       -67.248
12 Feb 2015 18:40:30.576       48.114         64.719       -61.112
12 Feb 2015 18:42:16.040       43.408         62.446       -55.861
12 Feb 2015 18:43:44.593       39.938         60.323       -51.910
12 Feb 2015 18:45:14.815       36.811         57.970       -48.270
12 Feb 2015 18:46:50.532       33.898         55.271       -44.784
12 Feb 2015 18:48:23.303       31.427         52.464       -41.727
12 Feb 2015 18:49:53.337       29.322         49.567       -39.021
12 Feb 2015 18:51:20.842       27.523         46.592       -36.606
12 Feb 2015 18:52:45.994       25.982         43.552       -34.431
12 Feb 2015 18:54:08.941       24.660         40.460       -32.457
12 Feb 2015 18:55:29.809       23.525         37.328       -30.653
12 Feb 2015 18:56:32.664       22.742         34.818       -29.323
12 Feb 2015 18:57:35.505       22.038         32.249       -28.050
12 Feb 2015 18:58:35.929       21.432         29.727       -26.874
12 Feb 2015 18:59:44.879       20.821         26.795       -25.584
12 Feb 2015 19:00:48.087       20.332         24.063       -24.446
12 Feb 2015 19:01:43.208       19.958         21.652       -23.484
12 Feb 2015 19:02:31.419       19.670         19.527       -22.665
12 Feb 2015 19:03:19.865       19.415         17.380       -21.861
12 Feb 2015 19:04:07.539       19.198         15.258       -21.087
12 Feb 2015 19:04:55.533       19.010         13.118       -20.323
12 Feb 2015 19:05:39.382       18.866         11.163       -19.637
12 Feb 2015 19:06:26.070       18.740          9.085       -18.919
12 Feb 2015 19:07:15.401       18.636          6.897       -18.171
12 Feb 2015 19:08:04.837       18.561          4.717       -17.434
12 Feb 2015 19:09:02.546       18.510          2.193       -16.586
12 Feb 2015 19:09:54.731       18.496         -0.065       -15.830
12 Feb 2015 19:10:43.521       18.510         -2.153       -15.132
12 Feb 2015 19:11:41.174       18.557         -4.585       -14.315
12 Feb 2015 19:12:50.672       18.660         -7.464       -13.342
12 Feb 2015 19:14:07.810       18.827        -10.584       -12.271
12 Feb 2015 19:15:30.622       19.069        -13.839       -11.129
12 Feb 2015 19:16:56.850       19.385        -17.120        -9.944
12 Feb 2015 19:18:26.883       19.783        -20.424        -8.705
12 Feb 2015 19:19:58.965       20.261        -23.673        -7.430
12 Feb 2015 19:21:33.100       20.823        -26.860        -6.112
12 Feb 2015 19:23:09.440       21.476        -29.985        -4.741
12 Feb 2015 19:24:48.228       22.227        -33.050        -3.302
12 Feb 2015 19:26:29.770       23.090        -36.058        -1.781
12 Feb 2015 19:28:14.405       24.079        -39.015        -0.156
12 Feb 2015 19:30:02.499       25.215        -41.924         1.595
12 Feb 2015 19:31:54.437       26.524        -44.789         3.502
12 Feb 2015 19:33:52.616       28.067        -47.660         5.639
12 Feb 2015 19:35:57.796       29.902        -50.535         8.068
12 Feb 2015 19:38:06.860       32.039        -53.329        10.783
12 Feb 2015 19:40:16.226       34.468        -55.961        13.760
12 Feb 2015 19:42:24.018       37.190        -58.397        17.000
12 Feb 2015 19:43:46.161       39.132        -59.875        19.262
12 Feb 2015 19:45:08.173       41.236        -61.283        21.679
12 Feb 2015 19:47:08.932       44.668        -63.225        25.556
12 Feb 2015 19:49:24.166       49.035        -65.205        30.405
12 Feb 2015 19:51:53.900       54.585        -67.137        36.472
12 Feb 2015 19:54:36.589       61.526        -68.888        43.956
12 Feb 2015 19:57:31.794       70.041        -70.316        53.038
12 Feb 2015 20:00:39.381       80.118        -71.256        63.707
12 Feb 2015 20:03:59.408       91.369        -71.540        75.574
12 Feb 2015 20:07:32.016      102.982        -71.044        87.831
12 Feb 2015 20:11:10.334      113.673        -69.782        99.174
12 Feb 2015 20:14:52.536      122.834        -67.872       108.994
12 Feb 2015 20:18:36.447      130.323        -65.474       117.146
12 Feb 2015 20:22:18.520      136.266        -62.756       123.749
12 Feb 2015 20:25:14.521      140.120        -60.425       128.130
12 Feb 2015 20:28:10.230      143.358        -57.978       131.898
12 Feb 2015 20:31:36.957      146.535        -54.979       135.708
12 Feb 2015 20:35:31.872      149.487        -51.447       139.392
12 Feb 2015 20:39:48.625      152.090        -47.467       142.815
12 Feb 2015 20:44:24.557      154.328        -43.081       145.962
12 Feb 2015 20:49:17.814      156.215        -38.319       148.854
12 Feb 2015 20:54:26.882      157.778        -33.212       151.525
12 Feb 2015 20:59:50.331      159.043        -27.792       154.014
12 Feb 2015 21:05:26.668      160.033        -22.095       156.358
12 Feb 2015 21:11:14.300      160.766        -16.163       158.593
12 Feb 2015 21:17:11.531      161.257        -10.042       160.755
12 Feb 2015 21:23:07.254      161.509         -3.944       162.824
12 Feb 2015 21:28:49.727      161.544          1.914       164.780
12 Feb 2015 21:34:18.364      161.389          7.510       166.662
12 Feb 2015 21:39:36.339      161.060         12.894       168.521
12 Feb 2015 21:44:34.727      160.578         17.912       170.331
12 Feb 2015 21:48:14.279      160.107         21.584       171.724
12 Feb 2015 21:51:54.236      159.525         25.244       173.190
12 Feb 2015 21:55:36.954      158.806         28.933       174.766
12 Feb 2015 21:59:42.803      157.840         32.985       176.644
12 Feb 2015 22:03:56.368      156.613         37.146       178.777
12 Feb 2015 22:08:11.949      155.084         41.321      -178.808
12 Feb 2015 22:12:25.557      153.194         45.445      -176.059
12 Feb 2015 22:16:34.396      150.864         49.471      -172.899
12 Feb 2015 22:20:36.453      147.987         53.357      -169.221
12 Feb 2015 22:24:30.290      144.420         57.061      -164.880
12 Feb 2015 22:28:14.906      139.973         60.535      -159.685
12 Feb 2015 22:31:49.666      134.408         63.715      -153.395
12 Feb 2015 22:35:14.232      127.453         66.517      -145.732
12 Feb 2015 22:38:28.520      118.863         68.828      -136.452
12 Feb 2015 22:41:32.658      108.577         70.508      -125.489
12 Feb 2015 22:44:23.343       97.190         71.412      -113.449
12 Feb 2015 22:46:57.236       85.866         71.516      -101.511
12 Feb 2015 22:49:16.702       75.434         70.933       -90.497
12 Feb 2015 22:51:23.914       66.372         69.814       -80.881
12 Feb 2015 22:53:20.460       58.799         68.312       -72.775
12 Feb 2015 22:55:12.280       52.339         66.469       -65.781
12 Feb 2015 22:56:59.995       46.891         64.351       -59.792
12 Feb 2015 22:58:43.867       42.323         62.014       -54.678
12 Feb 2015 23:00:13.392       38.881         59.783       -50.740
12 Feb 2015 23:01:43.956       35.816         57.333       -47.150
12 Feb 2015 23:03:18.432       33.017         54.579       -43.774
12 Feb 2015 23:04:50.080       30.644         51.723       -40.812
12 Feb 2015 23:06:19.105       28.624         48.780       -38.187
12 Feb 2015 23:07:45.693       26.900         45.763       -35.842
12 Feb 2015 23:09:10.004       25.424         42.687       -33.728
12 Feb 2015 23:10:32.171       24.160         39.564       -31.808
12 Feb 2015 23:11:52.314       23.077         36.405       -30.051
12 Feb 2015 23:12:44.678       22.444         34.286       -28.958
12 Feb 2015 23:13:37.002       21.867         32.128       -27.905
12 Feb 2015 23:14:40.158       21.240         29.474       -26.681
12 Feb 2015 23:15:50.602       20.625         26.458       -25.372
12 Feb 2015 23:16:53.244       20.150         23.735       -24.251
12 Feb 2015 23:17:45.926       19.799         21.420       -23.338
12 Feb 2015 23:18:33.821       19.518         19.300       -22.530
12 Feb 2015 23:19:21.824       19.270         17.164       -21.738
12 Feb 2015 23:20:10.284       19.053         15.000       -20.956
12 Feb 2015 23:20:56.982       18.875         12.912       -20.217
12 Feb 2015 23:21:41.123       18.733         10.938       -19.530
12 Feb 2015 23:22:28.377       18.609          8.829       -18.807
12 Feb 2015 23:23:16.888       18.510          6.673       -18.076
12 Feb 2015 23:24:07.721       18.438          4.428       -17.322
12 Feb 2015 23:24:59.928       18.394          2.140       -16.559
12 Feb 2015 23:25:51.962       18.381         -0.118       -15.809
12 Feb 2015 23:26:40.714       18.395         -2.209       -15.114
12 Feb 2015 23:27:39.086       18.444         -4.678       -14.290
12 Feb 2015 23:28:49.028       18.548         -7.583       -13.314
12 Feb 2015 23:30:06.661       18.719        -10.732       -12.240
12 Feb 2015 23:31:29.643       18.963        -14.003       -11.099
12 Feb 2015 23:32:56.028       19.283        -17.300        -9.914
12 Feb 2015 23:34:26.252       19.685        -20.622        -8.673
12 Feb 2015 23:35:58.650       20.170        -23.895        -7.394
12 Feb 2015 23:37:33.138       20.740        -27.108        -6.069
12 Feb 2015 23:39:09.859       21.402        -30.260        -4.688
12 Feb 2015 23:40:49.051       22.166        -33.353        -3.237
12 Feb 2015 23:42:31.012       23.045        -36.390        -1.698
12 Feb 2015 23:44:16.080       24.055        -39.376        -0.053
12 Feb 2015 23:46:04.616       25.218        -42.315         1.726
12 Feb 2015 23:47:56.999       26.561        -45.211         3.668
12 Feb 2015 23:49:55.780       28.150        -48.115         5.853
12 Feb 2015 23:52:01.593       30.047        -51.025         8.346
12 Feb 2015 23:54:10.923       32.259        -53.844        11.136
12 Feb 2015 23:56:20.357       34.777        -56.493        14.204
12 Feb 2015 23:58:27.910       37.604        -58.938        17.547
12 Feb 2015 23:59:55.637       39.774        -60.522        20.060
13 Feb 2015 00:01:23.276       42.147        -62.022        22.767
13 Feb 2015 00:03:27.361       45.897        -64.001        26.975
13 Feb 2015 00:05:45.383       50.665        -65.987        32.235
13 Feb 2015 00:08:17.429       56.720        -67.885        38.816
13 Feb 2015 00:11:02.207       64.280        -69.555        46.926
13 Feb 2015 00:13:59.331       73.483        -70.839        56.706
13 Feb 2015 00:17:08.692       84.197        -71.562        68.020
13 Feb 2015 00:20:30.342       95.844        -71.562        80.293
13 Feb 2015 00:24:03.714      107.434        -70.746        92.535
13 Feb 2015 00:27:41.948      117.743        -69.179       103.503
13 Feb 2015 00:31:23.472      126.356        -67.008       112.783
13 Feb 2015 00:35:05.852      133.278        -64.401       120.374
13 Feb 2015 00:38:44.985      138.706        -61.534       126.465
13 Feb 2015 00:41:18.319      141.841        -59.396       130.068
13 Feb 2015 00:43:51.246      144.527        -57.180       133.224
13 Feb 2015 00:47:22.936      147.648        -54.002       137.005
13 Feb 2015 00:51:17.367      150.460        -50.362       140.564
13 Feb 2015 00:55:33.352      152.933        -46.275       143.873
13 Feb 2015 01:00:07.865      155.051        -41.790       146.917
13 Feb 2015 01:04:59.071      156.829        -36.938       149.718
13 Feb 2015 01:10:05.424      158.294        -31.752       152.312
13 Feb 2015 01:15:25.434      159.470        -26.265       154.734
13 Feb 2015 01:20:57.571      160.380        -20.517       157.023
13 Feb 2015 01:26:40.208      161.040        -14.549       159.212
13 Feb 2015 01:32:31.653      161.464         -8.410       161.338
13 Feb 2015 01:38:14.924      161.654         -2.414       163.345
13 Feb 2015 01:43:45.638      161.638          3.346       165.256
13 Feb 2015 01:49:02.793      161.442          8.846       167.102
13 Feb 2015 01:54:10.377      161.076         14.150       168.937
13 Feb 2015 01:58:24.695      160.632         18.511       170.515
13 Feb 2015 02:01:38.840      160.199         21.825       171.770
13 Feb 2015 02:04:53.404      159.674         25.132       173.087
13 Feb 2015 02:08:37.461      158.943         28.924       174.694
13 Feb 2015 02:12:39.435      157.977         33.003       176.571
13 Feb 2015 02:16:48.938      156.749         37.191       178.704
13 Feb 2015 02:21:00.235      155.217         41.393      -178.878
13 Feb 2015 02:25:09.482      153.320         45.545      -176.122
13 Feb 2015 02:29:13.970      150.976         49.598      -172.951
13 Feb 2015 02:33:11.749      148.077         53.510      -169.251
13 Feb 2015 02:37:01.424      144.472         57.239      -164.875
13 Feb 2015 02:40:42.036      139.967         60.736      -159.622
13 Feb 2015 02:44:12.982      134.311         63.934      -153.240
13 Feb 2015 02:47:33.952      127.219         66.745      -145.442
13 Feb 2015 02:50:44.887      118.440         69.052      -135.972
13 Feb 2015 02:53:45.934      107.918         70.708      -124.772
13 Feb 2015 02:56:32.464       96.395         71.561      -112.602
13 Feb 2015 02:59:02.778       84.995         71.610      -100.592
13 Feb 2015 03:01:19.261       74.546         70.972       -89.565
13 Feb 2015 03:03:23.955       65.515         69.802       -79.982
13 Feb 2015 03:05:18.557       57.986         68.253       -71.922
13 Feb 2015 03:07:08.908       51.573         66.361       -64.974
13 Feb 2015 03:08:55.332       46.180         64.196       -59.040
13 Feb 2015 03:10:38.071       41.670         61.815       -53.982
13 Feb 2015 03:12:17.379       37.897         59.260       -49.651
13 Feb 2015 03:13:52.005       34.776         56.608       -45.971
13 Feb 2015 03:15:25.244       32.099         53.798       -42.714
13 Feb 2015 03:16:55.768       29.832         50.891       -39.852
13 Feb 2015 03:18:23.773       27.903         47.902       -37.314
13 Feb 2015 03:19:49.429       26.258         44.845       -35.043
13 Feb 2015 03:21:12.877       24.851         41.733       -32.994
13 Feb 2015 03:22:34.242       23.648         38.579       -31.130
13 Feb 2015 03:23:43.203       22.747         35.819       -29.642
13 Feb 2015 03:24:35.748       22.129         33.668       -28.557
13 Feb 2015 03:25:28.227       21.566         31.480       -27.514
13 Feb 2015 03:26:33.901       20.936         28.692       -26.257
13 Feb 2015 03:27:39.124       20.386         25.876       -25.060
13 Feb 2015 03:28:45.370       19.902         22.975       -23.888
13 Feb 2015 03:29:35.361       19.583         20.764       -23.032
13 Feb 2015 03:30:25.874       19.299         18.517       -22.189
13 Feb 2015 03:31:13.564       19.066         16.385       -21.412
13 Feb 2015 03:31:58.428       18.876         14.374       -20.695
13 Feb 2015 03:32:43.363       18.713         12.358       -19.991
13 Feb 2015 03:33:28.669       18.576         10.328       -19.292
13 Feb 2015 03:34:17.829       18.456          8.131       -18.547
13 Feb 2015 03:35:06.087       18.368          5.984       -17.826
13 Feb 2015 03:36:00.297       18.301          3.589       -17.030
13 Feb 2015 03:36:55.414       18.268          1.176       -16.232
13 Feb 2015 03:37:36.810       18.265         -0.619       -15.639
13 Feb 2015 03:38:17.920       18.280         -2.384       -15.057
13 Feb 2015 03:39:19.922       18.336         -5.011       -14.186
13 Feb 2015 03:40:30.746       18.447         -7.955       -13.202
13 Feb 2015 03:41:49.507       18.627        -11.151       -12.116
13 Feb 2015 03:43:12.916       18.880        -14.441       -10.973
13 Feb 2015 03:44:39.754       19.210        -17.756        -9.784
13 Feb 2015 03:46:10.442       19.624        -21.097        -8.538
13 Feb 2015 03:47:43.331       20.122        -24.390        -7.250
13 Feb 2015 03:49:18.352       20.707        -27.624        -5.913
13 Feb 2015 03:50:55.653       21.388        -30.798        -4.517
13 Feb 2015 03:52:35.470       22.175        -33.915        -3.046
13 Feb 2015 03:54:18.100       23.081        -36.977        -1.482
13 Feb 2015 03:56:03.878       24.125        -39.990         0.196
13 Feb 2015 03:57:53.163       25.329        -42.956         2.015
13 Feb 2015 03:59:46.581       26.728        -45.885         4.014
13 Feb 2015 04:01:46.538       28.390        -48.824         6.275
13 Feb 2015 04:03:53.616       30.384        -51.769         8.866
13 Feb 2015 04:06:03.251       32.700        -54.598        11.759
13 Feb 2015 04:08:12.662       35.341        -57.249        14.948
13 Feb 2015 04:10:19.594       38.303        -59.681        18.423
13 Feb 2015 04:12:04.376       41.066        -61.558        21.594
13 Feb 2015 04:13:49.113       44.154        -63.313        25.077
13 Feb 2015 04:15:59.861       48.521        -65.320        29.922
13 Feb 2015 04:18:24.377       54.085        -67.280        35.997
13 Feb 2015 04:21:02.084       61.109        -69.069        43.562
13 Feb 2015 04:23:52.174       69.787        -70.532        52.806
13 Feb 2015 04:26:54.397       80.112        -71.492        63.723
13 Feb 2015 04:30:08.709       91.665        -71.770        75.892
13 Feb 2015 04:33:35.168      103.561        -71.237        88.431
13 Feb 2015 04:37:10.102      114.584        -69.890       100.116
13 Feb 2015 04:40:49.047      123.934        -67.863       110.135
13 Feb 2015 04:44:30.027      131.499        -65.329       118.374
13 Feb 2015 04:48:09.902      137.456        -62.462       125.005
13 Feb 2015 04:51:18.349      141.569        -59.807       129.699
13 Feb 2015 04:54:26.600      144.954        -57.018       133.673
13 Feb 2015 04:57:42.226      147.865        -54.009       137.203
13 Feb 2015 05:01:30.742      150.648        -50.381       140.722
13 Feb 2015 05:05:40.236      153.095        -46.311       143.996
13 Feb 2015 05:10:08.336      155.195        -41.838       147.013
13 Feb 2015 05:14:52.979      156.961        -36.999       149.791
13 Feb 2015 05:19:52.529      158.416        -31.828       152.363
13 Feb 2015 05:25:05.455      159.585        -26.359       154.765
13 Feb 2015 05:30:30.198      160.491        -20.631       157.033
13 Feb 2015 05:36:05.143      161.150        -14.687       159.202
13 Feb 2015 05:41:48.614      161.575         -8.574       161.306
13 Feb 2015 05:47:23.627      161.768         -2.611       163.290
13 Feb 2015 05:52:46.743      161.760          3.126       165.180
13 Feb 2015 05:57:56.893      161.573          8.611       167.006
13 Feb 2015 06:02:58.203      161.217         13.912       168.825
13 Feb 2015 06:07:07.614      160.783         18.278       170.389
13 Feb 2015 06:10:17.203      160.361         21.582       171.629
13 Feb 2015 06:13:27.225      159.848         24.882       172.928
13 Feb 2015 06:17:07.547      159.128         28.693       174.525
13 Feb 2015 06:21:05.385      158.174         32.792       176.388
13 Feb 2015 06:25:10.728      156.961         37.005       178.508
13 Feb 2015 06:29:17.921      155.443         41.236      -179.089
13 Feb 2015 06:33:23.169      153.560         45.419      -176.348
13 Feb 2015 06:37:23.795      151.231         49.507      -173.189
13 Feb 2015 06:41:17.872      148.343         53.455      -169.500
13 Feb 2015 06:45:04.024      144.744         57.222      -165.129
13 Feb 2015 06:48:41.308      140.234         60.756      -159.870
13 Feb 2015 06:52:09.136      134.555         63.991      -153.465
13 Feb 2015 06:55:27.212      127.409         66.836      -145.612
13 Feb 2015 06:58:35.486      118.529         69.169      -136.041
13 Feb 2015 07:01:34.115      107.851         70.840      -124.684
13 Feb 2015 07:04:17.638       96.207         71.686      -112.395
13 Feb 2015 07:06:45.366       84.695         71.719      -100.275
13 Feb 2015 07:08:59.687       74.162         71.057       -89.166
13 Feb 2015 07:11:02.555       65.083         69.860       -79.536
13 Feb 2015 07:12:55.790       57.524         68.279       -71.447
13 Feb 2015 07:14:44.960       51.103         66.353       -64.491
13 Feb 2015 07:16:30.354       45.718         64.153       -58.565
13 Feb 2015 07:18:12.195       41.225         61.736       -53.523
13 Feb 2015 07:19:50.723       37.474         59.147       -49.213
13 Feb 2015 07:21:26.176       34.331         56.418       -45.501
13 Feb 2015 07:22:58.780       31.686         53.574       -42.275
13 Feb 2015 07:24:28.743       29.449         50.635       -39.442
13 Feb 2015 07:25:56.248       27.549         47.615       -36.931
13 Feb 2015 07:27:21.451       25.930         44.531       -34.686
13 Feb 2015 07:28:44.487       24.548         41.394       -32.660
13 Feb 2015 07:30:05.473       23.367         38.218       -30.818
13 Feb 2015 07:31:12.565       22.504         35.507       -29.380
13 Feb 2015 07:32:09.861       21.842         33.138       -28.208
13 Feb 2015 07:33:07.079       21.247         30.727       -27.083
13 Feb 2015 07:34:15.274       20.618         27.803       -25.798
13 Feb 2015 07:35:18.725       20.107         25.038       -24.649
13 Feb 2015 07:36:15.300       19.708         22.545       -23.661
13 Feb 2015 07:37:04.301       19.403         20.367       -22.828
13 Feb 2015 07:37:53.580       19.134         18.165       -22.012
13 Feb 2015 07:38:41.701       18.905         16.006       -21.234
13 Feb 2015 07:39:31.075       18.704         13.786       -20.452
13 Feb 2015 07:40:15.729       18.551         11.777       -19.758
13 Feb 2015 07:41:03.217       18.416          9.645       -19.033
13 Feb 2015 07:41:54.152       18.303          7.365       -18.268
13 Feb 2015 07:42:43.900       18.222          5.151       -17.532
13 Feb 2015 07:43:41.685       18.166          2.599       -16.692
13 Feb 2015 07:44:34.992       18.147          0.269       -15.927
13 Feb 2015 07:45:25.714       18.157         -1.924       -15.209
13 Feb 2015 07:46:21.525       18.199         -4.305       -14.426
13 Feb 2015 07:47:30.773       18.296         -7.208       -13.465
13 Feb 2015 07:48:47.901       18.458        -10.370       -12.404
13 Feb 2015 07:50:10.588       18.693        -13.668       -11.272
13 Feb 2015 07:51:36.559       19.003        -16.993       -10.097
13 Feb 2015 07:53:06.246       19.397        -20.344        -8.868
13 Feb 2015 07:54:38.837       19.876        -23.676        -7.588
13 Feb 2015 07:56:13.586       20.443        -26.953        -6.260
13 Feb 2015 07:57:50.592       21.106        -30.172        -4.873
13 Feb 2015 07:59:30.066       21.874        -33.334        -3.412
13 Feb 2015 08:01:12.283       22.761        -36.441        -1.861
13 Feb 2015 08:02:57.563       23.785        -39.498        -0.196
13 Feb 2015 08:04:46.257       24.968        -42.508         1.607
13 Feb 2015 08:06:38.734       26.340        -45.474         3.584
13 Feb 2015 08:08:37.381       27.969        -48.447         5.813
13 Feb 2015 08:10:43.002       29.925        -51.426         8.369
13 Feb 2015 08:12:52.775       32.231        -54.327        11.261
13 Feb 2015 08:15:02.512       34.874        -57.051        14.461
13 Feb 2015 08:17:10.291       37.862        -59.561        17.973
13 Feb 2015 08:18:28.518       39.907        -61.010        20.328
13 Feb 2015 08:19:46.688       42.133        -62.389        22.856
13 Feb 2015 08:21:47.646       45.975        -64.382        27.152
13 Feb 2015 08:24:02.199       50.882        -66.380        32.549
13 Feb 2015 08:26:31.077       57.172        -68.290        39.364
13 Feb 2015 08:29:12.598       65.066        -69.955        47.812
13 Feb 2015 08:32:06.272       74.696        -71.203        58.020
13 Feb 2015 08:35:11.891       85.864        -71.846        69.791
13 Feb 2015 08:38:29.429       97.873        -71.718        82.430
13 Feb 2015 08:41:58.939      109.663        -70.734        94.876
13 Feb 2015 08:45:34.521      120.018        -68.972       105.901
13 Feb 2015 08:49:13.313      128.522        -66.603       115.083
13 Feb 2015 08:52:52.954      135.264        -63.808       122.506
13 Feb 2015 08:56:29.545      140.502        -60.764       128.421
13 Feb 2015 08:58:38.105      143.083        -58.857       131.406
13 Feb 2015 09:00:46.201      145.334        -56.898       134.063
13 Feb 2015 09:04:06.568      148.320        -53.738       137.694
13 Feb 2015 09:07:48.986      151.024        -50.120       141.126
13 Feb 2015 09:11:53.707      153.421        -46.035       144.346
13 Feb 2015 09:16:16.813      155.479        -41.548       147.317
13 Feb 2015 09:20:56.212      157.209        -36.696       150.056
13 Feb 2015 09:25:50.181      158.633        -31.516       152.594
13 Feb 2015 09:30:57.140      159.776        -26.044       154.964
13 Feb 2015 09:36:15.505      160.659        -20.320       157.203
13 Feb 2015 09:41:43.657      161.299        -14.385       159.346
13 Feb 2015 09:47:19.937      161.708         -8.287       161.426
13 Feb 2015 09:52:46.123      161.890         -2.373       163.379
13 Feb 2015 09:58:01.007      161.874          3.325       165.242
13 Feb 2015 10:03:03.414      161.684          8.775       167.046
13 Feb 2015 10:07:57.266      161.328         14.047       168.844
13 Feb 2015 10:11:59.149      160.898         18.366       170.382
13 Feb 2015 10:14:49.076      160.516         21.389       171.508
13 Feb 2015 10:17:39.466      160.058         24.411       172.683
13 Feb 2015 10:21:16.729      159.355         28.253       174.267
13 Feb 2015 10:25:09.846      158.428         32.360       176.103
13 Feb 2015 10:29:10.949      157.243         36.595       178.195
13 Feb 2015 10:33:14.194      155.757         40.856      -179.432
13 Feb 2015 10:37:15.769      153.910         45.075      -176.725
13 Feb 2015 10:41:12.979      151.620         49.203      -173.603
13 Feb 2015 10:45:03.883      148.775         53.196      -169.957
13 Feb 2015 10:48:47.096      145.224         57.012      -165.630
13 Feb 2015 10:52:21.671      140.763         60.598      -160.419
13 Feb 2015 10:55:47.015      135.129         63.888      -154.057
13 Feb 2015 10:59:02.831      128.012         66.791      -146.232
13 Feb 2015 11:02:09.069      119.124         69.181      -136.651
13 Feb 2015 11:05:05.885      108.375         70.906      -125.222
13 Feb 2015 11:07:47.419       96.623         71.790      -112.825
13 Feb 2015 11:10:13.438       84.963         71.846      -100.557
13 Feb 2015 11:12:26.330       74.276         71.192       -89.294
13 Feb 2015 11:14:27.997       65.067         69.990       -79.535
13 Feb 2015 11:16:20.150       57.418         68.396       -71.355
13 Feb 2015 11:18:08.395       50.932         66.451       -64.334
13 Feb 2015 11:19:52.996       45.505         64.227       -58.367
13 Feb 2015 11:21:34.159       40.988         61.785       -53.300
13 Feb 2015 11:23:11.996       37.229         59.173       -48.983
13 Feb 2015 11:24:46.954       34.083         56.416       -45.267
13 Feb 2015 11:26:19.133       31.439         53.546       -42.042
13 Feb 2015 11:27:48.728       29.207         50.580       -39.214
13 Feb 2015 11:29:15.909       27.314         47.536       -36.711
13 Feb 2015 11:30:40.825       25.705         44.428       -34.475
13 Feb 2015 11:32:03.601       24.333         41.270       -32.459
13 Feb 2015 11:33:24.353       23.163         38.075       -30.628
13 Feb 2015 11:34:30.511       22.317         35.380       -29.215
13 Feb 2015 11:35:29.493       21.642         32.924       -28.014
13 Feb 2015 11:36:28.400       21.037         30.424       -26.864
13 Feb 2015 11:37:38.688       20.401         27.389       -25.549
13 Feb 2015 11:38:42.357       19.900         24.598       -24.407
13 Feb 2015 11:39:35.825       19.532         22.229       -23.479
13 Feb 2015 11:40:24.379       19.236         20.062       -22.661
13 Feb 2015 11:41:13.052       18.976         17.878       -21.861
13 Feb 2015 11:42:01.970       18.749         15.675       -21.075
13 Feb 2015 11:42:49.702       18.560         13.522       -20.324
13 Feb 2015 11:43:34.556       18.410         11.499       -19.632
13 Feb 2015 11:44:22.542       18.278          9.339       -18.904
13 Feb 2015 11:45:12.130       18.172          7.115       -18.164
13 Feb 2015 11:46:03.304       18.094          4.833       -17.412
13 Feb 2015 11:46:56.550       18.045          2.478       -16.642
13 Feb 2015 11:47:49.671       18.028          0.150       -15.884
13 Feb 2015 11:48:40.299       18.039         -2.044       -15.170
13 Feb 2015 11:49:37.461       18.085         -4.488       -14.372
13 Feb 2015 11:50:47.424       18.185         -7.427       -13.405
13 Feb 2015 11:52:05.310       18.352        -10.626       -12.337
13 Feb 2015 11:53:28.257       18.593        -13.941       -11.205
13 Feb 2015 11:54:54.489       18.909        -17.283       -10.029
13 Feb 2015 11:56:24.427       19.309        -20.652        -8.798
13 Feb 2015 11:57:57.396       19.797        -24.007        -7.512
13 Feb 2015 11:59:32.563       20.376        -27.309        -6.176
13 Feb 2015 12:01:10.026       21.052        -30.554        -4.777
13 Feb 2015 12:02:49.990       21.837        -33.743        -3.300
13 Feb 2015 12:04:32.728       22.745        -36.879        -1.728
13 Feb 2015 12:06:18.556       23.795        -39.965        -0.038
13 Feb 2015 12:08:07.820       25.012        -43.006         1.800
13 Feb 2015 12:10:00.888       26.428        -46.003         3.820
13 Feb 2015 12:12:00.374       28.118        -49.011         6.112
13 Feb 2015 12:14:06.889       30.154        -52.027         8.750
13 Feb 2015 12:16:16.980       32.555        -54.948        11.737
13 Feb 2015 12:18:26.776       35.312        -57.684        15.051
13 Feb 2015 12:20:34.180       38.431        -60.193        18.692
13 Feb 2015 12:22:12.566       41.164        -62.006        21.813
13 Feb 2015 12:23:50.877       44.214        -63.704        25.241
13 Feb 2015 12:25:58.535       48.710        -65.725        30.213
13 Feb 2015 12:28:19.948       54.479        -67.698        36.492
13 Feb 2015 12:30:54.611       61.813        -69.488        44.368
13 Feb 2015 12:33:41.513       70.904        -70.925        54.027
13 Feb 2015 12:36:40.292       81.702        -71.817        65.418
13 Feb 2015 12:39:50.822       93.674        -71.977        78.011
13 Feb 2015 12:43:13.092      105.808        -71.284        90.791
13 Feb 2015 12:46:45.608      116.944        -69.738       102.598
13 Feb 2015 12:50:22.011      126.209        -67.505       112.543
13 Feb 2015 12:54:00.362      133.590        -64.773       120.610
13 Feb 2015 12:57:37.627      139.339        -61.723       127.045
13 Feb 2015 13:00:46.087      143.321        -58.886       131.628
13 Feb 2015 13:03:54.354      146.575        -55.921       135.489
13 Feb 2015 13:07:03.775      149.275        -52.836       138.808
13 Feb 2015 13:10:47.194      151.878        -49.096       142.158
13 Feb 2015 13:14:50.852      154.161        -44.917       145.277
13 Feb 2015 13:19:12.378      156.114        -40.343       148.158
13 Feb 2015 13:23:49.562      157.748        -35.414       150.817
13 Feb 2015 13:28:40.667      159.087        -30.167       153.286
13 Feb 2015 13:33:44.072      160.152        -24.642       155.598
13 Feb 2015 13:38:58.170      160.965        -18.878       157.788
13 Feb 2015 13:44:21.332      161.542        -12.919       159.890
13 Feb 2015 13:49:47.663      161.890         -6.890       161.911
13 Feb 2015 13:55:03.486      162.022         -1.058       163.815
13 Feb 2015 14:00:08.283      161.966          4.557       165.641
13 Feb 2015 14:05:00.826      161.742          9.927       167.414
13 Feb 2015 14:09:43.923      161.359         15.101       169.182
13 Feb 2015 14:13:30.304      160.924         19.221       170.654
13 Feb 2015 14:16:35.434      160.475         22.579       171.913
13 Feb 2015 14:19:40.865      159.931         25.933       173.237
13 Feb 2015 14:23:23.797      159.135         29.954       174.935
13 Feb 2015 14:27:17.711      158.103         34.160       176.877
13 Feb 2015 14:31:16.552      156.796         38.444       179.083
13 Feb 2015 14:35:15.641      155.162         42.723      -178.407
13 Feb 2015 14:39:11.792      153.130         46.939      -175.529
13 Feb 2015 14:43:02.723      150.606         51.045      -172.186
13 Feb 2015 14:46:46.793      147.456         54.998      -168.247
13 Feb 2015 14:50:22.850      143.502         58.750      -163.530
13 Feb 2015 14:53:50.137      138.507         62.244      -157.795
13 Feb 2015 14:57:08.221      132.169         65.400      -150.738
13 Feb 2015 15:00:16.940      124.161         68.110      -142.027
13 Feb 2015 15:03:16.356      114.241         70.226      -131.420
13 Feb 2015 15:06:03.997      102.712         71.567      -119.226
13 Feb 2015 15:08:35.336       90.744         72.035      -106.634
13 Feb 2015 15:10:52.687       79.345         71.713       -94.646
13 Feb 2015 15:12:58.221       69.255         70.749       -83.993
13 Feb 2015 15:14:53.497       60.774         69.314       -74.974
13 Feb 2015 15:16:42.592       53.673         67.506       -67.341
13 Feb 2015 15:18:28.058       47.717         65.382       -60.846
13 Feb 2015 15:20:10.102       42.763         63.011       -55.348
13 Feb 2015 15:21:36.852       39.119         60.772       -51.219
13 Feb 2015 15:23:04.333       35.912         58.321       -47.500
13 Feb 2015 15:24:37.936       32.936         55.498       -43.951
13 Feb 2015 15:26:08.880       30.436         52.568       -40.865
13 Feb 2015 15:27:37.345       28.327         49.550       -38.155
13 Feb 2015 15:29:03.485       26.539         46.460       -35.752
13 Feb 2015 15:30:27.431       25.019         43.312       -33.601
13 Feb 2015 15:31:49.301       23.726         40.121       -31.659
13 Feb 2015 15:33:09.211       22.624         36.899       -29.891
13 Feb 2015 15:34:05.957       21.930         34.552       -28.704
13 Feb 2015 15:35:02.591       21.305         32.165       -27.568
13 Feb 2015 15:36:06.658       20.675         29.417       -26.337
13 Feb 2015 15:37:11.172       20.117         26.604       -25.150
13 Feb 2015 15:38:16.687       19.624         23.709       -23.992
13 Feb 2015 15:39:07.176       19.292         21.457       -23.128
13 Feb 2015 15:39:58.168       18.998         19.169       -22.280
13 Feb 2015 15:40:46.452       18.755         16.992       -21.497
13 Feb 2015 15:41:32.100       18.556         14.928       -20.773
13 Feb 2015 15:42:17.813       18.385         12.860       -20.062
13 Feb 2015 15:43:03.855       18.241         10.779       -19.358
13 Feb 2015 15:43:53.867       18.115          8.524       -18.607
13 Feb 2015 15:44:42.882       18.021          6.324       -17.883
13 Feb 2015 15:45:37.852       17.950          3.873       -17.084
13 Feb 2015 15:46:34.098       17.913          1.388       -16.279
13 Feb 2015 15:47:10.322       17.908         -0.199       -15.766
13 Feb 2015 15:47:46.146       17.916         -1.756       -15.263
13 Feb 2015 15:48:46.030       17.961         -4.328       -14.430
13 Feb 2015 15:49:54.986       18.056         -7.238       -13.480
13 Feb 2015 15:51:12.698       18.219        -10.447       -12.418
13 Feb 2015 15:52:35.501       18.456        -13.776       -11.291
13 Feb 2015 15:54:01.531       18.767        -17.132       -10.120
13 Feb 2015 15:55:31.205       19.162        -20.514        -8.895
13 Feb 2015 15:57:04.259       19.648        -23.899        -7.610
13 Feb 2015 15:58:39.551       20.225        -27.233        -6.272
13 Feb 2015 16:00:17.158       20.901        -30.513        -4.870
13 Feb 2015 16:01:57.270       21.688        -33.737        -3.390
13 Feb 2015 16:03:40.147       22.600        -36.909        -1.811
13 Feb 2015 16:05:26.098       23.657        -40.032        -0.111
13 Feb 2015 16:07:15.462       24.885        -43.109         1.740
13 Feb 2015 16:09:08.603       26.317        -46.143         3.778
13 Feb 2015 16:11:08.054       28.028        -49.187         6.094
13 Feb 2015 16:13:14.512       30.097        -52.238         8.767
13 Feb 2015 16:15:24.897       32.551        -55.204        11.812
13 Feb 2015 16:17:34.893       35.380        -57.978        15.200
13 Feb 2015 16:19:42.439       38.592        -60.519        18.937
13 Feb 2015 16:21:19.564       41.374        -62.329        22.105
13 Feb 2015 16:22:56.625       44.485        -64.022        25.592
13 Feb 2015 16:25:03.661       49.120        -66.051        30.703
13 Feb 2015 16:27:24.399       55.084        -68.022        37.179
13 Feb 2015 16:29:58.329       62.683        -69.796        45.322
13 Feb 2015 16:32:44.387       72.097        -71.190        55.307
13 Feb 2015 16:35:42.188       83.226        -72.004        67.031
13 Feb 2015 16:38:51.569       95.441        -72.052        79.869
13 Feb 2015 16:42:12.491      107.646        -71.222        92.723
13 Feb 2015 16:45:44.177      118.716        -69.529       104.470
13 Feb 2015 16:49:19.590      127.808        -67.157       114.249
13 Feb 2015 16:52:56.755      134.985        -64.303       122.118
13 Feb 2015 16:56:32.589      140.540        -61.148       128.365
13 Feb 2015 16:59:38.212      144.348        -58.255       132.773
13 Feb 2015 17:02:43.643      147.459        -55.243       136.492
13 Feb 2015 17:05:52.960      150.075        -52.070       139.738
13 Feb 2015 17:09:34.853      152.578        -48.255       142.995
13 Feb 2015 17:13:36.588      154.767        -44.004       146.030
13 Feb 2015 17:17:55.687      156.634        -39.364       148.836
13 Feb 2015 17:22:29.909      158.192        -34.376       151.429
13 Feb 2015 17:27:17.477      159.461        -29.082       153.840
13 Feb 2015 17:32:16.732      160.465        -23.519       156.102
13 Feb 2015 17:37:26.048      161.222        -17.731       158.250
13 Feb 2015 17:42:43.805      161.749        -11.760       160.317
13 Feb 2015 17:48:00.181      162.050         -5.806       162.286
13 Feb 2015 17:53:06.623      162.146         -0.043       164.149
13 Feb 2015 17:58:02.308      162.060          5.504       165.942
13 Feb 2015 18:02:45.999      161.812         10.808       167.689
13 Feb 2015 18:07:19.466      161.410         15.901       169.429
13 Feb 2015 18:10:50.410      160.980         19.815       170.829
13 Feb 2015 18:14:21.643      160.434         23.723       172.301
13 Feb 2015 18:17:39.879      159.801         27.379       173.766
13 Feb 2015 18:21:24.869      158.921         31.519       175.556
13 Feb 2015 18:25:17.859      157.790         35.797       177.595
13 Feb 2015 18:29:13.598      156.365         40.117       179.910
13 Feb 2015 18:33:08.202      154.585         44.408      -177.446
13 Feb 2015 18:36:58.933      152.369         48.618      -174.395
13 Feb 2015 18:40:43.827      149.607         52.702      -170.826
13 Feb 2015 18:44:21.477      146.143         56.614      -166.584
13 Feb 2015 18:47:50.923      141.771         60.304      -161.458
13 Feb 2015 18:51:11.567      136.216         63.704      -155.172
13 Feb 2015 18:54:23.111      129.144         66.721      -147.387
13 Feb 2015 18:57:25.504      120.224         69.225      -137.772
13 Feb 2015 19:00:18.903      109.312         71.051      -126.176
13 Feb 2015 19:02:56.649       97.325         72.004      -113.545
13 Feb 2015 19:05:19.378       85.358         72.098      -100.971
13 Feb 2015 19:07:29.490       74.363         71.451       -89.401
13 Feb 2015 19:09:28.804       64.905         70.231       -79.393
13 Feb 2015 19:11:18.892       57.085         68.604       -71.044
13 Feb 2015 19:13:05.363       50.485         66.615       -63.909
13 Feb 2015 19:14:48.436       44.991         64.340       -57.873
13 Feb 2015 19:16:14.258       41.036         62.210       -53.448
13 Feb 2015 19:17:40.979       37.551         59.857       -49.467
13 Feb 2015 19:19:15.657       34.262         57.077       -45.611
13 Feb 2015 19:20:47.640       31.513         54.176       -42.282
13 Feb 2015 19:22:17.103       29.203         51.178       -39.380
13 Feb 2015 19:23:44.199       27.253         48.101       -36.823
13 Feb 2015 19:25:09.063       25.600         44.960       -34.548
13 Feb 2015 19:26:31.815       24.197         41.770       -32.507
13 Feb 2015 19:27:52.566       23.003         38.545       -30.658
13 Feb 2015 19:29:00.809       22.117         35.739       -29.192
13 Feb 2015 19:29:58.046       21.454         33.335       -28.022
13 Feb 2015 19:30:55.130       20.859         30.894       -26.904
13 Feb 2015 19:32:06.144       20.206         27.807       -25.574
13 Feb 2015 19:33:16.067       19.652         24.719       -24.322
13 Feb 2015 19:34:08.558       19.290         22.377       -23.417
13 Feb 2015 19:35:01.784       18.968         19.985       -22.526
13 Feb 2015 19:35:50.470       18.712         17.785       -21.733
13 Feb 2015 19:36:40.810       18.482         15.505       -20.932
13 Feb 2015 19:37:27.711       18.300         13.377       -20.202
13 Feb 2015 19:38:13.447       18.151         11.302       -19.503
13 Feb 2015 19:39:02.786       18.020          9.070       -18.763
13 Feb 2015 19:39:52.134       17.919          6.846       -18.034
13 Feb 2015 19:40:45.982       17.842          4.435       -17.252
13 Feb 2015 19:41:44.845       17.796          1.821       -16.411
13 Feb 2015 19:42:32.206       17.787         -0.261       -15.743
13 Feb 2015 19:43:19.376       17.802         -2.313       -15.084
13 Feb 2015 19:44:20.197       17.855         -4.925       -14.243
13 Feb 2015 19:45:31.666       17.964         -7.939       -13.264
13 Feb 2015 19:46:51.273       18.144        -11.220       -12.181
13 Feb 2015 19:48:14.795       18.397        -14.570       -11.048
13 Feb 2015 19:49:41.610       18.727        -17.947        -9.869
13 Feb 2015 19:51:12.116       19.143        -21.352        -8.631
13 Feb 2015 19:52:45.895       19.651        -24.753        -7.332
13 Feb 2015 19:54:21.960       20.254        -28.105        -5.977
13 Feb 2015 19:56:00.401       20.961        -31.403        -4.551
13 Feb 2015 19:57:41.418       21.784        -34.648        -3.040
13 Feb 2015 19:59:25.278       22.740        -37.842        -1.422
13 Feb 2015 20:01:12.289       23.851        -40.989         0.328
13 Feb 2015 20:03:02.794       25.145        -44.091         2.242
13 Feb 2015 20:04:57.567       26.665        -47.161         4.370
13 Feb 2015 20:06:58.928       28.495        -50.244         6.806
13 Feb 2015 20:09:07.461       30.721        -53.333         9.638
13 Feb 2015 20:11:18.167       33.339        -56.289        12.842
13 Feb 2015 20:13:27.944       36.359        -59.039        16.416
13 Feb 2015 20:15:34.241       39.774        -61.532        20.347
13 Feb 2015 20:17:29.658       43.376        -63.641        24.404
13 Feb 2015 20:19:22.599       47.412        -65.535        28.872
13 Feb 2015 20:21:37.500       52.983        -67.553        34.945
13 Feb 2015 20:24:05.466       60.125        -69.417        42.620
13 Feb 2015 20:26:45.832       69.095        -70.956        52.152
13 Feb 2015 20:29:37.923       79.902        -71.966        63.547
13 Feb 2015 20:32:41.481       92.064        -72.244        76.323
13 Feb 2015 20:35:56.388      104.541        -71.650        89.440
13 Feb 2015 20:39:22.605      116.141        -70.157       101.710
13 Feb 2015 20:42:55.799      125.916        -67.900       112.174
13 Feb 2015 20:46:31.487      133.656        -65.094       120.610
13 Feb 2015 20:50:07.083      139.645        -61.932       127.298
13 Feb 2015 20:53:38.252      144.220        -58.596       132.563
13 Feb 2015 20:56:24.980      147.142        -55.841       136.037
13 Feb 2015 20:59:11.500      149.583        -53.008       139.038
13 Feb 2015 21:02:41.401      152.122        -49.346       142.296
13 Feb 2015 21:06:31.946      154.371        -45.232       145.353
13 Feb 2015 21:10:40.794      156.308        -40.707       148.193
13 Feb 2015 21:15:05.218      157.935        -35.823       150.817
13 Feb 2015 21:19:43.260      159.271        -30.622       153.253
13 Feb 2015 21:24:33.192      160.338        -25.145       155.532
13 Feb 2015 21:29:33.352      161.156        -19.433       157.688
13 Feb 2015 21:34:42.123      161.743        -13.530       159.753
13 Feb 2015 21:39:53.505      162.106         -7.564       161.733
13 Feb 2015 21:44:55.599      162.258         -1.775       163.600
13 Feb 2015 21:49:47.772      162.226          3.814       165.389
13 Feb 2015 21:54:28.791      162.030          9.174       167.128
13 Feb 2015 21:59:02.008      161.675         14.367       168.866
13 Feb 2015 22:02:42.599      161.261         18.546       170.327
13 Feb 2015 22:05:36.524      160.846         21.833       171.529
13 Feb 2015 22:08:30.773      160.343         25.118       172.790
13 Feb 2015 22:12:05.217      159.589         29.153       174.443
13 Feb 2015 22:15:51.061      158.605         33.393       176.337
13 Feb 2015 22:19:42.407      157.350         37.730       178.492
13 Feb 2015 22:23:34.512      155.774         42.076      -179.054
13 Feb 2015 22:27:24.159      153.807         46.369      -176.236
13 Feb 2015 22:31:09.037      151.352         50.560      -172.960
13 Feb 2015 22:34:47.483      148.277         54.606      -169.091
13 Feb 2015 22:38:18.333      144.399         58.457      -164.446
13 Feb 2015 22:41:40.825      139.471         62.055      -158.775
13 Feb 2015 22:44:54.525      133.176         65.320      -151.757
13 Feb 2015 22:47:59.273      125.149         68.138      -143.026
13 Feb 2015 22:50:55.136      115.100         70.355      -132.287
13 Feb 2015 22:53:38.735      103.370         71.766      -119.892
13 Feb 2015 22:56:06.510       91.113         72.276      -107.012
13 Feb 2015 22:58:20.832       79.401         71.964       -94.712
13 Feb 2015 23:00:23.792       69.044         70.983       -83.793
13 Feb 2015 23:02:16.867       60.375         69.513       -74.587
13 Feb 2015 23:04:04.093       53.153         67.658       -66.832
13 Feb 2015 23:05:47.945       47.126         65.480       -60.268
13 Feb 2015 23:07:28.594       42.141         63.050       -54.737
13 Feb 2015 23:09:06.212       38.021         60.423       -50.063
13 Feb 2015 23:10:36.462       34.757         57.779       -46.261
13 Feb 2015 23:12:08.697       31.886         54.877       -42.814
13 Feb 2015 23:13:38.410       29.482         51.875       -39.821
13 Feb 2015 23:15:05.762       27.459         48.790       -37.195
13 Feb 2015 23:16:30.883       25.748         45.640       -34.866
13 Feb 2015 23:17:53.890       24.298         42.440       -32.783
13 Feb 2015 23:19:14.893       23.067         39.203       -30.901
13 Feb 2015 23:20:25.964       22.122         36.277       -29.358
13 Feb 2015 23:21:15.028       21.536         34.215       -28.344
13 Feb 2015 23:22:03.827       21.004         32.133       -27.372
13 Feb 2015 23:23:10.833       20.351         29.228       -26.094
13 Feb 2015 23:24:14.447       19.809         26.427       -24.934
13 Feb 2015 23:25:18.424       19.335         23.576       -23.813
13 Feb 2015 23:26:08.213       19.013         21.338       -22.969
13 Feb 2015 23:26:58.292       18.728         19.075       -22.144
13 Feb 2015 23:27:47.197       18.485         16.855       -21.359
13 Feb 2015 23:28:37.673       18.271         14.560       -20.567
13 Feb 2015 23:29:23.401       18.107         12.479       -19.864
13 Feb 2015 23:30:12.071       17.962         10.267       -19.130
13 Feb 2015 23:31:04.664       17.839          7.886       -18.351
13 Feb 2015 23:31:55.247       17.752          5.607       -17.614
13 Feb 2015 23:32:53.876       17.689          2.986       -16.774
13 Feb 2015 23:33:48.575       17.666          0.564       -16.002
13 Feb 2015 23:34:41.084       17.673         -1.736       -15.269
13 Feb 2015 23:35:35.303       17.711         -4.082       -14.520
13 Feb 2015 23:36:44.635       17.803         -7.033       -13.572
13 Feb 2015 23:38:02.145       17.961        -10.263       -12.519
13 Feb 2015 23:39:24.827       18.192        -13.621       -11.401
13 Feb 2015 23:40:50.640       18.499        -17.006       -10.239
13 Feb 2015 23:42:19.992       18.889        -20.418        -9.022
13 Feb 2015 23:43:53.249       19.373        -23.857        -7.737
13 Feb 2015 23:45:28.893       19.951        -27.253        -6.395
13 Feb 2015 23:47:06.907       20.633        -30.598        -4.985
13 Feb 2015 23:48:47.453       21.429        -33.891        -3.492
13 Feb 2015 23:50:30.773       22.356        -37.134        -1.894
13 Feb 2015 23:52:17.157       23.436        -40.329        -0.168
13 Feb 2015 23:54:06.936       24.695        -43.479         1.718
13 Feb 2015 23:56:00.463       26.171        -46.586         3.805
13 Feb 2015 23:58:00.227       27.945        -49.703         6.187
14 Feb 2015 00:00:06.996       30.104        -52.829         8.953
14 Feb 2015 00:02:18.087       32.692        -55.876        12.138
14 Feb 2015 00:04:28.494       35.694        -58.717        15.705
14 Feb 2015 00:06:36.138       39.124        -61.309        19.665
14 Feb 2015 00:08:15.882       42.201        -63.196        23.142
14 Feb 2015 00:09:55.566       45.675        -64.952        27.004
14 Feb 2015 00:12:03.488       50.793        -66.993        32.608
14 Feb 2015 00:14:24.868       57.411        -68.936        39.746
14 Feb 2015 00:16:59.118       65.842        -70.618        48.728
14 Feb 2015 00:19:45.185       76.198        -71.834        59.662
14 Feb 2015 00:22:42.655       88.170        -72.368        72.239
14 Feb 2015 00:25:51.327      100.837        -72.049        85.537
14 Feb 2015 00:29:11.106      112.944        -70.810        98.304
14 Feb 2015 00:32:41.891      123.519        -68.713       109.569
14 Feb 2015 00:36:15.841      131.941        -65.991       118.690
14 Feb 2015 00:39:50.762      138.459        -62.848       125.912
14 Feb 2015 00:43:23.223      143.439        -59.468       131.594
14 Feb 2015 00:46:13.414      146.631        -56.622       135.355
14 Feb 2015 00:49:03.329      149.271        -53.687       138.571
14 Feb 2015 00:52:16.970      151.754        -50.255       141.721
14 Feb 2015 00:55:57.084      154.043        -46.266       144.788
14 Feb 2015 00:59:56.218      156.035        -41.849       147.649
14 Feb 2015 01:04:11.475      157.719        -37.059       150.298
14 Feb 2015 01:08:40.632      159.112        -31.943       152.754
14 Feb 2015 01:13:21.848      160.233        -26.543       155.046
14 Feb 2015 01:18:13.422      161.104        -20.901       157.208
14 Feb 2015 01:23:13.719      161.741        -15.060       159.271
14 Feb 2015 01:28:19.689      162.158         -9.093       161.259
14 Feb 2015 01:33:16.978      162.360         -3.291       163.126
14 Feb 2015 01:38:05.117      162.375          2.326       164.911
14 Feb 2015 01:42:42.868      162.223          7.728       166.641
14 Feb 2015 01:47:13.966      161.912         12.985       168.370
14 Feb 2015 01:50:59.562      161.521         17.347       169.863
14 Feb 2015 01:53:38.454      161.167         20.412       170.956
14 Feb 2015 01:56:17.755      160.740         23.479       172.097
14 Feb 2015 01:59:41.126      160.079         27.388       173.637
14 Feb 2015 02:03:19.762      159.198         31.583       175.425
14 Feb 2015 02:07:06.266      158.063         35.924       177.467
14 Feb 2015 02:10:55.143      156.627         40.305       179.790
14 Feb 2015 02:14:42.756      154.829         44.659      -177.550
14 Feb 2015 02:18:26.511      152.581         48.932      -174.469
14 Feb 2015 02:22:04.539      149.764         53.077      -170.847
14 Feb 2015 02:25:35.512      146.211         57.048      -166.518
14 Feb 2015 02:28:58.538      141.696         60.790      -161.250
14 Feb 2015 02:32:13.078      135.916         64.230      -154.740
14 Feb 2015 02:35:18.888      128.501         67.265      -146.612
14 Feb 2015 02:38:15.969      119.089         69.753      -136.504
14 Feb 2015 02:41:03.427      107.639         71.500      -124.374
14 Feb 2015 02:43:34.448       95.285         72.324      -111.384
14 Feb 2015 02:45:51.384       83.122         72.272       -98.623
14 Feb 2015 02:47:56.564       72.119         71.482       -87.050
14 Feb 2015 02:49:51.615       62.788         70.134       -77.175
14 Feb 2015 02:51:39.064       55.087         68.378       -68.944
14 Feb 2015 02:53:23.198       48.648         66.268       -61.969
14 Feb 2015 02:55:04.181       43.327         63.883       -56.105
14 Feb 2015 02:56:27.813       39.540         61.680       -51.849
14 Feb 2015 02:57:52.100       36.224         59.272       -48.041
14 Feb 2015 02:59:25.317       33.065         56.405       -44.312
14 Feb 2015 03:00:55.963       30.433         53.425       -41.098
14 Feb 2015 03:02:24.213       28.227         50.355       -38.297
14 Feb 2015 03:03:50.200       26.369         47.213       -35.830
14 Feb 2015 03:05:14.040       24.800         44.015       -33.635
14 Feb 2015 03:06:35.843       23.470         40.776       -31.664
14 Feb 2015 03:07:55.723       22.342         37.508       -29.879
14 Feb 2015 03:08:57.562       21.573         34.913       -28.579
14 Feb 2015 03:09:59.242       20.890         32.275       -27.345
14 Feb 2015 03:11:04.067       20.255         29.453       -26.108
14 Feb 2015 03:12:07.703       19.708         26.642       -24.947
14 Feb 2015 03:13:11.617       19.231         23.785       -23.828
14 Feb 2015 03:14:01.543       18.906         21.534       -22.984
14 Feb 2015 03:14:51.737       18.618         19.259       -22.159
14 Feb 2015 03:15:40.880       18.373         17.022       -21.371
14 Feb 2015 03:16:31.435       18.157         14.716       -20.581
14 Feb 2015 03:17:17.416       17.990         12.618       -19.876
14 Feb 2015 03:18:06.391       17.843         10.386       -19.140
14 Feb 2015 03:18:59.175       17.719          7.989       -18.361
14 Feb 2015 03:19:50.047       17.631          5.690       -17.623
14 Feb 2015 03:20:49.042       17.567          3.045       -16.781
14 Feb 2015 03:21:44.054       17.542          0.601       -16.008
14 Feb 2015 03:22:36.927       17.550         -1.722       -15.274
14 Feb 2015 03:23:31.059       17.587         -4.071       -14.529
14 Feb 2015 03:24:40.561       17.679         -7.040       -13.582
14 Feb 2015 03:25:58.303       17.837        -10.292       -12.530
14 Feb 2015 03:27:21.029       18.069        -13.665       -11.414
14 Feb 2015 03:28:46.854       18.375        -17.066       -10.255
14 Feb 2015 03:30:16.179       18.766        -20.494        -9.041
14 Feb 2015 03:31:49.365       19.251        -23.949        -7.758
14 Feb 2015 03:33:25.252       19.833        -27.374        -6.412
14 Feb 2015 03:35:03.546       20.521        -30.751        -4.996
14 Feb 2015 03:36:44.397       21.326        -34.077        -3.493
14 Feb 2015 03:38:28.039       22.266        -37.354        -1.883
14 Feb 2015 03:40:14.754       23.362        -40.585        -0.139
14 Feb 2015 03:42:04.868       24.644        -43.771         1.772
14 Feb 2015 03:43:58.732       26.151        -46.914         3.891
14 Feb 2015 03:45:58.893       27.969        -50.070         6.319
14 Feb 2015 03:48:06.083       30.190        -53.234         9.150
14 Feb 2015 03:50:17.574       32.863        -56.317        12.422
14 Feb 2015 03:52:28.170       35.973        -59.185        16.099
14 Feb 2015 03:54:35.719       39.535        -61.793        20.191
14 Feb 2015 03:56:19.036       42.867        -63.754        23.938
14 Feb 2015 03:58:02.302       46.660        -65.567        28.134
14 Feb 2015 04:00:11.654       52.148        -67.608        34.114
14 Feb 2015 04:02:34.326       59.253        -69.515        41.745
14 Feb 2015 04:05:09.575       68.274        -71.111        51.324
14 Feb 2015 04:07:56.438       79.244        -72.177        62.878
14 Feb 2015 04:10:54.502       91.676        -72.494        75.921
14 Feb 2015 04:14:03.559      104.467        -71.911        89.349
14 Feb 2015 04:17:23.484      116.332        -70.401       101.881
14 Feb 2015 04:20:54.135      126.448        -68.056       112.694
14 Feb 2015 04:24:27.517      134.375        -65.132       121.327
14 Feb 2015 04:28:01.248      140.452        -61.832       128.115
14 Feb 2015 04:31:31.552      145.066        -58.341       133.435
14 Feb 2015 04:33:56.211      147.642        -55.837       136.502
14 Feb 2015 04:36:20.527      149.827        -53.277       139.184
14 Feb 2015 04:39:34.852      152.282        -49.749       142.319
14 Feb 2015 04:43:11.549      154.499        -45.731       145.313
14 Feb 2015 04:47:07.451      156.430        -41.277       148.116
14 Feb 2015 04:51:19.114      158.062        -36.455       150.713
14 Feb 2015 04:55:44.274      159.407        -31.312       153.124
14 Feb 2015 05:00:21.043      160.487        -25.893       155.377
14 Feb 2015 05:05:07.697      161.321        -20.241       157.503
14 Feb 2015 05:10:02.601      161.927        -14.399       159.536
14 Feb 2015 05:15:00.291      162.314         -8.487       161.481
14 Feb 2015 05:19:49.800      162.493         -2.735       163.314
14 Feb 2015 05:24:30.455      162.491          2.836       165.071
14 Feb 2015 05:29:01.038      162.327          8.196       166.777
14 Feb 2015 05:33:25.565      162.006         13.422       168.488
14 Feb 2015 05:37:02.321      161.615         17.693       169.945
14 Feb 2015 05:39:34.475      161.265         20.686       171.009
14 Feb 2015 05:42:07.018      160.846         23.682       172.119
14 Feb 2015 05:45:30.999      160.165         27.683       173.690
14 Feb 2015 05:49:07.577      159.266         31.925       175.496
14 Feb 2015 05:52:51.309      158.109         36.303       177.558
14 Feb 2015 05:56:36.970      156.644         40.718       179.908
14 Feb 2015 06:00:21.113      154.807         45.100      -177.396
14 Feb 2015 06:04:01.263      152.504         49.398      -174.264
14 Feb 2015 06:07:35.636      149.610         53.565      -170.568
14 Feb 2015 06:11:02.972      145.947         57.552      -166.130
14 Feb 2015 06:14:22.437      141.271         61.302      -160.704
14 Feb 2015 06:17:33.547      135.259         64.737      -153.963
14 Feb 2015 06:20:36.103      127.516         67.747      -145.509
14 Feb 2015 06:23:30.145      117.673         70.176      -134.970
14 Feb 2015 06:26:12.823      105.901         71.805      -122.526
14 Feb 2015 06:28:39.654       93.346         72.495      -109.344
14 Feb 2015 06:30:53.075       81.151         72.311       -96.556
14 Feb 2015 06:32:55.252       70.266         71.403       -85.107
14 Feb 2015 06:34:47.682       61.136         69.958       -75.436
14 Feb 2015 06:36:33.700       53.596         68.109       -67.365
14 Feb 2015 06:38:16.546       47.328         65.917       -60.561
14 Feb 2015 06:39:56.362       42.169         63.459       -54.856
14 Feb 2015 06:41:31.780       37.989         60.839       -50.132
14 Feb 2015 06:43:01.380       34.641         58.162       -46.249
14 Feb 2015 06:44:33.185       31.705         55.220       -42.739
14 Feb 2015 06:46:02.533       29.259         52.175       -39.706
14 Feb 2015 06:47:29.575       27.208         49.049       -37.055
14 Feb 2015 06:48:54.430       25.481         45.860       -34.713
14 Feb 2015 06:50:17.207       24.022         42.623       -32.624
14 Feb 2015 06:51:38.015       22.788         39.352       -30.744
14 Feb 2015 06:52:56.976       21.741         36.059       -29.035
14 Feb 2015 06:53:53.187       21.084         33.663       -27.886
14 Feb 2015 06:54:48.995       20.499         31.245       -26.795
14 Feb 2015 06:55:54.612       19.889         28.358       -25.569
14 Feb 2015 06:57:01.299       19.350         25.385       -24.378
14 Feb 2015 06:57:53.961       18.978         23.013       -23.472
14 Feb 2015 06:58:47.269       18.648         20.596       -22.584
14 Feb 2015 06:59:36.500       18.383         18.352       -21.787
14 Feb 2015 07:00:27.663       18.144         16.014       -20.980
14 Feb 2015 07:01:15.227       17.955         13.837       -20.246
14 Feb 2015 07:02:01.840       17.799         11.705       -19.541
14 Feb 2015 07:02:52.242       17.662          9.404       -18.793
14 Feb 2015 07:03:42.386       17.557          7.125       -18.061
14 Feb 2015 07:04:37.190       17.476          4.648       -17.275
14 Feb 2015 07:05:36.849       17.428          1.976       -16.433
14 Feb 2015 07:06:31.294       17.418         -0.439       -15.676
14 Feb 2015 07:07:20.449       17.435         -2.595       -14.999
14 Feb 2015 07:08:23.271       17.494         -5.314       -14.142
14 Feb 2015 07:09:36.479       17.613         -8.426       -13.152
14 Feb 2015 07:10:57.698       17.805        -11.800       -12.059
14 Feb 2015 07:12:21.751       18.068        -15.201       -10.929
14 Feb 2015 07:13:49.053       18.411        -18.629        -9.750
14 Feb 2015 07:15:19.975       18.842        -22.086        -8.510
14 Feb 2015 07:16:54.752       19.373        -25.564        -7.196
14 Feb 2015 07:18:31.945       20.005        -28.999        -5.816
14 Feb 2015 07:20:11.631       20.749        -32.386        -4.356
14 Feb 2015 07:21:53.991       21.621        -35.725        -2.798
14 Feb 2015 07:23:39.275       22.641        -39.017        -1.117
14 Feb 2015 07:25:27.780       23.835        -42.263         0.716
14 Feb 2015 07:27:19.842       25.237        -45.467         2.741
14 Feb 2015 07:29:16.706       26.909        -48.653         5.024
14 Feb 2015 07:31:20.305       28.944        -51.852         7.671
14 Feb 2015 07:33:31.264       31.456        -55.056        10.797
14 Feb 2015 07:35:42.870       34.418        -58.080        14.347
14 Feb 2015 07:37:52.571       37.858        -60.863        18.339
14 Feb 2015 07:39:39.433       41.153        -62.997        22.073
14 Feb 2015 07:41:26.242       44.933        -64.976        26.280
14 Feb 2015 07:43:24.066       49.751        -66.959        31.554
14 Feb 2015 07:45:39.855       56.254        -68.947        38.568
14 Feb 2015 07:48:08.545       64.621        -70.696        47.480
14 Feb 2015 07:50:49.098       75.023        -71.992        58.455
14 Feb 2015 07:53:40.871       87.184        -72.604        71.217
14 Feb 2015 07:56:43.533      100.161        -72.341        84.821
14 Feb 2015 07:59:56.903      112.607        -71.131        97.920
14 Feb 2015 08:03:20.839      123.457        -69.033       109.456
14 Feb 2015 08:06:52.422      132.227        -66.226       118.933
14 Feb 2015 08:10:25.442      138.950        -62.965       126.372
14 Feb 2015 08:13:56.846      144.047        -59.444       132.185
14 Feb 2015 08:17:00.314      147.527        -56.227       136.293
14 Feb 2015 08:20:03.588      150.340        -52.906       139.744
14 Feb 2015 08:23:03.296      152.600        -49.570       142.642
14 Feb 2015 08:26:36.250      154.781        -45.538       145.596
14 Feb 2015 08:30:27.514      156.677        -41.082       148.357
14 Feb 2015 08:34:34.512      158.280        -36.256       150.920
14 Feb 2015 08:38:54.767      159.601        -31.112       153.301
14 Feb 2015 08:43:26.325      160.661        -25.696       155.526
14 Feb 2015 08:48:07.437      161.479        -20.051       157.627
14 Feb 2015 08:52:56.459      162.071        -14.222       159.635
14 Feb 2015 08:57:46.813      162.446         -8.351       161.550
14 Feb 2015 09:02:29.467      162.620         -2.634       163.357
14 Feb 2015 09:07:03.647      162.615          2.908       165.091
14 Feb 2015 09:11:28.145      162.451          8.245       166.778
14 Feb 2015 09:15:46.841      162.133         13.452       168.470
14 Feb 2015 09:19:17.826      161.747         17.690       169.904
14 Feb 2015 09:21:59.533      161.368         20.933       171.050
14 Feb 2015 09:24:41.559      160.908         24.179       172.250
14 Feb 2015 09:28:05.220      160.199         28.254       173.853
14 Feb 2015 09:31:40.456      159.266         32.556       175.695
14 Feb 2015 09:35:21.698      158.067         36.978       177.796
14 Feb 2015 09:39:04.225      156.550         41.425      -179.806
14 Feb 2015 09:42:44.828      154.643         45.833      -177.046
14 Feb 2015 09:46:21.192      152.248         50.150      -173.825
14 Feb 2015 09:49:51.645      149.225         54.329      -170.005
14 Feb 2015 09:53:15.024      145.383         58.319      -165.392
14 Feb 2015 09:56:30.577      120.007         26.718      -141.720
14 Feb 2015 09:59:37.889      102.960        -48.352      -135.841
14 Feb 2015 10:02:36.824       95.316        -57.232      -137.192
14 Feb 2015 10:05:27.475       90.156        -57.233      -137.193
14 Feb 2015 10:08:04.544       85.377        -57.234      -137.194
14 Feb 2015 10:10:26.477       81.031        -57.235      -137.195
14 Feb 2015 10:12:35.777       77.044        -57.235      -137.196
14 Feb 2015 10:14:34.410       73.354        -57.236      -137.197
14 Feb 2015 10:16:23.720       69.918        -57.236      -137.198
14 Feb 2015 10:18:08.181       66.594        -57.237      -137.198
14 Feb 2015 10:19:49.609       63.316        -57.238      -137.199
14 Feb 2015 10:21:08.648       60.719        -57.238      -137.200
14 Feb 2015 10:22:28.519       58.049        -57.238      -137.200
14 Feb 2015 10:23:59.809       54.929        -57.239      -137.201
14 Feb 2015 10:25:31.427       51.710        -57.239      -137.201
14 Feb 2015 10:27:00.626       48.475        -57.240      -137.202
14 Feb 2015 10:28:27.544       45.206        -57.240      -137.202
14 Feb 2015 10:29:52.293       41.889        -57.241      -137.203
14 Feb 2015 10:31:14.979       56.767        -33.022      -104.201
14 Feb 2015 10:32:35.713       54.762         -4.744       -81.154
14 Feb 2015 10:33:54.618       41.803         19.858       -56.246
14 Feb 2015 10:34:50.576       24.482         32.024       -32.318
14 Feb 2015 10:35:45.991       20.372         31.345       -26.749
14 Feb 2015 10:36:50.613       19.770         28.491       -25.543
14 Feb 2015 10:37:56.382       19.236         25.548       -24.370
14 Feb 2015 10:38:48.954       18.864         23.172       -23.468
14 Feb 2015 10:39:42.130       18.533         20.753       -22.584
14 Feb 2015 10:40:31.525       18.265         18.496       -21.787
14 Feb 2015 10:41:23.090       18.024         16.132       -20.976
14 Feb 2015 10:42:10.795       17.834         13.942       -20.242
14 Feb 2015 10:42:57.779       17.676         11.787       -19.535
14 Feb 2015 10:43:48.677       17.537          9.457       -18.782
14 Feb 2015 10:44:39.064       17.432          7.160       -18.051
14 Feb 2015 10:45:34.499       17.350          4.648       -17.260
14 Feb 2015 10:46:34.059       17.302          1.972       -16.423
14 Feb 2015 10:47:28.786       17.292         -0.461       -15.666
14 Feb 2015 10:48:18.073       17.310         -2.630       -14.990
14 Feb 2015 10:49:21.296       17.370         -5.375       -14.132
14 Feb 2015 10:50:34.864       17.490         -8.512       -13.141
14 Feb 2015 10:51:56.190       17.683        -11.902       -12.050
14 Feb 2015 10:53:20.328       17.948        -15.319       -10.922
14 Feb 2015 10:54:47.685       18.293        -18.764        -9.745
14 Feb 2015 10:56:18.627       18.726        -22.237        -8.507
14 Feb 2015 10:57:53.492       19.261        -25.736        -7.191
14 Feb 2015 10:59:30.987       19.900        -29.201        -5.805
14 Feb 2015 11:01:11.011       20.654        -32.621        -4.336
14 Feb 2015 11:02:53.740       21.539        -35.993        -2.765
14 Feb 2015 11:04:39.416       22.577        -39.320        -1.066
14 Feb 2015 11:06:28.333       23.794        -42.603         0.792
14 Feb 2015 11:08:20.817       25.229        -45.844         2.849
14 Feb 2015 11:10:18.208       26.946        -49.068         5.180
14 Feb 2015 11:12:22.372       29.045        -52.308         7.893
14 Feb 2015 11:14:33.948       31.647        -55.552        11.112
14 Feb 2015 11:16:45.896       34.726        -58.605        14.780
14 Feb 2015 11:18:55.623       38.310        -61.403        18.916
14 Feb 2015 11:20:39.173       41.642        -63.481        22.676
14 Feb 2015 11:22:22.665       45.464        -65.406        26.911
14 Feb 2015 11:24:21.762       50.556        -67.411        32.467
14 Feb 2015 11:26:37.693       57.389        -69.383        39.815
14 Feb 2015 11:29:06.463       66.186        -71.085        49.160
14 Feb 2015 11:31:46.922       77.066        -72.286        60.616
14 Feb 2015 11:34:38.412       89.627        -72.751        73.781
14 Feb 2015 11:37:40.593      102.768        -72.302        87.553
14 Feb 2015 11:40:53.245      115.092        -70.892       100.535
14 Feb 2015 11:44:16.200      125.635        -68.609       111.766
14 Feb 2015 11:47:47.306      134.074        -65.633       120.920
14 Feb 2015 11:51:19.485      140.487        -62.235       128.056
14 Feb 2015 11:54:49.522      145.324        -58.605       133.614
14 Feb 2015 11:57:47.705      148.556        -55.381       137.465
14 Feb 2015 12:00:45.673      151.179        -52.066       140.718
14 Feb 2015 12:03:48.232      153.383        -48.589       143.581
14 Feb 2015 12:07:20.651      155.466        -44.467       146.448
14 Feb 2015 12:11:10.921      157.268        -39.928       149.129
14 Feb 2015 12:15:16.209      158.785        -35.030       151.620
14 Feb 2015 12:19:34.086      160.028        -29.826       153.937
14 Feb 2015 12:24:02.591      161.018        -24.363       156.107
14 Feb 2015 12:28:39.977      161.772        -18.686       158.161
14 Feb 2015 12:33:24.623      162.308        -12.838       160.130
14 Feb 2015 12:38:06.446      162.630         -7.036       161.990
14 Feb 2015 12:42:40.916      162.759         -1.385       163.755
14 Feb 2015 12:47:07.023      162.719          4.090       165.457
14 Feb 2015 12:51:23.579      162.525          9.360       167.117
14 Feb 2015 12:55:33.331      162.181         14.480       168.781
14 Feb 2015 12:58:49.254      161.795         18.490       170.140
14 Feb 2015 13:02:05.401      161.294         22.499       171.568
14 Feb 2015 13:05:07.077      160.716         26.209       172.970
14 Feb 2015 13:08:35.253      159.896         30.457       174.696
14 Feb 2015 13:12:11.486      158.830         34.869       176.669
14 Feb 2015 13:15:50.919      157.471         39.348       178.919
14 Feb 2015 13:19:29.822      155.756         43.817      -178.499
14 Feb 2015 13:23:05.540      153.597         48.221      -175.501
14 Feb 2015 13:26:36.147      150.871         52.509      -171.965
14 Feb 2015 13:30:00.277      147.409         56.632      -167.721
14 Feb 2015 13:33:17.016      142.971         60.534      -162.524
14 Feb 2015 13:36:25.820      137.228         64.138      -156.045
14 Feb 2015 13:39:26.451      129.760         67.338      -147.860
14 Feb 2015 13:42:18.922      120.128         69.976      -137.526
14 Feb 2015 13:45:01.006      108.322         71.824      -125.041
14 Feb 2015 13:47:27.059       95.482         72.696      -111.567
14 Feb 2015 13:49:39.648       82.806         72.639       -98.294
14 Feb 2015 13:51:41.059       71.387         71.801       -86.308
14 Feb 2015 13:53:32.829       61.793         70.378       -76.171
14 Feb 2015 13:55:17.690       53.937         68.529       -67.786
14 Feb 2015 13:56:59.570       47.434         66.317       -60.747
14 Feb 2015 13:58:38.578       42.109         63.827       -54.879
14 Feb 2015 14:00:09.704       37.971         61.274       -50.218
14 Feb 2015 14:01:38.965       34.524         58.556       -46.237
14 Feb 2015 14:03:10.374       31.521         55.572       -42.663
14 Feb 2015 14:04:39.386       29.031         52.485       -39.588
14 Feb 2015 14:06:06.141       26.953         49.318       -36.913
14 Feb 2015 14:07:30.747       25.210         46.090       -34.559
14 Feb 2015 14:08:53.307       23.743         42.817       -32.465
14 Feb 2015 14:10:13.933       22.504         39.511       -30.586
14 Feb 2015 14:11:32.752       21.458         36.187       -28.881
14 Feb 2015 14:12:29.575       20.794         33.739       -27.724
14 Feb 2015 14:13:25.674       20.207         31.284       -26.633
14 Feb 2015 14:14:29.474       19.616         28.453       -25.447
14 Feb 2015 14:15:34.134       19.094         25.547       -24.298
14 Feb 2015 14:16:26.267       18.726         23.183       -23.408
14 Feb 2015 14:17:18.927       18.400         20.779       -22.536
14 Feb 2015 14:18:08.460       18.132         18.508       -21.740
14 Feb 2015 14:19:00.800       17.889         16.101       -20.921
14 Feb 2015 14:19:48.447       17.700         13.908       -20.192
14 Feb 2015 14:20:36.052       17.542         11.718       -19.479
14 Feb 2015 14:21:27.897       17.403          9.339       -18.717
14 Feb 2015 14:22:18.527       17.299          7.025       -17.987
14 Feb 2015 14:23:15.103       17.218          4.456       -17.184
14 Feb 2015 14:24:13.775       17.174          1.814       -16.365
14 Feb 2015 14:25:01.608       17.165         -0.320       -15.706
14 Feb 2015 14:25:49.243       17.181         -2.424       -15.056
14 Feb 2015 14:26:51.725       17.236         -5.149       -14.211
14 Feb 2015 14:28:04.762       17.351         -8.280       -13.230
14 Feb 2015 14:29:25.946       17.539        -11.684       -12.146
14 Feb 2015 14:30:49.884       17.798        -15.114       -11.024
14 Feb 2015 14:32:16.976       18.137        -18.573        -9.854
14 Feb 2015 14:33:47.583       18.564        -22.061        -8.624
14 Feb 2015 14:35:22.042       19.092        -25.574        -7.317
14 Feb 2015 14:36:59.592       19.727        -29.073        -5.932
14 Feb 2015 14:38:39.705       20.479        -32.530        -4.463
14 Feb 2015 14:40:22.535       21.364        -35.941        -2.889
14 Feb 2015 14:42:08.310       22.403        -39.307        -1.186
14 Feb 2015 14:43:57.317       23.626        -42.631         0.680
14 Feb 2015 14:45:49.876       25.071        -45.913         2.750
14 Feb 2015 14:47:47.182       26.802        -49.176         5.096
14 Feb 2015 14:49:51.254       28.925        -52.456         7.835
14 Feb 2015 14:52:02.723       31.565        -55.741        11.094
14 Feb 2015 14:54:15.170       34.718        -58.847        14.840
14 Feb 2015 14:56:25.280       38.402        -61.689        19.082
14 Feb 2015 14:58:10.132       41.880        -63.816        22.994
14 Feb 2015 14:59:54.924       45.889        -65.780        27.424
14 Feb 2015 15:01:53.493       51.164        -67.784        33.164
14 Feb 2015 15:04:09.171       58.281        -69.745        40.797
14 Feb 2015 15:06:37.537       67.445        -71.407        50.511
14 Feb 2015 15:09:17.456       78.732        -72.530        62.378
14 Feb 2015 15:12:08.237       91.625        -72.872        75.876
14 Feb 2015 15:15:09.504      104.889        -72.266        89.772
14 Feb 2015 15:18:21.006      117.099        -70.693       102.643
14 Feb 2015 15:21:42.547      127.385        -68.259       113.621
14 Feb 2015 15:25:13.160      135.576        -65.138       122.534
14 Feb 2015 15:28:44.568      141.755        -61.616       129.441
14 Feb 2015 15:32:13.424      146.391        -57.886       134.804
14 Feb 2015 15:35:07.586      149.436        -54.644       138.465
14 Feb 2015 15:38:01.530      151.915        -51.318       141.568
14 Feb 2015 15:41:04.815      154.054        -47.741       144.379
14 Feb 2015 15:44:36.052      156.051        -43.547       147.170
14 Feb 2015 15:48:24.641      157.774        -38.942       149.781
14 Feb 2015 15:52:27.665      159.218        -33.986       152.209
14 Feb 2015 15:56:42.672      160.396        -28.736       154.470
14 Feb 2015 16:01:07.703      161.327        -23.240       156.592
14 Feb 2015 16:05:41.014      162.030        -17.541       158.605
14 Feb 2015 16:10:21.008      162.518        -11.683       160.539
14 Feb 2015 16:14:54.923      162.797         -5.943       162.353
14 Feb 2015 16:19:21.787      162.892         -0.350       164.082
14 Feb 2015 16:23:40.433      162.823          5.067       165.754
14 Feb 2015 16:27:49.689      162.604         10.280       167.390
14 Feb 2015 16:31:51.181      162.241         15.322       169.028
14 Feb 2015 16:34:49.663      161.868         19.045       170.289
14 Feb 2015 16:37:48.402      161.395         22.769       171.613
14 Feb 2015 16:40:56.050      160.779         26.676       173.086
14 Feb 2015 16:44:22.748      159.933         30.980       174.839
14 Feb 2015 16:47:56.879      158.834         35.439       176.843
14 Feb 2015 16:51:33.603      157.433         39.957       179.132
14 Feb 2015 16:55:09.433      155.661         44.459      -178.233
14 Feb 2015 16:58:41.855      153.425         48.889      -175.162
14 Feb 2015 17:02:09.044      150.593         53.198      -171.524
14 Feb 2015 17:05:29.720      146.978         57.335      -167.130
14 Feb 2015 17:08:43.042      142.320         61.239      -161.717
14 Feb 2015 17:11:48.531      136.259         64.827      -154.922
14 Feb 2015 17:14:46.007      128.340         67.981      -146.287
14 Feb 2015 17:17:35.536      118.111         70.528      -135.357
14 Feb 2015 17:20:12.508      105.862         72.204      -122.438
14 Feb 2015 17:22:34.083       92.768         72.885      -108.720
14 Feb 2015 17:24:42.907       80.100         72.642       -95.461
14 Feb 2015 17:26:41.079       68.906         71.642       -83.706
14 Feb 2015 17:28:29.996       59.637         70.093       -73.900
14 Feb 2015 17:30:13.467       52.036         68.125       -65.768
14 Feb 2015 17:31:54.071       45.787         65.812       -58.982
14 Feb 2015 17:33:06.422       41.933         63.934       -54.727
14 Feb 2015 17:34:19.627       38.519         61.873       -50.893
14 Feb 2015 17:35:49.562       34.906         59.139       -46.746
14 Feb 2015 17:37:21.097       31.792         56.149       -43.062
14 Feb 2015 17:38:50.249       29.218         53.054       -39.907
14 Feb 2015 17:40:17.152       27.076         49.875       -37.171
14 Feb 2015 17:41:41.911       25.284         46.635       -34.772
14 Feb 2015 17:43:04.627       23.779         43.348       -32.645
14 Feb 2015 17:44:25.410       22.511         40.029       -30.740
14 Feb 2015 17:45:44.387       21.441         36.690       -29.017
14 Feb 2015 17:46:31.179       20.878         34.673       -28.053
14 Feb 2015 17:47:17.033       20.374         32.670       -27.145
14 Feb 2015 17:48:23.198       19.724         29.740       -25.891
14 Feb 2015 17:49:30.298       19.151         26.727       -24.681
14 Feb 2015 17:50:24.892       18.745         24.251       -23.737
14 Feb 2015 17:51:20.255       18.384         21.721       -22.813
14 Feb 2015 17:52:10.410       18.099         19.417       -22.002
14 Feb 2015 17:53:01.378       17.847         17.068       -21.200
14 Feb 2015 17:53:50.659       17.640         14.794       -20.443
14 Feb 2015 17:54:37.746       17.472         12.620       -19.736
14 Feb 2015 17:55:28.382       17.324         10.287       -18.990
14 Feb 2015 17:56:20.024       17.206          7.916       -18.243
14 Feb 2015 17:57:13.550       17.117          5.472       -17.483
14 Feb 2015 17:58:09.360       17.060          2.942       -16.703
14 Feb 2015 17:59:05.046       17.037          0.441       -15.936
14 Feb 2015 17:59:58.806       17.047         -1.948       -15.204
14 Feb 2015 18:00:55.672       17.090         -4.444       -14.436
14 Feb 2015 18:02:07.055       17.189         -7.529       -13.481
14 Feb 2015 18:03:27.005       17.360        -10.913       -12.416
14 Feb 2015 18:04:50.291       17.602        -14.353       -11.308
14 Feb 2015 18:06:16.602       17.921        -17.821       -10.154
14 Feb 2015 18:07:46.303       18.327        -21.317        -8.942
14 Feb 2015 18:09:19.732       18.831        -24.842        -7.657
14 Feb 2015 18:10:56.921       19.444        -28.381        -6.286
14 Feb 2015 18:12:36.695       20.174        -31.880        -4.832
14 Feb 2015 18:14:19.175       21.035        -35.337        -3.275
14 Feb 2015 18:16:04.565       22.049        -38.751        -1.591
14 Feb 2015 18:17:53.133       23.245        -42.123         0.253
14 Feb 2015 18:19:45.189       24.660        -45.454         2.299
14 Feb 2015 18:21:41.391       26.350        -48.752         4.605
14 Feb 2015 18:23:44.265       28.425        -52.070         7.298
14 Feb 2015 18:25:54.412       31.008        -55.397        10.501
14 Feb 2015 18:28:07.676       34.152        -58.598        14.249
14 Feb 2015 18:30:18.762       37.849        -61.533        18.515
14 Feb 2015 18:32:10.480       41.574        -63.852        22.707
14 Feb 2015 18:34:02.147       45.927        -65.984        27.512
14 Feb 2015 18:35:56.367       51.135        -67.944        33.170
14 Feb 2015 18:38:10.585       58.355        -69.915        40.905
14 Feb 2015 18:40:37.307       67.670        -71.578        50.770
14 Feb 2015 18:43:15.556       79.164        -72.687        62.842
14 Feb 2015 18:46:04.533       92.266        -72.993        76.550
14 Feb 2015 18:49:03.820      105.670        -72.332        90.586
14 Feb 2015 18:52:13.130      117.914        -70.691       103.490
14 Feb 2015 18:55:32.231      128.149        -68.190       114.416
14 Feb 2015 18:59:00.884      136.277        -64.996       123.266
14 Feb 2015 19:02:31.664      142.415        -61.383       130.138
14 Feb 2015 19:05:59.926      146.999        -57.566       135.456
14 Feb 2015 19:08:55.612      150.031        -54.215       139.117
14 Feb 2015 19:11:51.066      152.487        -50.781       142.211
14 Feb 2015 19:14:50.921      154.545        -47.191       144.937
14 Feb 2015 19:18:19.655      156.479        -42.958       147.668
14 Feb 2015 19:22:05.372      158.146        -38.316       150.225
14 Feb 2015 19:26:05.142      159.541        -33.330       152.606
14 Feb 2015 19:30:16.460      160.674        -28.056       154.825
14 Feb 2015 19:34:37.326      161.566        -22.545       156.909
14 Feb 2015 19:39:06.007      162.235        -16.841       158.889
14 Feb 2015 19:43:39.178      162.691        -11.023       160.783
14 Feb 2015 19:48:06.151      162.945         -5.329       162.562
14 Feb 2015 19:52:26.308      163.020          0.221       164.262
14 Feb 2015 19:56:38.477      162.937          5.597       165.909
14 Feb 2015 20:00:41.953      162.706         10.782       167.528
14 Feb 2015 20:04:36.719      162.335         15.776       169.143
14 Feb 2015 20:07:17.286      161.989         19.188       170.294
14 Feb 2015 20:09:58.149      161.559         22.605       171.498
14 Feb 2015 20:13:06.290      160.938         26.600       172.990
14 Feb 2015 20:16:30.266      160.096         30.932       174.737
14 Feb 2015 20:20:01.733      159.000         35.427       176.739
14 Feb 2015 20:23:35.773      157.598         39.981       179.028
14 Feb 2015 20:27:08.959      155.822         44.523      -178.333
14 Feb 2015 20:30:38.808      153.574         48.995      -175.250
14 Feb 2015 20:34:03.516      150.717         53.346      -171.588
14 Feb 2015 20:37:21.818      147.060         57.523      -167.150
14 Feb 2015 20:40:32.889      142.325         61.464      -161.660
14 Feb 2015 20:43:36.273      136.135         65.084      -154.735
14 Feb 2015 20:46:31.816      128.006         68.256      -145.890
14 Feb 2015 20:49:19.608      117.462         70.796      -134.642
14 Feb 2015 20:51:53.846      104.935         72.420      -121.450
14 Feb 2015 20:54:12.940       91.631         73.028      -107.524
14 Feb 2015 20:56:19.620       78.870         72.703       -94.177
14 Feb 2015 20:58:15.919       67.703         71.624       -82.451
14 Feb 2015 21:00:03.169       58.532         70.006       -72.745
14 Feb 2015 21:01:45.687       51.016         67.969       -64.699
14 Feb 2015 21:03:25.429       44.868         65.592       -58.012
14 Feb 2015 21:04:40.021       40.949         63.594       -53.676
14 Feb 2015 21:05:55.316       37.512         61.407       -49.802
14 Feb 2015 21:07:26.438       33.952         58.555       -45.694
14 Feb 2015 21:08:57.150       30.960         55.513       -42.132
14 Feb 2015 21:10:25.544       28.490         52.372       -39.078
14 Feb 2015 21:11:51.736       26.436         49.155       -36.428
14 Feb 2015 21:13:15.827       24.718         45.881       -34.102
14 Feb 2015 21:14:37.920       23.277         42.566       -32.037
14 Feb 2015 21:15:58.128       22.063         39.224       -30.185
14 Feb 2015 21:17:16.597       21.040         35.866       -28.508
14 Feb 2015 21:18:28.557       20.229         32.719       -27.069
14 Feb 2015 21:19:35.034       19.577         29.762       -25.814
14 Feb 2015 21:20:40.593       19.019         26.806       -24.636
14 Feb 2015 21:21:34.784       18.615         24.339       -23.702
14 Feb 2015 21:22:29.662       18.257         21.823       -22.789
14 Feb 2015 21:23:19.893       17.971         19.509       -21.979
14 Feb 2015 21:24:11.340       17.718         17.131       -21.173
14 Feb 2015 21:25:00.594       17.511         14.850       -20.420
14 Feb 2015 21:25:48.049       17.342         12.654       -19.710
14 Feb 2015 21:26:39.200       17.193         10.290       -18.961
14 Feb 2015 21:27:30.905       17.075          7.910       -18.217
14 Feb 2015 21:28:25.137       16.986          5.427       -17.451
14 Feb 2015 21:29:21.209       16.930          2.878       -16.672
14 Feb 2015 21:30:17.130       16.908          0.360       -15.906
14 Feb 2015 21:31:11.021       16.919         -2.041       -15.176
14 Feb 2015 21:32:08.879       16.964         -4.588       -14.399
14 Feb 2015 21:33:20.867       17.066         -7.707       -13.440
14 Feb 2015 21:34:41.539       17.241        -11.131       -12.370
14 Feb 2015 21:36:05.002       17.487        -14.588       -11.263
14 Feb 2015 21:37:31.477       17.811        -18.074       -10.110
14 Feb 2015 21:39:01.316       18.223        -21.588        -8.897
14 Feb 2015 21:40:34.854       18.732        -25.131        -7.611
14 Feb 2015 21:42:12.395       19.356        -28.698        -6.233
14 Feb 2015 21:43:52.582       20.098        -32.229        -4.768
14 Feb 2015 21:45:35.518       20.977        -35.719        -3.195
14 Feb 2015 21:47:21.405       22.014        -39.168        -1.488
14 Feb 2015 21:49:10.507       23.240        -42.576         0.387
14 Feb 2015 21:51:03.129       24.696        -45.944         2.473
14 Feb 2015 21:53:00.098       26.444        -49.285         4.839
14 Feb 2015 21:55:03.811       28.600        -52.647         7.615
14 Feb 2015 21:57:14.889       31.300        -56.016        10.938
14 Feb 2015 21:59:28.623       34.593        -59.243        14.836
14 Feb 2015 22:01:39.749       38.474        -62.186        19.285
14 Feb 2015 22:03:27.954       42.270        -64.434        23.533
14 Feb 2015 22:05:16.100       46.701        -66.497        28.403
14 Feb 2015 22:07:12.980       52.320        -68.488        34.484
14 Feb 2015 22:09:27.926       60.006        -70.424        42.690
14 Feb 2015 22:11:55.258       69.900        -72.003        53.138
14 Feb 2015 22:14:33.866       81.972        -72.963        65.793
14 Feb 2015 22:17:22.977       95.449        -73.058        79.879
14 Feb 2015 22:20:22.151      108.856        -72.151        93.922
14 Feb 2015 22:23:31.083      120.775        -70.271       106.506
14 Feb 2015 22:26:49.511      130.546        -67.564       116.972
14 Feb 2015 22:30:17.162      138.217        -64.202       125.371
14 Feb 2015 22:33:47.260      143.994        -60.446       131.890
14 Feb 2015 22:37:14.083      148.288        -56.524       136.923
14 Feb 2015 22:40:01.009      151.019        -53.245       140.260
14 Feb 2015 22:42:47.675      153.251        -49.898       143.108
14 Feb 2015 22:45:50.805      155.259        -46.155       145.808
14 Feb 2015 22:49:19.066      157.102        -41.835       148.459
14 Feb 2015 22:53:03.755      158.683        -37.114       150.944
14 Feb 2015 22:57:01.745      159.998        -32.062       153.258
14 Feb 2015 23:01:10.582      161.060        -26.737       155.419
14 Feb 2015 23:05:28.289      161.887        -21.189       157.454
14 Feb 2015 23:09:53.151      162.497        -15.461       159.391
14 Feb 2015 23:14:18.655      162.898         -9.705       161.229
14 Feb 2015 23:18:38.246      163.106         -4.070       162.963
14 Feb 2015 23:22:51.085      163.145          1.420       164.629
14 Feb 2015 23:26:56.032      163.030          6.735       166.248
14 Feb 2015 23:30:54.806      162.768         11.912       167.862
14 Feb 2015 23:34:16.450      162.424         16.281       169.274
14 Feb 2015 23:36:16.511      162.161         18.880       170.144
14 Feb 2015 23:38:16.879      161.850         21.487       171.046
14 Feb 2015 23:41:22.080      161.268         25.496       172.503
14 Feb 2015 23:44:40.388      160.488         29.791       174.184
14 Feb 2015 23:48:08.021      159.461         34.293       176.118
14 Feb 2015 23:51:39.235      158.140         38.879       178.331
14 Feb 2015 23:55:10.383      156.460         43.471      -179.119
14 Feb 2015 23:58:38.810      154.328         48.007      -176.145
15 Feb 2015 00:02:02.572      151.614         52.436      -172.617
15 Feb 2015 00:05:20.296      148.133         56.705      -168.350
15 Feb 2015 00:08:31.074      143.621         60.752      -163.076
15 Feb 2015 00:11:34.386      137.705         64.494      -156.419
15 Feb 2015 00:14:30.033      129.894         67.812      -147.886
15 Feb 2015 00:17:18.077      119.658         70.526      -136.942
15 Feb 2015 00:19:38.186      108.578         72.206      -125.256
15 Feb 2015 00:21:58.283       95.302         73.090      -111.355
15 Feb 2015 00:24:06.883       82.077         73.000       -97.536
15 Feb 2015 00:26:04.857       70.254         72.085       -85.148
15 Feb 2015 00:27:53.583       60.446         70.563       -74.799
15 Feb 2015 00:29:36.183       52.485         68.600       -66.308
15 Feb 2015 00:31:16.067       45.971         66.269       -59.259
15 Feb 2015 00:32:19.550       42.416         64.600       -55.351
15 Feb 2015 00:33:23.924       39.224         62.777       -51.792
15 Feb 2015 00:34:52.273       35.439         60.080       -47.484
15 Feb 2015 00:36:23.885       32.134         57.070       -43.614
15 Feb 2015 00:37:53.138       29.420         53.949       -40.325
15 Feb 2015 00:39:20.164       27.175         50.743       -37.492
15 Feb 2015 00:40:45.061       25.307         47.472       -35.023
15 Feb 2015 00:42:07.929       23.744         44.155       -32.846
15 Feb 2015 00:43:28.876       22.432         40.806       -30.905
15 Feb 2015 00:44:48.030       21.328         37.438       -29.156
15 Feb 2015 00:45:51.185       20.560         34.692       -27.852
15 Feb 2015 00:46:53.431       19.891         31.940       -26.635
15 Feb 2015 00:47:56.485       19.295         29.112       -25.464
15 Feb 2015 00:49:00.015       18.772         26.229       -24.338
15 Feb 2015 00:49:52.413       18.395         23.831       -23.446
15 Feb 2015 00:50:45.288       18.060         21.396       -22.577
15 Feb 2015 00:51:35.447       17.784         19.075       -21.777
15 Feb 2015 00:52:28.743       17.530         16.603       -20.950
15 Feb 2015 00:53:17.133       17.335         14.356       -20.218
15 Feb 2015 00:54:05.764       17.170         12.099       -19.498
15 Feb 2015 00:54:58.942       17.025          9.637       -18.727
15 Feb 2015 00:55:50.448       16.917          7.262       -17.994
15 Feb 2015 00:56:48.126       16.834          4.619       -17.188
15 Feb 2015 00:57:47.587       16.787          1.917       -16.370
15 Feb 2015 00:58:37.003       16.778         -0.308       -15.699
15 Feb 2015 00:59:26.242       16.794         -2.504       -15.037
15 Feb 2015 01:00:29.375       16.851         -5.284       -14.195
15 Feb 2015 01:01:43.412       16.968         -8.489       -13.214
15 Feb 2015 01:03:04.857       17.159        -11.942       -12.139
15 Feb 2015 01:04:28.979       17.422        -15.421       -11.026
15 Feb 2015 01:05:56.155       17.765        -18.929        -9.864
15 Feb 2015 01:07:26.727       18.197        -22.466        -8.640
15 Feb 2015 01:09:01.019       18.732        -26.031        -7.337
15 Feb 2015 01:10:39.327       19.385        -29.620        -5.938
15 Feb 2015 01:12:20.385       20.163        -33.177        -4.444
15 Feb 2015 01:14:04.266       21.085        -36.694        -2.833
15 Feb 2015 01:15:51.182       22.177        -40.172        -1.077
15 Feb 2015 01:17:41.399       23.472        -43.612         0.863
15 Feb 2015 01:19:35.233       25.016        -47.012         3.036
15 Feb 2015 01:21:34.094       26.890        -50.400         5.530
15 Feb 2015 01:23:39.875       29.219        -53.809         8.481
15 Feb 2015 01:25:53.250       32.161        -57.220        12.050
15 Feb 2015 01:28:07.082       35.719        -60.424        16.207
15 Feb 2015 01:30:17.448       39.909        -63.315        20.957
15 Feb 2015 01:31:44.037       43.169        -65.097        24.578
15 Feb 2015 01:33:10.580       46.871        -66.752        28.632
15 Feb 2015 01:35:10.606       52.840        -68.813        35.079
15 Feb 2015 01:37:24.480       60.767        -70.729        43.524
15 Feb 2015 01:39:51.148       71.008        -72.269        54.321
15 Feb 2015 01:42:28.912       83.442        -73.152        67.338
15 Feb 2015 01:45:17.000       97.168        -73.132        81.675
15 Feb 2015 01:48:14.941      110.610        -72.088        95.755
15 Feb 2015 01:51:22.393      122.377        -70.073       108.188
15 Feb 2015 01:54:39.066      131.912        -67.247       118.418
15 Feb 2015 01:58:04.665      139.344        -63.786       126.578
15 Feb 2015 02:01:34.281      144.961        -59.919       132.945
15 Feb 2015 02:05:00.318      149.117        -55.902       137.847
15 Feb 2015 02:07:44.595      151.727        -52.593       141.061
15 Feb 2015 02:10:28.608      153.861        -49.222       143.810
15 Feb 2015 02:13:30.945      155.804        -45.412       146.452
15 Feb 2015 02:16:57.479      157.578        -41.036       149.040
15 Feb 2015 02:20:39.997      159.095        -36.265       151.466
15 Feb 2015 02:24:35.281      160.352        -31.173       153.728
15 Feb 2015 02:28:40.862      161.362        -25.818       155.844
15 Feb 2015 02:32:54.767      162.143        -20.251       157.838
15 Feb 2015 02:37:15.312      162.713        -14.515       159.741
15 Feb 2015 02:41:33.864      163.076         -8.809       161.534
15 Feb 2015 02:45:46.773      163.254         -3.222       163.234
15 Feb 2015 02:49:53.074      163.268          2.220       164.870
15 Feb 2015 02:53:51.649      163.133          7.490       166.466
15 Feb 2015 02:57:45.807      162.852         12.659       168.072
15 Feb 2015 03:00:57.319      162.504         16.885       169.435
15 Feb 2015 03:03:37.829      162.123         20.427       170.626
15 Feb 2015 03:06:18.521      161.649         23.973       171.879
15 Feb 2015 03:09:31.038      160.944         28.223       173.480
15 Feb 2015 03:12:53.857      160.009         32.706       175.324
15 Feb 2015 03:16:21.887      158.796         37.312       177.436
15 Feb 2015 03:19:51.017      157.245         41.952       179.865
15 Feb 2015 03:23:18.321      155.270         46.559      -177.309
15 Feb 2015 03:26:41.645      152.753         51.077      -173.967
15 Feb 2015 03:29:59.444      149.522         55.452      -169.940
15 Feb 2015 03:33:10.671      145.332         59.627      -164.979
15 Feb 2015 03:36:14.702      139.830         63.523      -158.729
15 Feb 2015 03:39:11.258      132.534         67.031      -150.703
15 Feb 2015 03:42:00.346      122.870         69.981      -140.325
15 Feb 2015 03:44:23.002      112.078         71.927      -128.915
15 Feb 2015 03:46:45.588       98.782         73.091      -114.982
15 Feb 2015 03:48:56.128       85.164         73.237      -100.762
15 Feb 2015 03:50:55.655       72.731         72.488       -87.757
15 Feb 2015 03:52:45.711       62.299         71.066       -76.780
15 Feb 2015 03:54:28.336       53.899         69.176       -67.851
15 Feb 2015 03:56:08.306       47.022         66.889       -60.441
15 Feb 2015 03:57:25.867       42.511         64.856       -55.500
15 Feb 2015 03:58:44.065       38.602         62.606       -51.144
15 Feb 2015 04:00:11.521       34.886         59.881       -46.907
15 Feb 2015 04:01:42.643       31.633         56.832       -43.089
15 Feb 2015 04:03:11.435       28.966         53.676       -39.846
15 Feb 2015 04:04:38.032       26.764         50.439       -37.056
15 Feb 2015 04:06:02.530       24.933         47.141       -34.624
15 Feb 2015 04:07:25.027       23.403         43.801       -32.481
15 Feb 2015 04:08:45.636       22.121         40.431       -30.570
15 Feb 2015 04:10:04.497       21.042         37.045       -28.848
15 Feb 2015 04:11:05.142       20.318         34.388       -27.609
15 Feb 2015 04:12:03.740       19.697         31.781       -26.473
15 Feb 2015 04:13:12.418       19.060         28.683       -25.208
15 Feb 2015 04:14:15.553       18.554         25.802       -24.102
15 Feb 2015 04:15:07.091       18.192         23.432       -23.234
15 Feb 2015 04:15:58.879       17.873         21.036       -22.391
15 Feb 2015 04:16:49.425       17.602         18.689       -21.593
15 Feb 2015 04:17:42.237       17.358         16.231       -20.782
15 Feb 2015 04:18:30.340       17.170         13.991       -20.061
15 Feb 2015 04:19:20.700       17.006         11.647       -19.322
15 Feb 2015 04:20:16.964       16.861          9.037       -18.514
15 Feb 2015 04:21:09.323       16.761          6.620       -17.776
15 Feb 2015 04:22:09.533       16.685          3.858       -16.943
15 Feb 2015 04:23:07.329       16.650          1.231       -16.155
15 Feb 2015 04:23:53.395       16.648         -0.844       -15.535
15 Feb 2015 04:24:39.273       16.668         -2.892       -14.922
15 Feb 2015 04:25:45.871       16.735         -5.828       -14.040
15 Feb 2015 04:27:01.566       16.864         -9.106       -13.043
15 Feb 2015 04:28:23.489       17.067        -12.579       -11.966
15 Feb 2015 04:29:48.119       17.343        -16.079       -10.849
15 Feb 2015 04:31:15.822       17.700        -19.608        -9.681
15 Feb 2015 04:32:46.932       18.150        -23.167        -8.447
15 Feb 2015 04:34:21.763       18.704        -26.753        -7.132
15 Feb 2015 04:36:00.605       19.381        -30.364        -5.717
15 Feb 2015 04:37:42.402       20.189        -33.948        -4.197
15 Feb 2015 04:39:27.092       21.149        -37.497        -2.552
15 Feb 2015 04:41:14.888       22.289        -41.007        -0.751
15 Feb 2015 04:43:06.065       23.646        -44.481         1.249
15 Feb 2015 04:45:00.938       25.272        -47.916         3.501
15 Feb 2015 04:47:01.386       27.263        -51.352         6.115
15 Feb 2015 04:49:08.915       29.756        -54.807         9.232
15 Feb 2015 04:51:24.244       32.932        -58.261        13.039
15 Feb 2015 04:53:38.168       36.749        -61.451        17.451
15 Feb 2015 04:55:47.735       41.239        -64.297        22.495
15 Feb 2015 04:57:29.323       45.428        -66.341        27.105
15 Feb 2015 04:59:10.869       50.307        -68.194        32.395
15 Feb 2015 05:01:18.738       57.568        -70.207        40.159
15 Feb 2015 05:03:39.198       67.065        -71.922        50.197
15 Feb 2015 05:06:11.300       78.938        -73.073        62.642
15 Feb 2015 05:08:53.855       92.556        -73.382        76.859
15 Feb 2015 05:11:46.246      106.444        -72.671        91.374
15 Feb 2015 05:14:48.058      118.987        -70.940       104.570
15 Feb 2015 05:17:58.958      129.321        -68.333       115.587
15 Feb 2015 05:21:18.626      137.415        -65.036       124.395
15 Feb 2015 05:24:46.729      143.637        -61.206       131.366
15 Feb 2015 05:28:14.432      148.255        -57.130       136.740
15 Feb 2015 05:31:35.157      151.653        -53.032       140.881
15 Feb 2015 05:34:38.015      154.087        -49.204       144.006
15 Feb 2015 05:37:25.697      155.901        -45.634       146.468
15 Feb 2015 05:40:47.034      157.668        -41.291       149.035
15 Feb 2015 05:44:24.088      159.181        -36.555       151.442
15 Feb 2015 05:48:14.090      160.440        -31.490       153.689
15 Feb 2015 05:52:14.344      161.454        -26.161       155.790
15 Feb 2015 05:56:22.804      162.241        -20.619       157.770
15 Feb 2015 06:00:37.754      162.818        -14.910       159.657
15 Feb 2015 06:04:50.831      163.189         -9.229       161.432
15 Feb 2015 06:08:58.642      163.379         -3.659       163.115
15 Feb 2015 06:13:00.233      163.405          1.773       164.736
15 Feb 2015 06:16:54.522      163.284          7.041       166.316
15 Feb 2015 06:20:43.905      163.019         12.197       167.899
15 Feb 2015 06:23:54.161      162.682         16.474       169.261
15 Feb 2015 06:26:28.356      162.322         19.940       170.411
15 Feb 2015 06:29:02.752      161.876         23.412       171.618
15 Feb 2015 06:32:11.570      161.198         27.661       173.189
15 Feb 2015 06:35:31.175      160.294         32.160       175.001
15 Feb 2015 06:38:56.553      159.116         36.797       177.080
15 Feb 2015 06:42:23.483      157.603         41.481       179.474
15 Feb 2015 06:45:48.961      155.671         46.142      -177.739
15 Feb 2015 06:49:10.765      153.201         50.722      -174.441
15 Feb 2015 06:52:27.290      150.022         55.165      -170.461
15 Feb 2015 06:55:37.449      145.884         59.413      -165.548
15 Feb 2015 06:58:40.590      140.429         63.386      -159.341
15 Feb 2015 07:01:36.425      133.155         66.974      -151.334
15 Feb 2015 07:04:24.962      123.452         70.004      -140.913
15 Feb 2015 07:06:46.880      112.565         72.006      -129.406
15 Feb 2015 07:09:08.722       99.072         73.212      -115.275
15 Feb 2015 07:11:18.480       85.219         73.371      -100.818
15 Feb 2015 07:13:17.251       72.582         72.613       -87.610
15 Feb 2015 07:15:06.606       62.016         71.167       -76.499
15 Feb 2015 07:16:48.637       53.541         69.246       -67.496
15 Feb 2015 07:18:28.081       46.632         66.923       -60.053
15 Feb 2015 07:19:35.842       42.629         65.123       -55.674
15 Feb 2015 07:20:44.376       39.096         63.147       -51.748
15 Feb 2015 07:22:11.551       35.249         60.431       -47.386
15 Feb 2015 07:23:42.520       31.887         57.384       -43.463
15 Feb 2015 07:25:11.433       29.133         54.218       -40.136
15 Feb 2015 07:26:38.155       26.866         50.968       -37.285
15 Feb 2015 07:28:02.780       24.987         47.656       -34.809
15 Feb 2015 07:29:25.407       23.421         44.301       -32.633
15 Feb 2015 07:30:46.149       22.110         40.918       -30.698
15 Feb 2015 07:32:05.145       21.009         37.517       -28.959
15 Feb 2015 07:33:13.031       20.190         34.531       -27.567
15 Feb 2015 07:34:19.398       19.491         31.564       -26.286
15 Feb 2015 07:35:24.650       18.892         28.606       -25.093
15 Feb 2015 07:36:28.419       18.385         25.683       -23.983
15 Feb 2015 07:37:19.718       18.030         23.314       -23.125
15 Feb 2015 07:38:11.177       17.716         20.926       -22.293
15 Feb 2015 07:39:02.236       17.446         18.547       -21.492
15 Feb 2015 07:39:54.174       17.210         16.122       -20.700
15 Feb 2015 07:40:42.413       17.024         13.868       -19.982
15 Feb 2015 07:41:34.085       16.859         11.458       -19.229
15 Feb 2015 07:42:29.175       16.720          8.895       -18.443
15 Feb 2015 07:43:22.307       16.621          6.436       -17.700
15 Feb 2015 07:44:24.017       16.546          3.600       -16.852
15 Feb 2015 07:45:21.738       16.515          0.970       -16.071
15 Feb 2015 07:46:17.561       16.519         -1.547       -15.324
15 Feb 2015 07:47:09.196       16.551         -3.851       -14.640
15 Feb 2015 07:48:19.674       16.638         -6.951       -13.713
15 Feb 2015 07:49:38.919       16.795        -10.372       -12.675
15 Feb 2015 07:51:01.788       17.022        -13.870       -11.589
15 Feb 2015 07:52:27.464       17.327        -17.396       -10.460
15 Feb 2015 07:53:56.290       17.716        -20.952        -9.274
15 Feb 2015 07:55:28.589       18.202        -24.537        -8.016
15 Feb 2015 07:57:04.661       18.799        -28.150        -6.671
15 Feb 2015 07:58:44.785       19.525        -31.785        -5.216
15 Feb 2015 08:00:27.871       20.393        -35.394        -3.647
15 Feb 2015 08:02:13.956       21.426        -38.967        -1.937
15 Feb 2015 08:04:03.268       22.656        -42.505        -0.051
15 Feb 2015 08:05:56.096       24.129        -46.007         2.059
15 Feb 2015 08:07:52.772       25.904        -49.471         4.457
15 Feb 2015 08:09:56.142       28.113        -52.962         7.292
15 Feb 2015 08:12:06.884       30.910        -56.465        10.717
15 Feb 2015 08:14:23.405       34.453        -59.897        14.885
15 Feb 2015 08:16:36.532       38.680        -63.004        19.697
15 Feb 2015 08:18:27.915       42.947        -65.396        24.435
15 Feb 2015 08:20:19.244       48.016        -67.569        29.962
15 Feb 2015 08:22:13.952       54.221        -69.539        36.627
15 Feb 2015 08:24:27.790       62.857        -71.418        45.788
15 Feb 2015 08:26:53.569       73.935        -72.839        57.423
15 Feb 2015 08:29:30.152       87.175        -73.511        71.250
15 Feb 2015 08:32:16.650      101.345        -73.195        86.034
15 Feb 2015 08:35:12.537      114.694        -71.823       100.024
15 Feb 2015 08:38:17.412      125.980        -69.499       111.978
15 Feb 2015 08:41:30.934      134.910        -66.414       121.606
15 Feb 2015 08:44:52.759      141.778        -62.744       129.205
15 Feb 2015 08:48:21.725      147.016        -58.638       135.207
15 Feb 2015 08:51:46.183      150.854        -54.429       139.805
15 Feb 2015 08:54:20.016      153.136        -51.176       142.668
15 Feb 2015 08:56:53.510      155.018        -47.874       145.141
15 Feb 2015 08:59:55.185      156.845        -43.912       147.684
15 Feb 2015 09:03:18.283      158.486        -39.429       150.151
15 Feb 2015 09:06:56.460      159.881        -34.563       152.467
15 Feb 2015 09:10:46.295      161.028        -29.396       154.630
15 Feb 2015 09:14:45.320      161.940        -23.988       156.657
15 Feb 2015 09:18:51.601      162.634        -18.390       158.575
15 Feb 2015 09:23:01.768      163.123        -12.685       160.399
15 Feb 2015 09:27:07.310      163.417         -7.074       162.111
15 Feb 2015 09:31:07.584      163.540         -1.578       163.746
15 Feb 2015 09:35:01.520      163.510          3.776       165.329
15 Feb 2015 09:38:48.057      163.338          8.960       166.881
15 Feb 2015 09:42:29.558      163.026         14.030       168.444
15 Feb 2015 09:45:16.518      162.689         17.852       169.670
15 Feb 2015 09:48:03.673      162.254         21.681       170.955
15 Feb 2015 09:50:58.254      161.683         25.684       172.377
15 Feb 2015 09:54:11.738      160.885         30.126       174.079
15 Feb 2015 09:57:33.033      159.835         34.757       176.036
15 Feb 2015 10:00:57.587      158.475         39.475       178.287
15 Feb 2015 10:04:21.987      156.730         44.203      -179.100
15 Feb 2015 10:07:43.704      154.494         48.876      -176.023
15 Feb 2015 10:11:00.876      151.614         53.439      -172.330
15 Feb 2015 10:14:12.204      147.869         57.831      -167.797
15 Feb 2015 10:17:16.868      142.931         61.982      -162.096
15 Feb 2015 10:20:14.453      136.334         65.792      -154.755
15 Feb 2015 10:23:04.877      127.455         69.108      -145.150
15 Feb 2015 10:25:31.239      117.078         71.465      -134.134
15 Feb 2015 10:27:57.403      103.758         73.061      -120.158
15 Feb 2015 10:30:10.415       89.562         73.563      -105.346
15 Feb 2015 10:32:11.706       76.188         73.063       -91.391
15 Feb 2015 10:34:03.167       64.781         71.782       -79.431
15 Feb 2015 10:35:46.032       55.648         69.970       -69.770
15 Feb 2015 10:37:25.764       48.229         67.724       -61.818
15 Feb 2015 10:38:47.539       43.135         65.580       -56.273
15 Feb 2015 10:40:09.805       38.797         63.190       -51.465
15 Feb 2015 10:41:35.304       35.002         60.490       -47.162
15 Feb 2015 10:43:05.963       31.636         57.415       -43.237
15 Feb 2015 10:44:34.625       28.884         54.222       -39.914
15 Feb 2015 10:46:01.114       26.624         50.948       -37.071
15 Feb 2015 10:47:25.526       24.755         47.614       -34.606
15 Feb 2015 10:48:47.960       23.198         44.238       -32.442
15 Feb 2015 10:50:08.531       21.897         40.837       -30.520
15 Feb 2015 10:51:27.391       20.806         37.419       -28.792
15 Feb 2015 10:52:45.087       19.886         33.977       -27.216
15 Feb 2015 10:53:47.252       19.248         31.177       -26.032
15 Feb 2015 10:54:50.268       18.682         28.304       -24.892
15 Feb 2015 10:55:46.068       18.243         25.736       -23.927
15 Feb 2015 10:56:42.579       17.855         23.117       -22.988
15 Feb 2015 10:57:33.899       17.547         20.725       -22.165
15 Feb 2015 10:58:25.751       17.278         18.301       -21.358
15 Feb 2015 10:59:16.814       17.051         15.909       -20.586
15 Feb 2015 11:00:05.343       16.868         13.636       -19.869
15 Feb 2015 11:00:57.565       16.706         11.193       -19.114
15 Feb 2015 11:01:51.346       16.574          8.686       -18.353
15 Feb 2015 11:02:45.595       16.477          6.169       -17.600
15 Feb 2015 11:03:49.470       16.405          3.227       -16.728
15 Feb 2015 11:04:47.157       16.380          0.595       -15.954
15 Feb 2015 11:05:42.791       16.388         -1.918       -15.215
15 Feb 2015 11:06:39.313       16.429         -4.442       -14.471
15 Feb 2015 11:07:51.688       16.529         -7.627       -13.525
15 Feb 2015 11:09:12.609       16.700        -11.119       -12.470
15 Feb 2015 11:10:36.036       16.943        -14.639       -11.380
15 Feb 2015 11:12:02.307       17.264        -18.187       -10.244
15 Feb 2015 11:13:31.749       17.672        -21.765        -9.049
15 Feb 2015 11:15:04.676       18.180        -25.373        -7.778
15 Feb 2015 11:16:41.381       18.802        -29.007        -6.415
15 Feb 2015 11:18:22.136       19.560        -32.665        -4.937
15 Feb 2015 11:20:06.092       20.468        -36.304        -3.333
15 Feb 2015 11:21:53.127       21.551        -39.910        -1.577
15 Feb 2015 11:23:43.479       22.846        -43.482         0.370
15 Feb 2015 11:25:37.442       24.404        -47.019         2.563
15 Feb 2015 11:27:35.816       26.299        -50.533         5.084
15 Feb 2015 11:29:41.132       28.679        -54.074         8.091
15 Feb 2015 11:31:54.061       31.719        -57.624        11.763
15 Feb 2015 11:34:10.867       35.547        -61.042        16.212
15 Feb 2015 11:36:23.443       40.117        -64.102        21.360
15 Feb 2015 11:38:02.950       44.237        -66.211        25.900
15 Feb 2015 11:39:42.403       49.061        -68.131        31.133
15 Feb 2015 11:41:42.139       55.946        -70.149        38.499
15 Feb 2015 11:43:56.980       65.231        -71.952        48.313
15 Feb 2015 11:46:23.722       77.047        -73.225        60.692
15 Feb 2015 11:49:00.911       90.855        -73.664        75.091
15 Feb 2015 11:51:47.726      105.153        -73.062        90.007
15 Feb 2015 11:54:43.622      118.163        -71.402       103.662
15 Feb 2015 11:57:48.193      128.877        -68.830       115.050
15 Feb 2015 12:01:01.077      137.229        -65.545       124.104
15 Feb 2015 12:04:21.903      143.609        -61.720       131.220
15 Feb 2015 12:07:50.271      148.480        -57.477       136.863
15 Feb 2015 12:11:13.102      152.036        -53.175       141.183
15 Feb 2015 12:12:56.205      153.511        -50.943       143.053
15 Feb 2015 12:14:38.872      154.801        -48.695       144.741
15 Feb 2015 12:17:35.289      156.674        -44.787       147.312
15 Feb 2015 12:20:49.076      158.332        -40.440       149.759
15 Feb 2015 12:24:19.921      159.765        -35.663       152.082
15 Feb 2015 12:28:03.012      160.953        -30.567       154.254
15 Feb 2015 12:31:55.621      161.905        -25.220       156.287
15 Feb 2015 12:35:55.654      162.638        -19.674       158.205
15 Feb 2015 12:40:01.050      163.168        -13.985       160.033
15 Feb 2015 12:44:02.237      163.500         -8.380       161.743
15 Feb 2015 12:47:58.658      163.660         -2.879       163.372
15 Feb 2015 12:51:49.280      163.666          2.490       164.946
15 Feb 2015 12:55:33.067      163.529          7.703       166.486
15 Feb 2015 12:59:13.407      163.251         12.837       168.042
15 Feb 2015 13:02:09.004      162.920         16.931       169.330
15 Feb 2015 13:05:04.763      162.481         21.031       170.680
15 Feb 2015 13:07:50.097      161.956         24.892       172.024
15 Feb 2015 13:10:59.970      161.198         29.334       173.686
15 Feb 2015 13:14:18.257      160.193         33.984       175.598
15 Feb 2015 13:17:40.559      158.886         38.741       177.800
15 Feb 2015 13:21:03.308      157.202         43.524      -179.642
15 Feb 2015 13:24:23.855      155.036         48.265      -176.630
15 Feb 2015 13:27:40.233      152.238         52.906      -173.012
15 Feb 2015 13:30:51.052      148.587         57.386      -168.568
15 Feb 2015 13:33:55.428      143.757         61.633      -162.969
15 Feb 2015 13:36:52.908      137.271         65.548      -155.734
15 Feb 2015 13:39:43.395      128.480         68.978      -146.210
15 Feb 2015 13:42:10.057      118.095         71.441      -135.181
15 Feb 2015 13:44:36.485      104.627         73.134      -121.051
15 Feb 2015 13:46:49.405       90.171         73.699      -105.977
15 Feb 2015 13:48:50.434       76.504         73.226       -91.727
15 Feb 2015 13:50:41.582       64.854         71.944       -79.523
15 Feb 2015 13:52:24.129       55.558         70.115       -69.698
15 Feb 2015 13:54:03.460       48.044         67.844       -61.653
15 Feb 2015 13:55:21.361       43.111         65.777       -56.289
15 Feb 2015 13:56:39.799       38.890         63.479       -51.620
15 Feb 2015 13:58:05.267       35.015         60.760       -47.239
15 Feb 2015 13:59:35.400       31.610         57.682       -43.278
15 Feb 2015 14:01:03.984       28.819         54.469       -39.918
15 Feb 2015 14:02:30.404       26.534         51.175       -37.052
15 Feb 2015 14:03:54.757       24.647         47.822       -34.573
15 Feb 2015 14:05:17.144       23.080         44.429       -32.402
15 Feb 2015 14:06:37.682       21.773         41.010       -30.476
15 Feb 2015 14:07:56.532       20.677         37.576       -28.747
15 Feb 2015 14:09:14.333       19.753         34.115       -27.170
15 Feb 2015 14:10:15.262       19.125         31.360       -26.011
15 Feb 2015 14:11:17.339       18.565         28.520       -24.890
15 Feb 2015 14:12:13.076       18.125         25.946       -23.928
15 Feb 2015 14:13:09.484       17.735         23.323       -22.992
15 Feb 2015 14:14:00.964       17.425         20.917       -22.169
15 Feb 2015 14:14:53.125       17.152         18.471       -21.360
15 Feb 2015 14:15:44.373       16.923         16.063       -20.588
15 Feb 2015 14:16:33.228       16.738         13.768       -19.870
15 Feb 2015 14:17:25.863       16.574         11.298       -19.113
15 Feb 2015 14:18:19.881       16.441          8.772       -18.352
15 Feb 2015 14:19:14.498       16.343          6.231       -17.598
15 Feb 2015 14:20:18.901       16.270          3.256       -16.724
15 Feb 2015 14:21:16.915       16.244          0.600       -15.949
15 Feb 2015 14:22:12.874       16.253         -1.936       -15.211
15 Feb 2015 14:23:09.535       16.294         -4.474       -14.469
15 Feb 2015 14:24:22.209       16.394         -7.684       -13.523
15 Feb 2015 14:25:43.202       16.567        -11.192       -12.473
15 Feb 2015 14:27:06.672       16.810        -14.728       -11.387
15 Feb 2015 14:28:32.950       17.132        -18.293       -10.254
15 Feb 2015 14:30:02.357       17.541        -21.888        -9.062
15 Feb 2015 14:31:35.201       18.050        -25.512        -7.794
15 Feb 2015 14:33:11.770       18.675        -29.164        -6.433
15 Feb 2015 14:34:52.332       19.436        -32.839        -4.956
15 Feb 2015 14:36:36.582       20.353        -36.515        -3.342
15 Feb 2015 14:38:23.959       21.452        -40.161        -1.571
15 Feb 2015 14:40:14.694       22.769        -43.776         0.399
15 Feb 2015 14:42:09.081       24.359        -47.357         2.625
15 Feb 2015 14:44:07.956       26.302        -50.917         5.195
15 Feb 2015 14:46:13.857       28.754        -54.506         8.276
15 Feb 2015 14:48:27.472       31.905        -58.104        12.063
15 Feb 2015 14:50:45.249       35.908        -61.571        16.691
15 Feb 2015 14:52:58.201       40.699        -64.653        22.061
15 Feb 2015 14:54:31.653       44.745        -66.639        26.502
15 Feb 2015 14:56:05.015       49.453        -68.451        31.595
15 Feb 2015 14:58:05.161       56.630        -70.479        39.257
15 Feb 2015 15:00:19.387       66.255        -72.252        49.412
15 Feb 2015 15:02:45.496       78.477        -73.457        62.197
15 Feb 2015 15:05:21.872       92.617        -73.784        76.930
15 Feb 2015 15:08:07.652      107.021        -73.040        91.953
15 Feb 2015 15:11:02.268      119.897        -71.234       105.474
15 Feb 2015 15:14:05.288      130.355        -68.534       116.605
15 Feb 2015 15:17:16.329      138.438        -65.146       125.391
15 Feb 2015 15:20:35.002      144.587        -61.239       132.274
15 Feb 2015 15:24:00.897      149.271        -56.933       137.730
15 Feb 2015 15:27:23.265      152.721        -52.538       141.951
15 Feb 2015 15:29:21.383      154.345        -49.919       144.034
15 Feb 2015 15:31:19.080      155.739        -47.281       145.892
15 Feb 2015 15:34:18.111      157.510        -43.221       148.385
15 Feb 2015 15:37:34.304      159.067        -38.724       150.758
15 Feb 2015 15:41:05.748      160.395        -33.832       152.999
15 Feb 2015 15:44:48.250      161.483        -28.647       155.095
15 Feb 2015 15:48:39.256      162.344        -23.234       157.061
15 Feb 2015 15:52:36.807      162.995        -17.644       158.923
15 Feb 2015 15:56:35.355      163.445        -12.013       160.679
15 Feb 2015 16:00:29.809      163.711         -6.468       162.335
15 Feb 2015 16:04:19.393      163.815         -1.032       163.921
15 Feb 2015 16:08:03.108      163.771          4.269       165.462
15 Feb 2015 16:11:39.935      163.591          9.410       166.978
15 Feb 2015 16:15:11.459      163.276         14.428       168.503
15 Feb 2015 16:17:36.565      162.973         17.874       169.591
15 Feb 2015 16:20:01.896      162.591         21.328       170.727
15 Feb 2015 16:22:55.756      162.020         25.466       172.165
15 Feb 2015 16:26:04.889      161.233         29.976       173.856
15 Feb 2015 16:29:22.154      160.187         34.694       175.809
15 Feb 2015 16:32:42.920      158.825         39.511       178.065
15 Feb 2015 16:36:03.832      157.064         44.348      -179.304
15 Feb 2015 16:39:22.148      154.793         49.133      -176.188
15 Feb 2015 16:42:36.369      151.838         53.815      -172.415
15 Feb 2015 16:45:44.983      147.953         58.325      -167.739
15 Feb 2015 16:48:47.186      142.767         62.584      -161.784
15 Feb 2015 16:51:42.609      135.734         66.478      -154.001
15 Feb 2015 16:54:31.249      126.121         69.830      -143.654
15 Feb 2015 16:56:52.998      115.067         72.095      -131.968
15 Feb 2015 16:59:14.589      100.995         73.522      -117.248
15 Feb 2015 17:01:23.439       86.323         73.802      -101.966
15 Feb 2015 17:03:21.015       72.892         73.070       -87.961
15 Feb 2015 17:05:09.123       61.743         71.584       -76.266
15 Feb 2015 17:06:49.757       52.926         69.593       -66.922
15 Feb 2015 17:08:27.963       45.823         67.181       -59.286
15 Feb 2015 17:09:42.889       41.303         65.082       -54.346
15 Feb 2015 17:10:58.293       37.430         62.778       -50.036
15 Feb 2015 17:12:26.334       33.631         59.875       -45.709
15 Feb 2015 17:13:56.224       30.414         56.706       -41.931
15 Feb 2015 17:15:23.881       27.801         53.439       -38.746
15 Feb 2015 17:16:49.424       25.659         50.100       -36.022
15 Feb 2015 17:18:12.948       23.891         46.712       -33.660
15 Feb 2015 17:19:34.561       22.422         43.290       -31.584
15 Feb 2015 17:20:54.394       21.196         39.848       -29.738
15 Feb 2015 17:22:12.701       20.168         36.391       -28.074
15 Feb 2015 17:23:07.307       19.542         33.940       -26.988
15 Feb 2015 17:24:05.618       18.948         31.289       -25.887
15 Feb 2015 17:25:07.021       18.398         28.467       -24.784
15 Feb 2015 17:26:02.042       17.967         25.917       -23.840
15 Feb 2015 17:26:57.645       17.585         23.322       -22.923
15 Feb 2015 17:27:49.135       17.276         20.907       -22.104
15 Feb 2015 17:28:41.973       17.002         18.421       -21.290
15 Feb 2015 17:29:33.005       16.776         16.016       -20.526
15 Feb 2015 17:30:22.291       16.591         13.694       -19.806
15 Feb 2015 17:31:15.591       16.427         11.186       -19.045
15 Feb 2015 17:32:09.360       16.298          8.665       -18.293
15 Feb 2015 17:33:04.945       16.200          6.072       -17.531
15 Feb 2015 17:34:03.135       16.135          3.376       -16.746
15 Feb 2015 17:35:01.220       16.108          0.708       -15.975
15 Feb 2015 17:35:57.629       16.115         -1.858       -15.234
15 Feb 2015 17:36:53.305       16.155         -4.362       -14.509
15 Feb 2015 17:38:05.855       16.252         -7.580       -13.570
15 Feb 2015 17:39:26.807       16.422        -11.103       -12.524
15 Feb 2015 17:40:50.197       16.662        -14.654       -11.444
15 Feb 2015 17:42:16.343       16.981        -18.234       -10.318
15 Feb 2015 17:43:45.560       17.387        -21.845        -9.132
15 Feb 2015 17:45:18.151       17.893        -25.484        -7.871
15 Feb 2015 17:46:54.401       18.514        -29.152        -6.517
15 Feb 2015 17:48:34.576       19.271        -32.844        -5.047
15 Feb 2015 17:50:18.926       20.191        -36.557        -3.431
15 Feb 2015 17:52:06.491       21.295        -40.245        -1.653
15 Feb 2015 17:53:57.448       22.623        -43.904         0.330
15 Feb 2015 17:55:52.089       24.231        -47.531         2.576
15 Feb 2015 17:57:51.165       26.203        -51.137         5.175
15 Feb 2015 17:59:57.326       28.702        -54.774         8.305
15 Feb 2015 18:02:11.286       31.931        -58.422        12.172
15 Feb 2015 18:04:30.395       36.089        -61.959        16.962
15 Feb 2015 18:06:44.072       41.082        -65.082        22.538
15 Feb 2015 18:08:14.681       45.160        -67.020        27.000
15 Feb 2015 18:09:45.232       49.902        -68.785        32.118
15 Feb 2015 18:11:45.336       57.364        -70.813        40.067
15 Feb 2015 18:13:59.063       67.356        -72.552        50.589
15 Feb 2015 18:16:24.574       79.999        -73.682        63.797
15 Feb 2015 18:19:00.154       94.460        -73.889        78.851
15 Feb 2015 18:21:44.908      108.933        -72.995        93.942
15 Feb 2015 18:24:38.252      121.638        -71.042       107.293
15 Feb 2015 18:27:39.724      131.822        -68.216       118.150
15 Feb 2015 18:30:48.920      139.630        -64.727       126.660
15 Feb 2015 18:34:05.441      145.546        -60.741       133.311
15 Feb 2015 18:37:28.862      150.047        -56.374       138.582
15 Feb 2015 18:40:50.891      153.392        -51.882       142.706
15 Feb 2015 18:42:58.163      155.079        -48.997       144.894
15 Feb 2015 18:45:05.011      156.509        -46.089       146.832
15 Feb 2015 18:48:05.422      158.195        -41.909       149.257
15 Feb 2015 18:51:22.340      159.666        -37.300       151.562
15 Feb 2015 18:54:53.203      160.907        -32.324       153.734
15 Feb 2015 18:58:34.170      161.915        -27.076       155.767
15 Feb 2015 19:02:22.812      162.703        -21.619       157.678
15 Feb 2015 19:06:17.270      163.289        -16.001       159.492
15 Feb 2015 19:10:09.457      163.678        -10.423       161.191
15 Feb 2015 19:13:57.656      163.894         -4.932       162.803
15 Feb 2015 19:17:40.953      163.955          0.448       164.354
15 Feb 2015 19:21:18.380      163.873          5.692       165.868
15 Feb 2015 19:24:49.798      163.658         10.794       167.369
15 Feb 2015 19:27:51.915      163.357         15.194       168.705
15 Feb 2015 19:30:07.007      163.059         18.461       169.735
15 Feb 2015 19:32:22.320      162.690         21.737       170.810
15 Feb 2015 19:35:19.104      162.087         26.024       172.297
15 Feb 2015 19:38:27.809      161.268         30.612       174.022
15 Feb 2015 19:41:44.074      160.180         35.399       176.017
15 Feb 2015 19:45:03.450      158.760         40.280       178.329
15 Feb 2015 19:48:22.732      156.918         45.176      -178.959
15 Feb 2015 19:51:37.397      154.554         49.969      -175.761
15 Feb 2015 19:54:49.639      151.436         54.694      -171.825
15 Feb 2015 19:57:56.417      147.298         59.240      -166.896
15 Feb 2015 20:00:56.845      141.719         63.514      -160.547
15 Feb 2015 20:03:50.643      134.072         67.387      -152.148
15 Feb 2015 20:06:37.914      123.530         70.650      -140.868
15 Feb 2015 20:08:55.046      111.776         72.700      -128.493
15 Feb 2015 20:11:12.121       97.144         73.843      -113.224
15 Feb 2015 20:13:17.129       82.377         73.829       -97.858
15 Feb 2015 20:15:11.408       69.302         72.840       -84.217
15 Feb 2015 20:16:56.580       58.715         71.163       -73.091
15 Feb 2015 20:18:36.091       50.340         69.002       -64.188
15 Feb 2015 20:20:02.296       44.343         66.759       -57.717
15 Feb 2015 20:21:28.836       39.348         64.220       -52.231
15 Feb 2015 20:22:50.990       35.407         61.587       -47.806
15 Feb 2015 20:24:20.047       31.856         58.520       -43.712
15 Feb 2015 20:25:48.695       28.929         55.276       -40.220
15 Feb 2015 20:27:15.180       26.548         51.949       -37.264
15 Feb 2015 20:28:39.608       24.592         48.563       -34.723
15 Feb 2015 20:30:02.082       22.976         45.137       -32.510
15 Feb 2015 20:31:22.723       21.632         41.687       -30.555
15 Feb 2015 20:32:41.702       20.509         38.221       -28.809
15 Feb 2015 20:33:59.744       19.562         34.724       -27.218
15 Feb 2015 20:34:58.833       18.941         32.035       -26.090
15 Feb 2015 20:35:58.964       18.386         29.268       -25.001
15 Feb 2015 20:36:55.416       17.928         26.646       -24.025
15 Feb 2015 20:37:52.532       17.523         23.975       -23.079
15 Feb 2015 20:38:44.557       17.202         21.529       -22.249
15 Feb 2015 20:39:36.998       16.922         19.056       -21.440
15 Feb 2015 20:40:29.124       16.682         16.593       -20.659
15 Feb 2015 20:41:18.605       16.490         14.254       -19.936
15 Feb 2015 20:42:11.920       16.319         11.737       -19.176
15 Feb 2015 20:43:07.130       16.180          9.139       -18.405
15 Feb 2015 20:44:01.971       16.077          6.570       -17.655
15 Feb 2015 20:45:06.262       16.001          3.580       -16.792
15 Feb 2015 20:46:05.139       15.971          0.865       -16.014
15 Feb 2015 20:47:02.103       15.976         -1.736       -15.269
15 Feb 2015 20:47:56.008       16.012         -4.171       -14.571
15 Feb 2015 20:49:08.225       16.106         -7.389       -13.641
15 Feb 2015 20:50:29.077       16.271        -10.927       -12.602
15 Feb 2015 20:51:52.325       16.507        -14.492       -11.529
15 Feb 2015 20:53:18.270       16.820        -18.087       -10.410
15 Feb 2015 20:54:47.221       17.221        -21.712        -9.232
15 Feb 2015 20:56:19.475       17.721        -25.366        -7.981
15 Feb 2015 20:57:55.315       18.335        -29.049        -6.636
15 Feb 2015 20:59:35.004       19.085        -32.757        -5.176
15 Feb 2015 21:01:18.789       19.996        -36.488        -3.571
15 Feb 2015 21:03:06.441       21.100        -40.218        -1.793
15 Feb 2015 21:04:57.515       22.431        -43.922         0.195
15 Feb 2015 21:06:52.302       24.048        -47.598         2.452
15 Feb 2015 21:08:51.389       26.036        -51.248         5.068
15 Feb 2015 21:10:57.617       28.564        -54.934         8.229
15 Feb 2015 21:13:11.336       31.837        -58.624        12.141
15 Feb 2015 21:15:31.421       36.113        -62.232        17.055
15 Feb 2015 21:17:46.156       41.291        -65.415        22.823
15 Feb 2015 21:19:18.599       45.604        -67.406        27.528
15 Feb 2015 21:20:50.991       50.654        -69.210        32.962
15 Feb 2015 21:22:51.128       58.480        -71.219        41.278
15 Feb 2015 21:25:04.914       68.968        -72.903        52.298
15 Feb 2015 21:27:30.233       82.130        -73.920        66.027
15 Feb 2015 21:30:05.377       96.923        -73.957        81.413
15 Feb 2015 21:32:49.431      111.376        -72.869        96.487
15 Feb 2015 21:35:41.792      123.785        -70.731       109.543
15 Feb 2015 21:38:41.986      133.583        -67.754       120.014
15 Feb 2015 21:41:49.595      141.036        -64.147       128.170
15 Feb 2015 21:45:04.202      146.664        -60.071       134.533
15 Feb 2015 21:48:25.376      150.942        -55.635       139.580
15 Feb 2015 21:51:46.841      154.147        -51.048       143.573
15 Feb 2015 21:54:07.880      155.926        -47.776       145.915
15 Feb 2015 21:56:28.548      157.408        -44.477       147.969
15 Feb 2015 21:59:31.715      158.989        -40.138       150.317
15 Feb 2015 22:02:50.490      160.354        -35.387       152.544
15 Feb 2015 22:06:21.532      161.490        -30.307       154.636
15 Feb 2015 22:10:01.492      162.400        -24.982       156.596
15 Feb 2015 22:13:48.134      163.100        -19.471       158.444
15 Feb 2015 22:17:37.337      163.602        -13.879       160.190
15 Feb 2015 22:21:23.132      163.918         -8.359       161.829
15 Feb 2015 22:25:04.859      164.072         -2.928       163.394
15 Feb 2015 22:28:41.576      164.080          2.386       164.910
15 Feb 2015 22:32:12.341      163.951          7.559       166.397
15 Feb 2015 22:35:40.234      163.686         12.668       167.902
15 Feb 2015 22:38:23.212      163.375         16.678       169.128
15 Feb 2015 22:41:06.324      162.964         20.697       170.411
15 Feb 2015 22:43:49.863      162.437         24.735       171.773
15 Feb 2015 22:46:54.337      161.683         29.301       173.432
15 Feb 2015 22:50:07.418      160.674         34.096       175.351
15 Feb 2015 22:53:24.856      159.345         39.019       177.579
15 Feb 2015 22:56:43.030      157.615         43.979      -179.812
15 Feb 2015 22:59:56.103      155.402         48.827      -176.761
15 Feb 2015 23:03:05.647      152.510         53.585      -173.055
15 Feb 2015 23:06:13.431      148.607         58.265      -168.348
15 Feb 2015 23:09:15.177      143.327         62.696      -162.287
15 Feb 2015 23:12:10.511      136.048         66.754      -154.246
15 Feb 2015 23:14:59.500      125.904         70.237      -143.354
15 Feb 2015 23:17:18.969      114.317         72.513      -131.135
15 Feb 2015 23:19:38.291       99.550         73.881      -115.719
15 Feb 2015 23:21:44.723       84.357         74.035       -99.919
15 Feb 2015 23:23:39.941       70.734         73.148       -85.725
15 Feb 2015 23:25:25.815       59.656         71.516       -74.104
15 Feb 2015 23:27:05.240       50.963         69.380       -64.884
15 Feb 2015 23:28:32.039       44.710         67.125       -58.156
15 Feb 2015 23:29:59.146       39.533         64.561       -52.485
15 Feb 2015 23:31:20.345       35.535         61.945       -48.011
15 Feb 2015 23:32:48.906       31.921         58.879       -43.857
15 Feb 2015 23:34:17.547       28.934         55.617       -40.309
15 Feb 2015 23:35:44.024       26.511         52.272       -37.315
15 Feb 2015 23:37:08.450       24.528         48.869       -34.750
15 Feb 2015 23:38:30.930       22.892         45.426       -32.520
15 Feb 2015 23:39:51.588       21.534         41.958       -30.556
15 Feb 2015 23:41:10.603       20.402         38.477       -28.804
15 Feb 2015 23:42:28.780       19.447         34.960       -27.209
15 Feb 2015 23:43:26.983       18.831         32.301       -26.097
15 Feb 2015 23:44:26.021       18.281         29.575       -25.028
15 Feb 2015 23:45:22.635       17.818         26.938       -24.050
15 Feb 2015 23:46:19.894       17.409         24.252       -23.103
15 Feb 2015 23:47:12.143       17.083         21.789       -22.271
15 Feb 2015 23:48:04.807       16.799         19.298       -21.461
15 Feb 2015 23:48:57.261       16.556         16.812       -20.677
15 Feb 2015 23:49:47.075       16.361         14.450       -19.953
15 Feb 2015 23:50:40.787       16.187         11.907       -19.190
15 Feb 2015 23:51:36.456       16.045          9.279       -18.417
15 Feb 2015 23:52:31.541       15.941          6.690       -17.668
15 Feb 2015 23:53:36.059       15.863          3.679       -16.806
15 Feb 2015 23:54:35.332       15.831          0.937       -16.027
15 Feb 2015 23:55:32.696       15.836         -1.691       -15.282
15 Feb 2015 23:56:25.732       15.871         -4.096       -14.599
15 Feb 2015 23:57:37.950       15.963         -7.327       -13.674
15 Feb 2015 23:58:58.790       16.126        -10.881       -12.640
16 Feb 2015 00:00:21.990       16.360        -14.462       -11.573
16 Feb 2015 00:01:47.840       16.672        -18.072       -10.460
16 Feb 2015 00:03:16.641       17.070        -21.713        -9.288
16 Feb 2015 00:04:48.686       17.568        -25.383        -8.042
16 Feb 2015 00:06:24.252       18.180        -29.082        -6.704
16 Feb 2015 00:08:03.600       18.927        -32.807        -5.250
16 Feb 2015 00:09:46.976       19.837        -36.555        -3.651
16 Feb 2015 00:11:34.619       20.945        -40.321        -1.868
16 Feb 2015 00:13:25.936       22.288        -44.070         0.132
16 Feb 2015 00:15:21.009       23.926        -47.793         2.411
16 Feb 2015 00:17:20.357       25.945        -51.491         5.060
16 Feb 2015 00:19:26.935       28.525        -55.228         8.276
16 Feb 2015 00:21:39.884       31.853        -58.938        12.238
16 Feb 2015 00:23:59.094       36.216        -62.562        17.237
16 Feb 2015 00:26:14.805       41.605        -65.799        23.220
16 Feb 2015 00:27:46.679       46.056        -67.790        28.063
16 Feb 2015 00:29:18.479       51.282        -69.587        33.673
16 Feb 2015 00:31:18.603       59.458        -71.583        42.338
16 Feb 2015 00:33:32.157       70.400        -73.214        53.814
16 Feb 2015 00:35:57.051       84.031        -74.127        68.012
16 Feb 2015 00:38:31.531       99.100        -74.011        83.676
16 Feb 2015 00:41:14.668      113.507        -72.749        98.705
16 Feb 2015 00:44:05.835      125.641        -70.452       111.486
16 Feb 2015 00:47:04.542      135.100        -67.345       121.618
16 Feb 2015 00:50:10.360      142.249        -63.638       129.469
16 Feb 2015 00:53:22.864      147.632        -59.485       135.586
16 Feb 2015 00:56:41.615      151.720        -54.991       140.443
16 Feb 2015 01:00:02.915      154.817        -50.302       144.335
16 Feb 2015 01:02:28.735      156.586        -46.847       146.694
16 Feb 2015 01:04:54.200      158.049        -43.363       148.758
16 Feb 2015 01:07:57.760      159.554        -38.926       151.044
16 Feb 2015 01:11:16.076      160.844        -34.093       153.210
16 Feb 2015 01:14:45.653      161.908        -28.953       155.243
16 Feb 2015 01:18:23.326      162.753        -23.586       157.149
16 Feb 2015 01:22:06.981      163.394        -18.050       158.952
16 Feb 2015 01:25:50.385      163.840        -12.504       160.642
16 Feb 2015 01:29:30.486      164.111         -7.029       162.238
16 Feb 2015 01:33:06.508      164.227         -1.646       163.769
16 Feb 2015 01:36:37.554      164.201          3.620       165.257
16 Feb 2015 01:40:02.694      164.043          8.745       166.723
16 Feb 2015 01:43:23.744      163.754         13.775       168.203
16 Feb 2015 01:45:41.860      163.472         17.236       169.259
16 Feb 2015 01:48:00.165      163.114         20.707       170.361
16 Feb 2015 01:50:48.097      162.565         24.930       171.775
16 Feb 2015 01:53:51.295      161.800         29.550       173.444
16 Feb 2015 01:57:03.309      160.771         34.411       175.384
16 Feb 2015 02:00:19.672      159.413         39.402       177.642
16 Feb 2015 02:03:34.286      157.661         44.371      -179.737
16 Feb 2015 02:06:44.346      155.411         49.238      -176.654
16 Feb 2015 02:09:51.590      152.449         54.032      -172.881
16 Feb 2015 02:12:56.174      148.455         58.720      -168.090
16 Feb 2015 02:15:57.623      142.928         63.220      -161.776
16 Feb 2015 02:18:52.866      135.218         67.324      -153.296
16 Feb 2015 02:21:41.815      124.364         70.797      -141.686
16 Feb 2015 02:23:58.380      112.223         72.947      -128.919
16 Feb 2015 02:26:14.874       96.954         74.132      -113.008
16 Feb 2015 02:28:18.784       81.610         74.080       -97.063
16 Feb 2015 02:30:11.760       68.190         73.010       -83.078
16 Feb 2015 02:31:55.587       57.483         71.237       -71.834
16 Feb 2015 02:33:34.191       49.090         68.973       -62.913
16 Feb 2015 02:34:49.363       43.796         66.938       -57.203
16 Feb 2015 02:36:05.003       39.307         64.667       -52.284
16 Feb 2015 02:37:28.600       35.170         61.936       -47.656
16 Feb 2015 02:38:56.842       31.572         58.839       -43.520
16 Feb 2015 02:40:25.204       28.604         55.548       -39.993
16 Feb 2015 02:41:51.416       26.203         52.176       -37.022
16 Feb 2015 02:43:15.594       24.240         48.749       -34.479
16 Feb 2015 02:44:37.848       22.623         45.285       -32.271
16 Feb 2015 02:45:58.309       21.283         41.799       -30.327
16 Feb 2015 02:47:17.190       20.165         38.299       -28.592
16 Feb 2015 02:48:26.729       19.320         35.154       -27.179
16 Feb 2015 02:49:24.166       18.709         32.520       -26.083
16 Feb 2015 02:50:22.115       18.166         29.836       -25.034
16 Feb 2015 02:51:18.761       17.699         27.189       -24.057
16 Feb 2015 02:52:16.023       17.287         24.494       -23.112
16 Feb 2015 02:53:08.462       16.958         22.014       -22.280
16 Feb 2015 02:54:01.404       16.671         19.502       -21.468
16 Feb 2015 02:54:54.110       16.425         16.997       -20.684
16 Feb 2015 02:55:44.267       16.227         14.611       -19.958
16 Feb 2015 02:56:38.407       16.051         12.040       -19.193
16 Feb 2015 02:57:34.411       15.907          9.388       -18.420
16 Feb 2015 02:58:29.818       15.802          6.777       -17.671
16 Feb 2015 02:59:34.736       15.723          3.737       -16.809
16 Feb 2015 03:00:34.375       15.691          0.969       -16.030
16 Feb 2015 03:01:32.091       15.696         -1.684       -15.284
16 Feb 2015 03:02:24.758       15.729         -4.081       -14.610
16 Feb 2015 03:03:37.158       15.821         -7.333       -13.687
16 Feb 2015 03:04:58.028       15.984        -10.903       -12.659
16 Feb 2015 03:06:21.227       16.217        -14.500       -11.596
16 Feb 2015 03:07:47.033       16.529        -18.127       -10.488
16 Feb 2015 03:09:15.741       16.926        -21.783        -9.322
16 Feb 2015 03:10:47.638       17.423        -25.470        -8.081
16 Feb 2015 03:12:22.997       18.036        -29.186        -6.747
16 Feb 2015 03:14:02.074       18.784        -32.928        -5.296
16 Feb 2015 03:15:45.112       19.695        -36.694        -3.700
16 Feb 2015 03:17:32.348       20.806        -40.478        -1.918
16 Feb 2015 03:19:23.958       22.165        -44.273         0.099
16 Feb 2015 03:21:19.381       23.828        -48.044         2.404
16 Feb 2015 03:23:19.104       25.886        -51.791         5.093
16 Feb 2015 03:25:25.675       28.520        -55.567         8.362
16 Feb 2015 03:27:37.913       31.914        -59.295        12.387
16 Feb 2015 03:29:56.311       36.380        -62.935        17.486
16 Feb 2015 03:32:13.074       42.009        -66.222        23.715
16 Feb 2015 03:33:42.219       46.502        -68.165        28.589
16 Feb 2015 03:35:11.272       51.771        -69.915        34.231
16 Feb 2015 03:37:11.299       60.269        -71.903        43.221
16 Feb 2015 03:39:24.325       71.617        -73.489        55.103
16 Feb 2015 03:41:48.560       85.666        -74.310        69.719
16 Feb 2015 03:44:22.158      100.970        -74.060        85.619
16 Feb 2015 03:47:04.167      115.327        -72.648       100.596
16 Feb 2015 03:49:53.934      127.219        -70.215       113.134
16 Feb 2015 03:52:50.960      136.391        -66.999       122.979
16 Feb 2015 03:55:54.802      143.285        -63.207       130.573
16 Feb 2015 03:59:05.029      148.464        -58.990       136.484
16 Feb 2015 04:02:21.202      152.393        -54.449       141.180
16 Feb 2015 04:05:42.848      155.411        -49.650       145.003
16 Feb 2015 04:08:09.844      157.140        -46.094       147.334
16 Feb 2015 04:10:36.487      158.565        -42.511       149.373
16 Feb 2015 04:13:39.246      160.008        -38.008       151.605
16 Feb 2015 04:16:56.098      161.239        -33.121       153.719
16 Feb 2015 04:20:23.458      162.248        -27.942       155.703
16 Feb 2015 04:23:58.280      163.043        -22.551       157.566
16 Feb 2015 04:27:38.524      163.641        -17.003       159.330
16 Feb 2015 04:31:16.516      164.047        -11.498       160.976
16 Feb 2015 04:34:51.332      164.285         -6.061       162.536
16 Feb 2015 04:38:22.125      164.374         -0.717       164.037
16 Feb 2015 04:41:48.028      164.325          4.511       165.503
16 Feb 2015 04:45:08.133      164.148          9.599       166.949
16 Feb 2015 04:48:23.132      163.842         14.565       168.406
16 Feb 2015 04:50:35.489      163.554         17.943       169.435
16 Feb 2015 04:52:48.077      163.193         21.332       170.509
16 Feb 2015 04:55:39.613      162.604         25.727       171.983
16 Feb 2015 04:58:43.373      161.794         30.451       173.701
16 Feb 2015 05:01:55.306      160.705         35.406       175.703
16 Feb 2015 05:05:10.714      159.265         40.473       178.042
16 Feb 2015 05:08:21.250      157.431         45.437      -179.269
16 Feb 2015 05:11:27.932      155.057         50.313      -176.074
16 Feb 2015 05:14:30.521      151.941         55.077      -172.161
16 Feb 2015 05:17:30.239      147.725         59.719      -167.162
16 Feb 2015 05:20:29.703      141.751         64.223      -160.401
16 Feb 2015 05:23:24.828      133.220         68.323      -151.093
16 Feb 2015 05:26:04.919      121.836         71.532      -138.984
16 Feb 2015 05:28:17.701      108.969         73.470      -125.501
16 Feb 2015 05:30:30.497       93.180         74.370      -109.080
16 Feb 2015 05:32:31.209       77.859         74.032       -93.166
16 Feb 2015 05:34:21.388       64.889         72.725       -79.638
16 Feb 2015 05:36:02.670       54.766         70.785       -68.984
16 Feb 2015 05:37:40.337       46.809         68.369       -60.499
16 Feb 2015 05:38:53.478       41.906         66.278       -55.187
16 Feb 2015 05:40:06.990       37.753         63.974       -50.612
16 Feb 2015 05:41:33.106       33.711         61.059       -46.058
16 Feb 2015 05:43:01.493       30.310         57.858       -42.113
16 Feb 2015 05:44:28.958       27.541         54.512       -38.783
16 Feb 2015 05:45:54.324       25.298         51.097       -35.969
16 Feb 2015 05:47:17.704       23.463         47.635       -33.553
16 Feb 2015 05:48:39.220       21.950         44.143       -31.448
16 Feb 2015 05:49:59.022       20.695         40.634       -29.588
16 Feb 2015 05:51:17.523       19.646         37.106       -27.918
16 Feb 2015 05:52:09.467       19.041         34.736       -26.888
16 Feb 2015 05:53:03.458       18.479         32.245       -25.870
16 Feb 2015 05:54:02.258       17.939         29.506       -24.818
16 Feb 2015 05:54:57.081       17.496         26.932       -23.882
16 Feb 2015 05:55:52.493       17.104         24.314       -22.976
16 Feb 2015 05:56:44.832       16.782         21.830       -22.153
16 Feb 2015 05:57:38.749       16.494         19.263       -21.334
16 Feb 2015 05:58:30.953       16.256         16.773       -20.565
16 Feb 2015 05:59:21.612       16.061         14.357       -19.838
16 Feb 2015 06:00:16.610       15.887         11.738       -19.068
16 Feb 2015 06:01:11.777       15.751          9.119       -18.313
16 Feb 2015 06:02:08.528       15.648          6.438       -17.552
16 Feb 2015 06:03:08.159       15.579          3.639       -16.767
16 Feb 2015 06:04:07.707       15.548          0.867       -15.995
16 Feb 2015 06:05:05.598       15.554         -1.802       -15.252
16 Feb 2015 06:05:59.864       15.591         -4.279       -14.561
16 Feb 2015 06:07:13.029       15.687         -7.575       -13.635
16 Feb 2015 06:08:34.076       15.853        -11.162       -12.609
16 Feb 2015 06:09:57.431       16.091        -14.778       -11.549
16 Feb 2015 06:11:23.369       16.407        -18.423       -10.443
16 Feb 2015 06:12:52.178       16.811        -22.098        -9.277
16 Feb 2015 06:14:24.139       17.314        -25.803        -8.035
16 Feb 2015 06:15:59.518       17.935        -29.537        -6.699
16 Feb 2015 06:17:38.566       18.693        -33.299        -5.244
16 Feb 2015 06:19:21.524       19.617        -37.084        -3.639
16 Feb 2015 06:21:08.624       20.746        -40.887        -1.845
16 Feb 2015 06:23:00.103       22.130        -44.704         0.192
16 Feb 2015 06:24:56.132       23.840        -48.523         2.545
16 Feb 2015 06:26:56.669       25.970        -52.324         5.308
16 Feb 2015 06:29:02.912       28.685        -56.117         8.653
16 Feb 2015 06:31:14.762       32.197        -59.861        12.794
16 Feb 2015 06:33:32.682       36.845        -63.508        18.071
16 Feb 2015 06:35:50.176       42.796        -66.819        24.626
16 Feb 2015 06:37:07.196       46.857        -68.501        29.016
16 Feb 2015 06:38:24.158       51.534        -70.032        34.016
16 Feb 2015 06:40:23.804       60.183        -72.053        43.159
16 Feb 2015 06:42:35.002       71.654        -73.643        55.159
16 Feb 2015 06:44:57.664       85.918        -74.458        69.989
16 Feb 2015 06:47:29.567      101.430        -74.179        86.093
16 Feb 2015 06:50:09.698      115.898        -72.722       101.178
16 Feb 2015 06:52:57.368      127.797        -70.240       113.719
16 Feb 2015 06:55:52.054      136.919        -66.979       123.510
16 Feb 2015 06:58:53.305      143.745        -63.151       131.033
16 Feb 2015 07:02:00.686      148.860        -58.907       136.874
16 Feb 2015 07:05:13.755      152.733        -54.347       141.508
16 Feb 2015 07:08:32.051      155.704        -49.537       145.277
16 Feb 2015 07:10:41.084      157.239        -46.360       147.344
16 Feb 2015 07:12:49.614      158.527        -43.167       149.173
16 Feb 2015 07:15:45.776      159.979        -38.755       151.387
16 Feb 2015 07:18:56.526      161.228        -33.943       153.491
16 Feb 2015 07:22:18.544      162.261        -28.815       155.473
16 Feb 2015 07:25:48.268      163.081        -23.466       157.333
16 Feb 2015 07:29:23.496      163.703        -17.957       159.090
16 Feb 2015 07:32:57.297      164.134        -12.468       160.730
16 Feb 2015 07:36:28.221      164.397         -7.042       162.281
16 Feb 2015 07:39:55.482      164.511         -1.699       163.771
16 Feb 2015 07:43:18.246      164.488          3.536       165.223
16 Feb 2015 07:46:35.655      164.336          8.641       166.655
16 Feb 2015 07:49:49.295      164.056         13.659       168.103
16 Feb 2015 07:51:49.552      163.811         16.781       169.034
16 Feb 2015 07:53:49.990      163.506         19.913       170.002
16 Feb 2015 07:56:34.233      162.984         24.194       171.391
16 Feb 2015 07:59:32.856      162.254         28.865       173.025
16 Feb 2015 08:02:41.583      161.258         33.822       174.936
16 Feb 2015 08:05:54.992      159.934         38.926       177.167
16 Feb 2015 08:09:03.477      158.249         43.924       179.711
16 Feb 2015 08:12:07.324      156.088         48.817      -177.307
16 Feb 2015 08:15:06.949      153.273         53.601      -173.700
16 Feb 2015 08:18:03.195      149.512         58.266      -169.166
16 Feb 2015 08:20:57.761      144.296         62.793      -163.182
16 Feb 2015 08:23:51.562      136.773         67.075      -154.885
16 Feb 2015 08:26:31.146      126.659         70.579      -144.050
16 Feb 2015 08:28:59.444      113.348         73.114      -130.053
16 Feb 2015 08:31:03.199       99.084         74.335      -115.202
16 Feb 2015 08:33:07.124       83.075         74.424       -98.588
16 Feb 2015 08:35:00.524       68.887         73.401       -83.830
16 Feb 2015 08:36:44.471       57.629         71.612       -72.033
16 Feb 2015 08:38:22.639       48.928         69.309       -62.804
16 Feb 2015 08:39:29.239       44.038         67.474       -57.547
16 Feb 2015 08:40:36.350       39.835         65.439       -52.964
16 Feb 2015 08:41:59.462       35.481         62.702       -48.126
16 Feb 2015 08:43:26.702       31.740         59.611       -43.859
16 Feb 2015 08:44:54.954       28.645         56.290       -40.210
16 Feb 2015 08:46:21.195       26.153         52.883       -37.154
16 Feb 2015 08:47:45.407       24.128         49.420       -34.557
16 Feb 2015 08:49:07.708       22.468         45.921       -32.313
16 Feb 2015 08:50:28.236       21.097         42.402       -30.347
16 Feb 2015 08:51:47.236       19.957         38.868       -28.598
16 Feb 2015 08:52:56.817       19.097         35.697       -27.180
16 Feb 2015 08:53:51.199       18.509         33.187       -26.141
16 Feb 2015 08:54:46.012       17.983         30.632       -25.146
16 Feb 2015 08:55:42.656       17.503         27.969       -24.166
16 Feb 2015 08:56:40.124       17.078         25.250       -23.218
16 Feb 2015 08:57:32.782       16.739         22.746       -22.384
16 Feb 2015 08:58:25.937       16.441         20.209       -21.571
16 Feb 2015 08:59:19.721       16.183         17.637       -20.776
16 Feb 2015 09:00:10.586       15.977         15.203       -20.044
16 Feb 2015 09:01:05.459       15.792         12.580       -19.275
16 Feb 2015 09:02:03.316       15.638          9.823       -18.484
16 Feb 2015 09:02:58.927       15.528          7.184       -17.740
16 Feb 2015 09:04:03.565       15.444          4.136       -16.891
16 Feb 2015 09:05:04.254       15.407          1.298       -16.107
16 Feb 2015 09:05:49.079       15.405         -0.782       -15.534
16 Feb 2015 09:06:33.700       15.422         -2.836       -14.968
16 Feb 2015 09:07:41.646       15.488         -5.930       -14.110
16 Feb 2015 09:08:59.408       15.618         -9.417       -13.132
16 Feb 2015 09:10:21.619       15.820        -13.036       -12.095
16 Feb 2015 09:11:46.224       16.096        -16.683       -11.019
16 Feb 2015 09:13:13.512       16.455        -20.359        -9.889
16 Feb 2015 09:14:43.762       16.907        -24.066        -8.692
16 Feb 2015 09:16:17.243       17.467        -27.803        -7.410
16 Feb 2015 09:17:54.208       18.155        -31.568        -6.021
16 Feb 2015 09:19:34.899       18.995        -35.359        -4.498
16 Feb 2015 09:21:19.547       20.020        -39.173        -2.805
16 Feb 2015 09:23:08.382       21.275        -43.003        -0.895
16 Feb 2015 09:25:01.643       22.822        -46.843         1.296
16 Feb 2015 09:26:59.590       24.749        -50.684         3.858
16 Feb 2015 09:29:02.513       27.182        -54.511         6.920
16 Feb 2015 09:31:10.751       30.307        -58.303        10.671
16 Feb 2015 09:33:24.705       34.410        -62.024        15.398
16 Feb 2015 09:35:44.863       39.926        -65.609        21.542
16 Feb 2015 09:37:40.609       45.724        -68.277        27.841
16 Feb 2015 09:39:36.263       52.937        -70.607        35.542
16 Feb 2015 09:41:29.193       61.577        -72.469        44.649
16 Feb 2015 09:43:41.392       73.725        -73.982        57.332
16 Feb 2015 09:46:03.920       88.528        -74.638        72.702
16 Feb 2015 09:48:35.432      104.227        -74.147        88.995
16 Feb 2015 09:51:14.860      118.461        -72.473       103.847
16 Feb 2015 09:54:01.513      129.918        -69.808       115.947
16 Feb 2015 09:56:54.869      138.599        -66.407       125.295
16 Feb 2015 09:59:54.472      145.062        -62.474       132.455
16 Feb 2015 10:02:59.888      149.899        -58.153       138.017
16 Feb 2015 10:06:10.676      153.562        -53.535       142.441
16 Feb 2015 10:09:26.378      156.374        -48.683       146.051
16 Feb 2015 10:11:46.566      157.963        -45.158       148.225
16 Feb 2015 10:14:06.311      159.276        -41.614       150.135
16 Feb 2015 10:17:04.397      160.638        -37.063       152.283
16 Feb 2015 10:20:15.923      161.796        -32.136       154.319
16 Feb 2015 10:23:37.178      162.740        -26.931       156.233
16 Feb 2015 10:27:05.077      163.479        -21.532       158.031
16 Feb 2015 10:30:35.814      164.024        -16.040       159.722
16 Feb 2015 10:34:04.176      164.389        -10.597       161.304
16 Feb 2015 10:37:29.597      164.597         -5.219       162.811
16 Feb 2015 10:40:51.277      164.662          0.072       164.266
16 Feb 2015 10:44:08.416      164.596          5.252       165.692
16 Feb 2015 10:47:20.296      164.404         10.304       167.106
16 Feb 2015 10:50:05.970      164.132         14.676       168.366
16 Feb 2015 10:52:28.715      163.809         18.450       169.498
16 Feb 2015 10:54:51.572      163.396         22.237       170.686
16 Feb 2015 10:57:44.056      162.758         26.823       172.219
16 Feb 2015 11:00:48.125      161.880         31.738       174.013
16 Feb 2015 11:03:59.111      160.695         36.863       176.113
16 Feb 2015 11:07:05.317      159.190         41.885       178.482
16 Feb 2015 11:10:06.926      157.270         46.805      -178.774
16 Feb 2015 11:13:04.202      154.789         51.619      -175.502
16 Feb 2015 11:15:57.706      151.520         56.320      -171.464
16 Feb 2015 11:18:48.517      147.078         60.889      -166.266
16 Feb 2015 11:21:38.908      140.761         65.295      -159.190
16 Feb 2015 11:24:19.190      132.106         69.128      -149.811
16 Feb 2015 11:26:48.346      120.490         72.141      -137.509
16 Feb 2015 11:29:08.323      105.613         74.078      -121.973
16 Feb 2015 11:31:05.670       90.602         74.682      -106.395
16 Feb 2015 11:33:03.250       75.058         74.137       -90.265
16 Feb 2015 11:34:51.187       62.186         72.632       -76.840
16 Feb 2015 11:36:30.288       52.366         70.530       -66.496
16 Feb 2015 11:37:55.144       45.524         68.295       -59.191
16 Feb 2015 11:39:20.287       39.930         65.730       -53.117
16 Feb 2015 11:40:39.992       35.648         63.091       -48.372
16 Feb 2015 11:42:06.880       31.826         59.997       -44.028
16 Feb 2015 11:43:34.777       28.674         56.673       -40.327
16 Feb 2015 11:45:01.042       26.133         53.248       -37.227
16 Feb 2015 11:46:25.277       24.075         49.767       -34.600
16 Feb 2015 11:47:47.607       22.392         46.252       -32.337
16 Feb 2015 11:49:08.174       21.004         42.715       -30.359
16 Feb 2015 11:50:27.240       19.852         39.163       -28.602
16 Feb 2015 11:51:36.955       18.984         35.975       -27.180
16 Feb 2015 11:52:29.029       18.415         33.563       -26.183
16 Feb 2015 11:53:21.497       17.904         31.110       -25.228
16 Feb 2015 11:54:18.287       17.416         28.434       -24.244
16 Feb 2015 11:55:15.949       16.982         25.698       -23.291
16 Feb 2015 11:56:08.675       16.636         23.183       -22.456
16 Feb 2015 11:57:01.893       16.333         20.636       -21.643
16 Feb 2015 11:57:56.354       16.067         18.024       -20.839
16 Feb 2015 11:58:47.621       15.854         15.564       -20.104
16 Feb 2015 11:59:42.122       15.667         12.950       -19.343
16 Feb 2015 12:00:41.574       15.505         10.107       -18.533
16 Feb 2015 12:01:37.229       15.392          7.457       -17.792
16 Feb 2015 12:02:41.514       15.305          4.414       -16.952
16 Feb 2015 12:03:42.888       15.264          1.533       -16.163
16 Feb 2015 12:04:27.161       15.259         -0.530       -15.601
16 Feb 2015 12:05:11.207       15.274         -2.566       -15.045
16 Feb 2015 12:06:17.740       15.333         -5.612       -14.210
16 Feb 2015 12:07:34.649       15.456         -9.080       -13.248
16 Feb 2015 12:08:56.650       15.650        -12.713       -12.220
16 Feb 2015 12:10:20.979       15.918        -16.374       -11.153
16 Feb 2015 12:11:47.916       16.268        -20.063       -10.035
16 Feb 2015 12:13:17.735       16.710        -23.784        -8.850
16 Feb 2015 12:14:50.699       17.258        -27.534        -7.583
16 Feb 2015 12:16:27.059       17.932        -31.314        -6.210
16 Feb 2015 12:18:07.052       18.756        -35.120        -4.706
16 Feb 2015 12:19:50.908       19.763        -38.949        -3.034
16 Feb 2015 12:21:38.854       20.997        -42.796        -1.149
16 Feb 2015 12:23:31.122       22.518        -46.655         1.013
16 Feb 2015 12:25:27.962       24.414        -50.516         3.541
16 Feb 2015 12:27:29.654       26.810        -54.366         6.562
16 Feb 2015 12:29:36.518       29.889        -58.184        10.263
16 Feb 2015 12:31:48.934       33.934        -61.932        14.929
16 Feb 2015 12:34:07.364       39.379        -65.550        20.998
16 Feb 2015 12:36:06.968       45.415        -68.368        27.555
16 Feb 2015 12:38:06.457       53.023        -70.816        35.670
16 Feb 2015 12:39:55.254       61.566        -72.633        44.664
16 Feb 2015 12:42:06.248       73.924        -74.150        57.555
16 Feb 2015 12:44:27.302       88.974        -74.785        73.169
16 Feb 2015 12:46:57.237      104.872        -74.250        89.658
16 Feb 2015 12:49:34.878      119.171        -72.517       104.572
16 Feb 2015 12:52:19.511      130.587        -69.796       116.628
16 Feb 2015 12:55:10.601      139.183        -66.346       125.888
16 Feb 2015 12:58:07.686      145.560        -62.377       132.956
16 Feb 2015 13:01:10.332      150.319        -58.029       138.435
16 Feb 2015 13:04:18.104      153.920        -53.393       142.789
16 Feb 2015 13:07:30.554      156.681        -48.531       146.341
16 Feb 2015 13:09:27.691      158.025        -45.534       148.177
16 Feb 2015 13:11:24.283      159.165        -42.528       149.817
16 Feb 2015 13:14:15.114      160.546        -38.094       151.951
16 Feb 2015 13:17:19.970      161.733        -33.263       153.983
16 Feb 2015 13:20:35.664      162.713        -28.122       155.901
16 Feb 2015 13:23:58.390      163.487        -22.773       157.702
16 Feb 2015 13:27:25.005      164.068        -17.302       159.396
16 Feb 2015 13:30:49.520      164.467        -11.872       160.977
16 Feb 2015 13:34:11.441      164.707         -6.499       162.478
16 Feb 2015 13:37:30.000      164.804         -1.204       163.924
16 Feb 2015 13:40:44.439      164.770          3.990       165.337
16 Feb 2015 13:43:53.961      164.611          9.064       166.734
16 Feb 2015 13:46:59.338      164.328         14.039       168.145
16 Feb 2015 13:49:11.922      164.042         17.606       169.195
16 Feb 2015 13:51:24.642      163.677         21.185       170.293
16 Feb 2015 13:54:12.781      163.088         25.734       171.772
16 Feb 2015 13:57:13.600      162.266         30.645       173.509
16 Feb 2015 14:00:21.288      161.157         35.770       175.531
16 Feb 2015 14:03:24.366      159.749         40.795       177.801
16 Feb 2015 14:06:22.953      157.956         45.721      -179.585
16 Feb 2015 14:09:17.237      155.650         50.544      -176.493
16 Feb 2015 14:12:07.643      152.632         55.256      -172.713
16 Feb 2015 14:14:54.977      148.572         59.841      -167.908
16 Feb 2015 14:17:40.814      142.897         64.266      -161.491
16 Feb 2015 14:20:19.319      135.052         68.242      -152.929
16 Feb 2015 14:22:47.307      124.445         71.488      -141.641
16 Feb 2015 14:25:06.467      110.535         73.768      -127.077
16 Feb 2015 14:27:18.016       93.920         74.792      -109.828
16 Feb 2015 14:29:18.823       77.505         74.455       -92.813
16 Feb 2015 14:31:08.383       63.839         73.057       -78.587
16 Feb 2015 14:32:48.654       53.412         70.993       -67.631
16 Feb 2015 14:34:15.153       46.126         68.736       -59.875
16 Feb 2015 14:35:41.905       40.218         66.122       -53.481
16 Feb 2015 14:37:00.202       35.880         63.522       -48.689
16 Feb 2015 14:38:26.631       31.967         60.434       -44.259
16 Feb 2015 14:39:54.179       28.746         57.109       -40.495
16 Feb 2015 14:41:20.502       26.146         53.666       -37.340
16 Feb 2015 14:42:44.790       24.048         50.168       -34.676
16 Feb 2015 14:44:07.175       22.336         46.635       -32.390
16 Feb 2015 14:45:27.805       20.929         43.082       -30.396
16 Feb 2015 14:46:46.958       19.762         39.513       -28.629
16 Feb 2015 14:47:57.198       18.878         36.289       -27.192
16 Feb 2015 14:48:45.092       18.348         34.063       -26.272
16 Feb 2015 14:49:33.373       17.867         31.801       -25.388
16 Feb 2015 14:50:31.124       17.357         29.074       -24.382
16 Feb 2015 14:51:29.656       16.906         26.290       -23.411
16 Feb 2015 14:52:22.531       16.550         23.762       -22.571
16 Feb 2015 14:53:15.740       16.239         21.208       -21.758
16 Feb 2015 14:54:11.172       15.961         18.542       -20.939
16 Feb 2015 14:55:02.946       15.741         16.050       -20.198
16 Feb 2015 14:55:56.829       15.549         13.457       -19.447
16 Feb 2015 14:56:57.689       15.378         10.537       -18.621
16 Feb 2015 14:57:53.337       15.259          7.877       -17.882
16 Feb 2015 14:58:56.865       15.168          4.858       -17.056
16 Feb 2015 14:59:59.324       15.121          1.912       -16.257
16 Feb 2015 15:00:51.398       15.113         -0.524       -15.599
16 Feb 2015 15:01:43.329       15.132         -2.932       -14.949
16 Feb 2015 15:02:50.004       15.197         -5.990       -14.118
16 Feb 2015 15:04:08.727       15.329         -9.549       -13.139
16 Feb 2015 15:05:31.000       15.531        -13.201       -12.113
16 Feb 2015 15:06:55.600       15.808        -16.882       -11.046
16 Feb 2015 15:08:22.794       16.168        -20.592        -9.926
16 Feb 2015 15:09:52.848       16.621        -24.332        -8.738
16 Feb 2015 15:11:26.018       17.184        -28.103        -7.464
16 Feb 2015 15:13:02.548       17.875        -31.902        -6.081
16 Feb 2015 15:14:42.671       18.720        -35.729        -4.562
16 Feb 2015 15:16:26.612       19.754        -39.578        -2.870
16 Feb 2015 15:18:14.592       21.023        -43.446        -0.955
16 Feb 2015 15:20:06.842       22.592        -47.325         1.249
16 Feb 2015 15:22:03.609       24.554        -51.206         3.837
16 Feb 2015 15:24:05.168       27.042        -55.073         6.946
16 Feb 2015 15:26:11.832       30.257        -58.904        10.779
16 Feb 2015 15:28:23.979       34.506        -62.659        15.645
16 Feb 2015 15:30:42.065       40.265        -66.267        22.025
16 Feb 2015 15:32:39.365       46.570        -69.014        28.839
16 Feb 2015 15:34:36.546       54.520        -71.377        37.286
16 Feb 2015 15:36:29.345       63.980        -73.182        47.215
16 Feb 2015 15:38:41.211       77.206        -74.539        60.979
16 Feb 2015 15:41:02.860       92.900        -74.915        77.239
16 Feb 2015 15:43:32.911      108.812        -74.065        93.746
16 Feb 2015 15:46:10.282      122.579        -72.040       108.129
16 Feb 2015 15:48:54.286      133.297        -69.087       119.487
16 Feb 2015 15:51:44.394      141.274        -65.466       128.130
16 Feb 2015 15:54:40.153      147.172        -61.373       134.720
16 Feb 2015 15:57:41.135      151.576        -56.933       139.846
16 Feb 2015 16:00:46.913      154.914        -52.230       143.938
16 Feb 2015 16:03:57.041      157.479        -47.318       147.294
16 Feb 2015 16:06:21.306      159.009        -43.546       149.441
16 Feb 2015 16:08:45.124      160.262        -39.756       151.325
16 Feb 2015 16:11:41.938      161.507        -35.066       153.372
16 Feb 2015 16:14:50.577      162.550        -30.035       155.309
16 Feb 2015 16:18:07.301      163.388        -24.764       157.128
16 Feb 2015 16:21:29.373      164.032        -19.331       158.842
16 Feb 2015 16:24:50.343      164.489        -13.911       160.436
16 Feb 2015 16:28:09.114      164.782         -8.537       161.942
16 Feb 2015 16:31:24.986      164.930         -3.230       163.386
16 Feb 2015 16:34:37.242      164.945          1.991       164.791
16 Feb 2015 16:37:45.130      164.836          7.103       166.175
16 Feb 2015 16:40:51.137      164.600         12.177       167.581
16 Feb 2015 16:43:10.421      164.334         15.987       168.672
16 Feb 2015 16:45:29.827      163.984         19.809       169.812
16 Feb 2015 16:48:08.140      163.471         24.164       171.182
16 Feb 2015 16:51:04.431      162.729         29.033       172.835
16 Feb 2015 16:54:09.319      161.717         34.165       174.765
16 Feb 2015 16:57:09.770      160.430         39.202       176.917
16 Feb 2015 17:00:05.843      158.795         44.144       179.373
16 Feb 2015 17:02:57.650      156.704         48.985      -177.751
16 Feb 2015 17:05:45.490      153.987         53.719      -174.277
16 Feb 2015 17:08:29.934      150.377         58.333      -169.928
16 Feb 2015 17:11:12.043      145.419         62.797      -164.242
16 Feb 2015 17:13:49.847      138.504         66.950      -156.612
16 Feb 2015 17:16:17.526      129.119         70.470      -146.548
16 Feb 2015 17:18:36.581      116.550         73.149      -133.328
16 Feb 2015 17:20:48.182      100.787         74.698      -116.935
16 Feb 2015 17:22:53.178       83.539         74.880       -99.072
16 Feb 2015 17:24:46.767       68.359         73.814       -83.317
16 Feb 2015 17:26:30.200       56.576         71.919       -70.994
16 Feb 2015 17:28:07.640       47.659         69.491       -61.551
16 Feb 2015 17:29:20.633       42.253         67.353       -55.740
16 Feb 2015 17:30:33.905       37.749         64.988       -50.819
16 Feb 2015 17:31:58.662       33.481         62.025       -46.054
16 Feb 2015 17:33:25.637       29.938         58.776       -41.981
16 Feb 2015 17:34:52.724       27.054         55.345       -38.548
16 Feb 2015 17:36:17.785       24.743         51.847       -35.678
16 Feb 2015 17:37:40.897       22.869         48.307       -33.238
16 Feb 2015 17:39:02.202       21.336         44.743       -31.128
16 Feb 2015 17:40:21.904       20.072         41.163       -29.273
16 Feb 2015 17:41:40.837       19.015         37.546       -27.608
16 Feb 2015 17:42:36.355       18.372         34.966       -26.522
16 Feb 2015 17:43:32.695       17.795         32.321       -25.481
16 Feb 2015 17:44:33.094       17.253         29.461       -24.426
16 Feb 2015 17:45:31.538       16.797         26.673       -23.457
16 Feb 2015 17:46:24.383       16.437         24.139       -22.618
16 Feb 2015 17:47:17.779       16.121         21.569       -21.804
16 Feb 2015 17:48:13.716       15.836         18.870       -20.980
16 Feb 2015 17:49:05.930       15.611         16.349       -20.236
16 Feb 2015 17:49:59.898       15.416         13.744       -19.487
16 Feb 2015 17:51:00.635       15.242         10.820       -18.666
16 Feb 2015 17:51:56.528       15.120          8.139       -17.928
16 Feb 2015 17:52:59.947       15.025          5.114       -17.107
16 Feb 2015 17:54:03.278       14.975          2.115       -16.302
16 Feb 2015 17:55:03.422       14.965         -0.707       -15.548
16 Feb 2015 17:55:57.577       14.988         -3.226       -14.874
16 Feb 2015 17:57:05.537       15.059         -6.351       -14.033
16 Feb 2015 17:58:25.761       15.199         -9.986       -13.042
16 Feb 2015 17:59:48.277       15.409        -13.658       -12.017
16 Feb 2015 18:01:13.113       15.694        -17.358       -10.950
16 Feb 2015 18:02:40.524       16.063        -21.088        -9.829
16 Feb 2015 18:04:10.769       16.528        -24.848        -8.638
16 Feb 2015 18:05:44.097       17.103        -28.639        -7.358
16 Feb 2015 18:07:20.745       17.810        -32.459        -5.967
16 Feb 2015 18:09:00.940       18.675        -36.305        -4.435
16 Feb 2015 18:10:44.902       19.734        -40.175        -2.724
16 Feb 2015 18:12:32.851       21.037        -44.062        -0.781
16 Feb 2015 18:14:25.012       22.653        -47.961         1.464
16 Feb 2015 18:16:21.628       24.678        -51.861         4.111
16 Feb 2015 18:18:22.970       27.258        -55.745         7.307
16 Feb 2015 18:20:29.346       30.609        -59.589        11.271
16 Feb 2015 18:22:41.127       35.063        -63.349        16.339
16 Feb 2015 18:24:58.765       41.141        -66.947        23.033
16 Feb 2015 18:26:53.570       47.701        -69.620        30.092
16 Feb 2015 18:28:48.235       55.969        -71.895        38.846
16 Feb 2015 18:30:43.819       66.276        -73.664        49.634
16 Feb 2015 18:32:56.282       80.305        -74.860        64.203
16 Feb 2015 18:35:18.167       96.498        -74.985        80.966
16 Feb 2015 18:37:48.032      112.300        -73.849        97.363
16 Feb 2015 18:40:24.847      125.520        -71.569       111.201
16 Feb 2015 18:43:07.945      135.610        -68.420       121.931
16 Feb 2015 18:45:56.813      143.056        -64.657       130.043
16 Feb 2015 18:48:51.007      148.551        -60.461       136.229
16 Feb 2015 18:51:50.105      152.658        -55.946       141.057
16 Feb 2015 18:54:53.686      155.775        -51.188       144.928
16 Feb 2015 18:58:01.315      158.174        -46.237       148.119
16 Feb 2015 19:00:33.537      159.698        -42.175       150.302
16 Feb 2015 19:03:05.430      160.931        -38.093       152.214
16 Feb 2015 19:06:03.526      162.089        -33.278       154.197
16 Feb 2015 19:09:11.932      163.045        -28.159       156.068
16 Feb 2015 19:12:27.113      163.802        -22.834       157.824
16 Feb 2015 19:15:44.951      164.369        -17.419       159.469
16 Feb 2015 19:19:01.014      164.760        -12.038       161.006
16 Feb 2015 19:22:14.801      164.998         -6.706       162.466
16 Feb 2015 19:25:25.618      165.098         -1.445       163.875
16 Feb 2015 19:28:32.782      165.071          3.727       165.253
16 Feb 2015 19:31:35.559      164.922          8.791       166.618
16 Feb 2015 19:34:34.663      164.652         13.767       167.997
16 Feb 2015 19:36:48.649      164.362         17.500       169.071
16 Feb 2015 19:39:02.782      163.989         21.247       170.197
16 Feb 2015 19:41:49.766      163.390         25.929       171.691
16 Feb 2015 19:44:50.154      162.546         31.012       173.461
16 Feb 2015 19:47:49.305      161.452         36.087       175.438
16 Feb 2015 19:50:44.195      160.064         41.071       177.660
16 Feb 2015 19:53:34.861      158.300         45.959      -179.780
16 Feb 2015 19:56:21.456      156.034         50.746      -176.752
16 Feb 2015 19:59:04.319      153.073         55.423      -173.052
16 Feb 2015 20:01:44.068      149.103         59.971      -168.362
16 Feb 2015 20:04:21.845      143.590         64.350      -162.134
16 Feb 2015 20:06:51.896      136.043         68.279      -153.900
16 Feb 2015 20:09:13.166      125.777         71.544      -142.979
16 Feb 2015 20:11:26.843      112.167         73.903      -128.736
16 Feb 2015 20:13:33.822       95.624         75.051      -111.578
16 Feb 2015 20:15:34.787       78.410         74.812       -93.762
16 Feb 2015 20:17:25.005       63.973         73.410       -78.760
16 Feb 2015 20:19:05.432       53.103         71.293       -67.360
16 Feb 2015 20:20:27.741       45.932         69.090       -59.741
16 Feb 2015 20:21:50.331       40.111         66.552       -53.458
16 Feb 2015 20:23:09.699       35.581         63.865       -48.471
16 Feb 2015 20:24:35.568       31.612         60.736       -43.992
16 Feb 2015 20:26:02.477       28.368         57.376       -40.212
16 Feb 2015 20:27:28.546       25.752         53.886       -37.046
16 Feb 2015 20:28:52.595       23.651         50.345       -34.386
16 Feb 2015 20:30:14.771       21.944         46.773       -32.111
16 Feb 2015 20:31:35.241       20.544         43.182       -30.132
16 Feb 2015 20:32:54.414       19.384         39.573       -28.379
16 Feb 2015 20:34:01.771       18.542         36.450       -27.013
16 Feb 2015 20:34:43.019       18.085         34.518       -26.225
16 Feb 2015 20:35:24.223       17.668         32.574       -25.470
16 Feb 2015 20:36:21.020       17.153         29.876       -24.478
16 Feb 2015 20:37:18.816       16.695         27.111       -23.519
16 Feb 2015 20:38:11.627       16.330         24.571       -22.681
16 Feb 2015 20:39:05.052       16.008         21.992       -21.867
16 Feb 2015 20:40:01.594       15.715         19.256       -21.036
16 Feb 2015 20:40:54.302       15.484         16.703       -20.287
16 Feb 2015 20:41:48.275       15.286         14.090       -19.541
16 Feb 2015 20:42:48.712       15.108         11.170       -18.728
16 Feb 2015 20:43:44.875       14.982          8.467       -17.990
16 Feb 2015 20:44:48.024       14.884          5.443       -17.177
16 Feb 2015 20:45:52.549       14.828          2.376       -16.361
16 Feb 2015 20:46:53.172       14.815         -0.481       -15.605
16 Feb 2015 20:47:49.176       14.837         -3.097       -14.913
16 Feb 2015 20:48:55.845       14.903         -6.177       -14.093
16 Feb 2015 20:50:15.840       15.040         -9.820       -13.111
16 Feb 2015 20:51:38.239       15.245        -13.507       -12.094
16 Feb 2015 20:53:02.903       15.526        -17.222       -11.035
16 Feb 2015 20:54:30.079       15.889        -20.967        -9.923
16 Feb 2015 20:56:00.019       16.348        -24.743        -8.742
16 Feb 2015 20:57:32.967       16.917        -28.548        -7.474
16 Feb 2015 20:59:09.156       17.616        -32.383        -6.094
16 Feb 2015 21:00:48.808       18.472        -36.246        -4.575
16 Feb 2015 21:02:32.140       19.521        -40.132        -2.878
16 Feb 2015 21:04:19.367       20.813        -44.037        -0.950
16 Feb 2015 21:06:10.708       22.416        -47.954         1.278
16 Feb 2015 21:08:06.399       24.429        -51.873         3.908
16 Feb 2015 21:10:06.700       26.995        -55.778         7.086
16 Feb 2015 21:12:11.908       30.333        -59.644        11.033
16 Feb 2015 21:14:22.376       34.779        -63.427        16.088
16 Feb 2015 21:16:38.535       40.861        -67.049        22.782
16 Feb 2015 21:18:36.672       47.747        -69.843        30.183
16 Feb 2015 21:20:34.637       56.536        -72.200        39.474
16 Feb 2015 21:22:28.500       67.083        -73.929        50.496
16 Feb 2015 21:24:40.325       81.545        -75.064        65.498
16 Feb 2015 21:27:01.287       98.048        -75.083        82.569
16 Feb 2015 21:29:29.972      113.876        -73.818        98.990
16 Feb 2015 21:32:05.333      126.904        -71.419       112.633
16 Feb 2015 21:34:46.699      136.740        -68.176       123.107
16 Feb 2015 21:37:33.563      143.960        -64.344       130.989
16 Feb 2015 21:40:25.487      149.276        -60.098       136.992
16 Feb 2015 21:43:22.058      153.245        -55.548       141.678
16 Feb 2015 21:46:22.864      156.258        -50.766       145.440
16 Feb 2015 21:49:27.484      158.578        -45.802       148.544
16 Feb 2015 21:51:56.781      160.047        -41.745       150.667
16 Feb 2015 21:54:25.658      161.237        -37.672       152.528
16 Feb 2015 21:57:21.354      162.362        -32.839       154.475
16 Feb 2015 22:00:26.962      163.289        -27.708       156.312
16 Feb 2015 22:03:38.944      164.020        -22.381       158.037
16 Feb 2015 22:06:52.433      164.563        -16.995       159.647
16 Feb 2015 22:10:04.261      164.936        -11.641       161.154
16 Feb 2015 22:13:13.899      165.160         -6.335       162.588
16 Feb 2015 22:16:20.696      165.250         -1.096       163.975
16 Feb 2015 22:19:23.996      165.215          4.057       165.334
16 Feb 2015 22:22:23.106      165.061          9.105       166.682
16 Feb 2015 22:25:18.182      164.787         14.055       168.042
16 Feb 2015 22:27:39.334      164.471         18.058       169.187
16 Feb 2015 22:30:00.572      164.057         22.076       170.392
16 Feb 2015 22:32:49.937      163.413         26.915       171.942
16 Feb 2015 22:35:48.423      162.525         32.041       173.744
16 Feb 2015 22:38:42.819      161.395         37.078       175.735
16 Feb 2015 22:41:33.104      159.963         42.026       177.981
16 Feb 2015 22:44:19.309      158.140         46.879      -179.419
16 Feb 2015 22:47:01.595      155.796         51.631      -176.328
16 Feb 2015 22:49:40.296      152.724         56.272      -172.533
16 Feb 2015 22:52:16.008      148.591         60.776      -167.693
16 Feb 2015 22:54:49.813      142.828         65.100      -161.229
16 Feb 2015 22:57:14.700      135.003         68.917      -152.736
16 Feb 2015 22:59:31.650      124.342         72.063      -141.435
16 Feb 2015 23:01:41.662      110.267         74.276      -126.741
16 Feb 2015 23:03:45.481       93.396         75.250      -109.266
16 Feb 2015 23:05:43.696       76.218         74.834       -91.497
16 Feb 2015 23:07:32.529       61.987         73.278       -76.704
16 Feb 2015 23:09:11.621       51.443         71.050       -65.635
16 Feb 2015 23:10:24.565       45.178         69.026       -58.971
16 Feb 2015 23:11:37.843       39.990         66.736       -53.374
16 Feb 2015 23:12:58.836       35.317         63.963       -48.236
16 Feb 2015 23:14:24.465       31.341         60.809       -43.752
16 Feb 2015 23:15:51.076       28.102         57.426       -39.981
16 Feb 2015 23:17:16.972       25.494         53.911       -36.825
16 Feb 2015 23:18:40.858       23.403         50.348       -34.178
16 Feb 2015 23:20:02.891       21.707         46.755       -31.917
16 Feb 2015 23:21:23.253       20.317         43.145       -29.952
16 Feb 2015 23:22:42.468       19.166         39.512       -28.211
16 Feb 2015 23:23:48.474       18.348         36.436       -26.881
16 Feb 2015 23:24:27.596       17.916         34.595       -26.138
16 Feb 2015 23:25:06.305       17.524         32.761       -25.432
16 Feb 2015 23:26:02.023       17.018         30.105       -24.462
16 Feb 2015 23:26:58.700       16.566         27.385       -23.523
16 Feb 2015 23:27:51.343       16.200         24.845       -22.691
16 Feb 2015 23:28:44.840       15.875         22.255       -21.878
16 Feb 2015 23:29:41.635       15.579         19.498       -21.047
16 Feb 2015 23:30:34.737       15.344         16.918       -20.296
16 Feb 2015 23:31:29.068       15.143         14.279       -19.549
16 Feb 2015 23:32:29.969       14.962         11.327       -18.735
16 Feb 2015 23:33:26.500       14.835          8.597       -17.997
16 Feb 2015 23:34:29.717       14.735          5.560       -17.189
16 Feb 2015 23:35:34.860       14.678          2.452       -16.371
16 Feb 2015 23:36:35.867       14.665         -0.434       -15.615
16 Feb 2015 23:37:32.515       14.686         -3.089       -14.920
16 Feb 2015 23:38:38.972       14.752         -6.171       -14.108
16 Feb 2015 23:39:59.230       14.888         -9.842       -13.129
16 Feb 2015 23:41:21.620       15.093        -13.546       -12.118
16 Feb 2015 23:42:46.234       15.372        -17.278       -11.066
16 Feb 2015 23:44:13.309       15.735        -21.040        -9.960
16 Feb 2015 23:45:43.092       16.193        -24.832        -8.785
16 Feb 2015 23:47:15.819       16.761        -28.654        -7.522
16 Feb 2015 23:48:51.718       17.459        -32.506        -6.149
16 Feb 2015 23:50:31.008       18.315        -36.385        -4.635
16 Feb 2015 23:52:13.900       19.366        -40.288        -2.941
16 Feb 2015 23:54:00.604       20.660        -44.211        -1.016
16 Feb 2015 23:55:51.336       22.269        -48.147         1.213
16 Feb 2015 23:57:46.324       24.291        -52.085         3.849
16 Feb 2015 23:59:45.820       26.877        -56.009         7.041
17 Feb 2015 00:01:50.111       30.248        -59.894        11.017
17 Feb 2015 00:03:59.537       34.752        -63.694        16.126
17 Feb 2015 00:06:14.517       40.937        -67.328        22.918
17 Feb 2015 00:08:14.308       48.156        -70.186        30.660
17 Feb 2015 00:10:13.893       57.450        -72.572        40.464
17 Feb 2015 00:12:07.443       68.461        -74.254        51.949
17 Feb 2015 00:14:19.014       83.484        -75.285        67.512
17 Feb 2015 00:16:39.377      100.301        -75.140        84.898
17 Feb 2015 00:19:07.146      116.032        -73.694       101.221
17 Feb 2015 00:21:41.275      128.713        -71.139       114.515
17 Feb 2015 00:24:21.113      138.173        -67.778       124.610
17 Feb 2015 00:27:06.161      145.081        -63.862       132.177
17 Feb 2015 00:29:55.993      150.159        -59.555       137.939
17 Feb 2015 00:32:50.203      153.952        -54.962       142.444
17 Feb 2015 00:35:48.392      156.833        -50.152       146.070
17 Feb 2015 00:38:50.150      159.052        -45.168       149.069
17 Feb 2015 00:41:19.449      160.479        -41.036       151.157
17 Feb 2015 00:43:48.287      161.632        -36.890       152.988
17 Feb 2015 00:46:42.531      162.710        -32.010       154.892
17 Feb 2015 00:49:45.943      163.592        -26.852       156.687
17 Feb 2015 00:52:55.090      164.284        -21.512       158.373
17 Feb 2015 00:56:04.237      164.790        -16.157       159.939
17 Feb 2015 00:59:11.800      165.134        -10.832       161.411
17 Feb 2015 01:02:17.216      165.334         -5.555       162.816
17 Feb 2015 01:05:19.867      165.404         -0.344       164.178
17 Feb 2015 01:08:19.131      165.353          4.783       165.517
17 Feb 2015 01:11:14.347      165.183          9.809       166.849
17 Feb 2015 01:13:45.420      164.937         14.156       168.034
17 Feb 2015 01:16:16.562      164.589         18.519       169.272
17 Feb 2015 01:18:40.468      164.150         22.688       170.518
17 Feb 2015 01:21:31.920      163.468         27.678       172.117
17 Feb 2015 01:24:25.910      162.562         32.770       173.916
17 Feb 2015 01:27:15.953      161.411         37.775       175.907
17 Feb 2015 01:30:02.015      159.952         42.693       178.162
17 Feb 2015 01:32:44.054      158.097         47.515      -179.222
17 Feb 2015 01:35:22.387      155.708         52.239      -176.101
17 Feb 2015 01:37:57.353      152.569         56.852      -172.252
17 Feb 2015 01:40:29.297      148.342         61.322      -167.331
17 Feb 2015 01:42:58.227      142.489         65.571      -160.795
17 Feb 2015 01:45:18.930      134.525         69.320      -152.178
17 Feb 2015 01:47:32.370      123.652         72.399      -140.678
17 Feb 2015 01:49:39.382      109.310         74.534      -125.729
17 Feb 2015 01:51:40.607       92.230         75.417      -108.055
17 Feb 2015 01:53:36.566       75.033         74.909       -90.275
17 Feb 2015 01:55:24.739       60.790         73.258       -75.474
17 Feb 2015 01:57:03.090       50.371         70.952       -64.531
17 Feb 2015 01:57:56.932       45.683         69.436       -59.550
17 Feb 2015 01:58:51.123       41.606         67.764       -55.172
17 Feb 2015 02:00:11.521       36.565         65.060       -49.675
17 Feb 2015 02:01:36.021       32.318         61.982       -44.933
17 Feb 2015 02:03:02.263       28.843         58.639       -40.936
17 Feb 2015 02:04:28.326       26.044         55.136       -37.597
17 Feb 2015 02:05:52.709       23.805         51.563       -34.808
17 Feb 2015 02:07:15.203       21.998         47.957       -32.444
17 Feb 2015 02:08:35.986       20.524         44.333       -30.402
17 Feb 2015 02:09:55.458       19.309         40.690       -28.605
17 Feb 2015 02:11:06.118       18.394         37.396       -27.153
17 Feb 2015 02:12:02.155       17.762         34.752       -26.081
17 Feb 2015 02:12:58.062       17.207         32.090       -25.074
17 Feb 2015 02:13:51.580       16.739         29.524       -24.160
17 Feb 2015 02:14:45.663       16.322         26.915       -23.279
17 Feb 2015 02:15:38.027       15.969         24.378       -22.464
17 Feb 2015 02:16:32.726       15.649         21.719       -21.645
17 Feb 2015 02:17:28.451       15.369         19.005       -20.842
17 Feb 2015 02:18:21.613       15.143         16.413       -20.100
17 Feb 2015 02:19:18.398       14.944         13.648       -19.330
17 Feb 2015 02:20:19.734       14.773         10.668       -18.521
17 Feb 2015 02:21:17.179       14.654          7.888       -17.780
17 Feb 2015 02:22:23.540       14.562          4.695       -16.943
17 Feb 2015 02:23:27.002       14.518          1.664       -16.156
17 Feb 2015 02:24:17.181       14.513         -0.714       -15.540
17 Feb 2015 02:25:07.188       14.533         -3.066       -14.931
17 Feb 2015 02:26:15.525       14.601         -6.248       -14.102
17 Feb 2015 02:27:35.896       14.738         -9.939       -13.127
17 Feb 2015 02:28:58.316       14.943        -13.660       -12.122
17 Feb 2015 02:30:22.922       15.223        -17.410       -11.075
17 Feb 2015 02:31:49.943       15.587        -21.189        -9.974
17 Feb 2015 02:33:19.618       16.046        -24.998        -8.804
17 Feb 2015 02:34:52.179       16.615        -28.837        -7.546
17 Feb 2015 02:36:27.847       17.316        -32.706        -6.176
17 Feb 2015 02:38:06.835       18.175        -36.602        -4.664
17 Feb 2015 02:39:49.349       19.231        -40.523        -2.971
17 Feb 2015 02:41:35.598       20.533        -44.465        -1.043
17 Feb 2015 02:43:25.789       22.154        -48.418         1.193
17 Feb 2015 02:45:20.146       24.196        -52.375         3.843
17 Feb 2015 02:47:18.912       26.813        -56.318         7.062
17 Feb 2015 02:49:22.367       30.235        -60.219        11.084
17 Feb 2015 02:51:30.841       34.825        -64.033        16.274
17 Feb 2015 02:53:44.739       41.156        -67.675        23.208
17 Feb 2015 02:55:45.708       48.734        -70.579        31.314
17 Feb 2015 02:57:46.459       58.570        -72.971        41.666
17 Feb 2015 02:59:40.316       70.167        -74.598        53.739
17 Feb 2015 03:01:51.780       85.803        -75.495        69.917
17 Feb 2015 03:04:11.665      102.891        -75.155        87.573
17 Feb 2015 03:06:38.589      118.419        -73.506       103.691
17 Feb 2015 03:09:11.548      130.665        -70.783       116.549
17 Feb 2015 03:11:49.908      139.696        -67.299       126.213
17 Feb 2015 03:14:33.186      146.263        -63.295       133.435
17 Feb 2015 03:17:20.968      151.085        -58.926       138.939
17 Feb 2015 03:20:12.863      154.690        -54.291       143.253
17 Feb 2015 03:23:08.484      157.431        -49.451       146.735
17 Feb 2015 03:26:07.434      159.545        -44.449       149.624
17 Feb 2015 03:28:37.795      160.934        -40.209       151.686
17 Feb 2015 03:31:07.666      162.051        -35.958       153.495
17 Feb 2015 03:34:00.728      163.077        -31.025       155.354
17 Feb 2015 03:37:02.078      163.911        -25.835       157.104
17 Feb 2015 03:40:08.167      164.558        -20.491       158.745
17 Feb 2015 03:43:13.064      165.024        -15.165       160.267
17 Feb 2015 03:46:16.426      165.336         -9.869       161.702
17 Feb 2015 03:49:17.665      165.510         -4.622       163.078
17 Feb 2015 03:52:16.207      165.557          0.560       164.416
17 Feb 2015 03:55:11.458      165.485          5.661       165.735
17 Feb 2015 03:58:03.780      165.297         10.692       167.060
17 Feb 2015 04:00:23.912      165.051         14.797       168.173
17 Feb 2015 04:02:44.114      164.714         18.917       169.336
17 Feb 2015 04:05:15.041      164.235         23.369       170.661
17 Feb 2015 04:08:08.337      163.512         28.507       172.312
17 Feb 2015 04:10:57.913      162.585         33.564       174.109
17 Feb 2015 04:13:43.684      161.408         38.538       176.106
17 Feb 2015 04:16:25.398      159.921         43.418       178.371
17 Feb 2015 04:19:03.517      158.025         48.213      -178.988
17 Feb 2015 04:21:37.981      155.580         52.907      -175.826
17 Feb 2015 04:24:09.876      152.347         57.510      -171.893
17 Feb 2015 04:26:36.683      148.048         61.899      -166.920
17 Feb 2015 04:29:00.933      142.085         66.072      -160.291
17 Feb 2015 04:31:17.725      133.942         69.753      -151.512
17 Feb 2015 04:33:27.839      122.805         72.759      -139.760
17 Feb 2015 04:35:31.980      108.144         74.806      -124.502
17 Feb 2015 04:37:30.704       90.833         75.581      -106.608
17 Feb 2015 04:39:24.475       73.641         74.965       -88.841
17 Feb 2015 04:41:11.917       59.448         73.205       -74.092
17 Feb 2015 04:42:49.881       49.162         70.804       -63.283
17 Feb 2015 04:44:00.078       43.279         68.730       -57.016
17 Feb 2015 04:45:10.511       38.425         66.418       -51.768
17 Feb 2015 04:46:33.636       33.789         63.452       -46.653
17 Feb 2015 04:47:59.254       29.981         60.181       -42.335
17 Feb 2015 04:49:25.251       26.914         56.715       -38.739
17 Feb 2015 04:50:50.341       24.455         53.139       -35.738
17 Feb 2015 04:52:13.483       22.486         49.523       -33.218
17 Feb 2015 04:53:34.858       20.890         45.886       -31.062
17 Feb 2015 04:54:54.753       19.581         42.233       -29.182
17 Feb 2015 04:56:14.453       18.488         38.520       -27.495
17 Feb 2015 04:57:16.089       17.765         35.608       -26.297
17 Feb 2015 04:58:17.849       17.135         32.662       -25.174
17 Feb 2015 04:59:11.011       16.660         30.106       -24.262
17 Feb 2015 05:00:04.898       16.236         27.500       -23.383
17 Feb 2015 05:00:57.138       15.875         24.962       -22.567
17 Feb 2015 05:01:51.463       15.549         22.313       -21.754
17 Feb 2015 05:02:48.013       15.258         19.550       -20.939
17 Feb 2015 05:03:41.677       15.024         16.926       -20.191
17 Feb 2015 05:04:37.802       14.820         14.184       -19.432
17 Feb 2015 05:05:41.583       14.637         11.074       -18.594
17 Feb 2015 05:06:39.103       14.513          8.280       -17.856
17 Feb 2015 05:07:44.833       14.417          5.104       -17.031
17 Feb 2015 05:08:49.418       14.367          2.006       -16.235
17 Feb 2015 05:09:43.999       14.359         -0.592       -15.569
17 Feb 2015 05:10:38.464       14.381         -3.163       -14.911
17 Feb 2015 05:11:46.132       14.448         -6.326       -14.096
17 Feb 2015 05:13:06.570       14.586        -10.034       -13.127
17 Feb 2015 05:14:29.015       14.792        -13.773       -12.127
17 Feb 2015 05:15:53.606       15.073        -17.540       -11.086
17 Feb 2015 05:17:20.565       15.437        -21.336        -9.990
17 Feb 2015 05:18:50.124       15.897        -25.163        -8.825
17 Feb 2015 05:20:22.508       16.468        -29.019        -7.572
17 Feb 2015 05:21:57.932       17.170        -32.905        -6.206
17 Feb 2015 05:23:36.605       18.033        -36.819        -4.697
17 Feb 2015 05:25:18.730       19.093        -40.758        -3.004
17 Feb 2015 05:27:04.506       20.402        -44.716        -1.075
17 Feb 2015 05:28:54.139       22.035        -48.688         1.168
17 Feb 2015 05:30:47.845       24.096        -52.663         3.832
17 Feb 2015 05:32:45.862       26.743        -56.624         7.077
17 Feb 2015 05:34:48.460       30.217        -60.542        11.145
17 Feb 2015 05:36:55.956       34.892        -64.370        16.415
17 Feb 2015 05:39:08.745       41.370        -68.019        23.491
17 Feb 2015 05:41:11.150       49.344        -70.973        32.001
17 Feb 2015 05:43:13.342       59.786        -73.372        42.965
17 Feb 2015 05:45:07.551       72.012        -74.934        55.669
17 Feb 2015 05:47:18.897       88.258        -75.682        72.457
17 Feb 2015 05:49:38.276      105.546        -75.136        90.313
17 Feb 2015 05:52:04.321      120.798        -73.282       106.154
17 Feb 2015 05:54:36.070      132.578        -70.397       118.544
17 Feb 2015 05:57:12.911      141.178        -66.795       127.774
17 Feb 2015 05:59:54.385      147.409        -62.708       134.658
17 Feb 2015 06:02:40.091      151.985        -58.282       139.911
17 Feb 2015 06:05:29.651      155.408        -53.606       144.040
17 Feb 2015 06:08:22.691      158.015        -48.740       147.382
17 Feb 2015 06:11:18.830      160.026        -43.723       150.165
17 Feb 2015 06:13:50.036      161.376        -39.380       152.199
17 Feb 2015 06:16:20.778      162.457        -35.026       153.985
17 Feb 2015 06:19:12.506      163.433        -30.044       155.799
17 Feb 2015 06:22:11.659      164.220        -24.827       157.505
17 Feb 2015 06:25:13.601      164.821        -19.511       159.095
17 Feb 2015 06:28:14.417      165.251        -14.213       160.575
17 Feb 2015 06:31:13.701      165.532         -8.946       161.977
17 Feb 2015 06:34:10.902      165.681         -3.727       163.325
17 Feb 2015 06:37:05.483      165.708          1.429       164.640
17 Feb 2015 06:39:56.884      165.618          6.505       165.940
17 Feb 2015 06:42:47.023      165.410         11.562       167.263
17 Feb 2015 06:44:47.183      165.187         15.144       168.229
17 Feb 2015 06:46:47.468      164.894         18.741       169.233
17 Feb 2015 06:49:21.888      164.404         23.377       170.596
17 Feb 2015 06:52:11.389      163.692         28.493       172.221
17 Feb 2015 06:54:57.310      162.780         33.529       173.989
17 Feb 2015 06:57:33.681      161.671         38.305       175.877
17 Feb 2015 07:00:12.394      160.221         43.181       178.097
17 Feb 2015 07:02:47.359      158.377         47.966      -179.324
17 Feb 2015 07:05:18.763      156.003         52.652      -176.243
17 Feb 2015 07:07:46.860      152.890         57.224      -172.444
17 Feb 2015 07:10:13.619      148.649         61.701      -167.525
17 Feb 2015 07:12:34.894      142.882         65.879      -161.104
17 Feb 2015 07:14:49.231      134.999         69.593      -152.593
17 Feb 2015 07:16:57.273      124.174         72.666      -141.163
17 Feb 2015 07:18:59.650      109.788         74.817      -126.187
17 Feb 2015 07:20:56.867       92.517         75.723      -108.341
17 Feb 2015 07:22:49.351       75.045         75.231       -90.303
17 Feb 2015 07:24:37.475       60.230         73.522       -74.928
17 Feb 2015 07:26:15.819       49.539         71.125       -63.714
17 Feb 2015 07:27:25.497       43.517         69.061       -57.313
17 Feb 2015 07:28:35.408       38.563         66.756       -51.969
17 Feb 2015 07:29:58.196       33.832         63.785       -46.763
17 Feb 2015 07:31:23.512       29.959         60.505       -42.386
17 Feb 2015 07:32:49.254       26.849         57.029       -38.751
17 Feb 2015 07:34:14.302       24.358         53.433       -35.722
17 Feb 2015 07:35:37.438       22.369         49.798       -33.186
17 Feb 2015 07:36:58.819       20.759         46.142       -31.021
17 Feb 2015 07:38:18.767       19.442         42.469       -29.136
17 Feb 2015 07:39:38.727       18.340         38.728       -27.445
17 Feb 2015 07:40:41.612       17.602         35.745       -26.226
17 Feb 2015 07:41:44.487       16.962         32.732       -25.089
17 Feb 2015 07:42:41.725       16.455         29.969       -24.115
17 Feb 2015 07:43:34.507       16.045         27.406       -23.261
17 Feb 2015 07:44:26.699       15.690         24.861       -22.455
17 Feb 2015 07:45:21.893       15.363         22.161       -21.636
17 Feb 2015 07:46:18.171       15.078         19.402       -20.833
17 Feb 2015 07:47:12.159       14.847         16.753       -20.089
17 Feb 2015 07:48:09.950       14.642         13.921       -19.315
17 Feb 2015 07:49:12.096       14.469         10.882       -18.507
17 Feb 2015 07:50:10.309       14.347          8.046       -17.768
17 Feb 2015 07:51:17.555       14.254          4.789       -16.932
17 Feb 2015 07:52:21.910       14.209          1.693       -16.146
17 Feb 2015 07:53:13.529       14.204         -0.771       -15.522
17 Feb 2015 07:54:04.996       14.226         -3.209       -14.904
17 Feb 2015 07:55:13.877       14.295         -6.440       -14.081
17 Feb 2015 07:56:34.379       14.434        -10.166       -13.118
17 Feb 2015 07:57:56.863       14.641        -13.923       -12.123
17 Feb 2015 07:59:21.454       14.924        -17.708       -11.088
17 Feb 2015 08:00:48.367       15.289        -21.522        -9.997
17 Feb 2015 08:02:17.827       15.751        -25.366        -8.837
17 Feb 2015 08:03:50.053       16.324        -29.240        -7.587
17 Feb 2015 08:05:25.254       17.030        -33.143        -6.224
17 Feb 2015 08:07:03.634       17.897        -37.074        -4.716
17 Feb 2015 08:08:45.388       18.963        -41.030        -3.023
17 Feb 2015 08:10:30.714       20.283        -45.007        -1.089
17 Feb 2015 08:12:19.810       21.930        -48.997         1.163
17 Feb 2015 08:14:12.889       24.015        -52.990         3.845
17 Feb 2015 08:16:10.179       26.699        -56.967         7.122
17 Feb 2015 08:18:11.942       30.233        -60.901        11.245
17 Feb 2015 08:20:18.489       35.009        -64.741        16.611
17 Feb 2015 08:22:30.202       41.658        -68.394        23.853
17 Feb 2015 08:24:47.589       51.152        -71.689        33.948
17 Feb 2015 08:26:51.399       62.614        -74.007        45.938
17 Feb 2015 08:28:49.274       76.207        -75.413        60.025
17 Feb 2015 08:31:01.672       93.333        -75.821        77.696
17 Feb 2015 08:33:21.464      110.544        -74.865        95.477
17 Feb 2015 08:35:47.376      124.955        -72.647       110.479
17 Feb 2015 08:38:18.567      135.759        -69.494       121.893
17 Feb 2015 08:40:54.480      143.561        -65.707       130.325
17 Feb 2015 08:43:34.687      149.209        -61.492       136.626
17 Feb 2015 08:46:18.811      153.369        -56.975       141.463
17 Feb 2015 08:49:06.488      156.494        -52.235       145.293
17 Feb 2015 08:51:57.359      158.881        -47.323       148.416
17 Feb 2015 08:54:51.055      160.728        -42.275       151.035
17 Feb 2015 08:57:45.700      162.157        -37.160       153.269
17 Feb 2015 09:00:23.025      163.165        -32.528       155.032
17 Feb 2015 09:03:15.875      164.034        -27.419       156.769
17 Feb 2015 09:06:14.127      164.717        -22.131       158.399
17 Feb 2015 09:09:11.704      165.220        -16.848       159.904
17 Feb 2015 09:12:08.106      165.568        -11.586       161.320
17 Feb 2015 09:15:02.821      165.779         -6.360       162.671
17 Feb 2015 09:17:55.343      165.865         -1.186       163.981
17 Feb 2015 09:20:45.161      165.835          3.922       165.269
17 Feb 2015 09:23:31.747      165.691          8.949       166.552
17 Feb 2015 09:25:58.271      165.465         13.386       167.715
17 Feb 2015 09:28:24.845      165.139         17.841       168.928
17 Feb 2015 09:30:44.376      164.722         22.099       170.147
17 Feb 2015 09:33:31.016      164.066         27.210       171.717
17 Feb 2015 09:36:13.907      163.224         32.236       173.413
17 Feb 2015 09:38:53.602      162.154         37.194       175.291
17 Feb 2015 09:41:29.723      160.800         42.071       177.410
17 Feb 2015 09:44:02.260      159.084         46.861       179.857
17 Feb 2015 09:46:31.305      156.885         51.557      -177.241
17 Feb 2015 09:48:57.050      154.018         56.145      -173.695
17 Feb 2015 09:51:19.829      150.192         60.601      -169.206
17 Feb 2015 09:53:34.081      145.195         64.694      -163.586
17 Feb 2015 09:55:47.505      138.143         68.558      -155.910
17 Feb 2015 09:57:54.950      128.416         71.865      -145.581
17 Feb 2015 09:59:56.891      115.217         74.366      -131.798
17 Feb 2015 10:01:53.809       98.611         75.728      -114.621
17 Feb 2015 10:03:46.112       80.689         75.705       -96.137
17 Feb 2015 10:05:34.158       64.648         74.363       -79.543
17 Feb 2015 10:07:15.919       52.409         72.103       -66.769
17 Feb 2015 10:08:23.901       45.900         70.184       -59.894
17 Feb 2015 10:09:32.170       40.531         68.005       -54.148
17 Feb 2015 10:10:52.330       35.446         65.193       -48.610
17 Feb 2015 10:12:16.736       31.205         61.999       -43.879
17 Feb 2015 10:13:42.246       27.795         58.569       -39.955
17 Feb 2015 10:15:07.399       25.073         54.996       -36.704
17 Feb 2015 10:16:31.187       22.899         51.352       -33.991
17 Feb 2015 10:17:53.158       21.153         47.682       -31.698
17 Feb 2015 10:19:13.573       19.733         43.997       -29.719
17 Feb 2015 10:20:33.361       18.557         40.269       -27.969
17 Feb 2015 10:21:40.626       17.718         37.079       -26.626
17 Feb 2015 10:22:48.184       16.994         33.841       -25.379
17 Feb 2015 10:23:40.225       16.509         31.325       -24.478
17 Feb 2015 10:24:33.009       16.074         28.759       -23.610
17 Feb 2015 10:25:24.833       15.698         26.228       -22.797
17 Feb 2015 10:26:18.153       15.360         23.614       -21.995
17 Feb 2015 10:27:16.398       15.043         20.752       -21.155
17 Feb 2015 10:28:11.349       14.789         18.048       -20.392
17 Feb 2015 10:29:06.786       14.575         15.320       -19.645
17 Feb 2015 10:30:08.774       14.382         12.276       -18.835
17 Feb 2015 10:31:06.995       14.242          9.425       -18.094
17 Feb 2015 10:32:09.377       14.135          6.384       -17.318
17 Feb 2015 10:33:19.048       14.066          3.010       -16.467
17 Feb 2015 10:34:21.883       14.046         -0.009       -15.711
17 Feb 2015 10:35:21.519       14.064         -2.850       -15.000
17 Feb 2015 10:36:25.064       14.121         -5.848       -14.246
17 Feb 2015 10:37:45.269       14.249         -9.586       -13.294
17 Feb 2015 10:39:07.408       14.444        -13.355       -12.312
17 Feb 2015 10:40:31.585       14.713        -17.153       -11.290
17 Feb 2015 10:41:57.995       15.063        -20.979       -10.216
17 Feb 2015 10:43:26.857       15.507        -24.834        -9.075
17 Feb 2015 10:44:58.385       16.060        -28.720        -7.848
17 Feb 2015 10:46:32.785       16.741        -32.635        -6.512
17 Feb 2015 10:48:10.253       17.579        -36.579        -5.037
17 Feb 2015 10:49:50.983       18.610        -40.548        -3.383
17 Feb 2015 10:51:35.166       19.885        -44.539        -1.497
17 Feb 2015 10:53:22.994       21.477        -48.544         0.695
17 Feb 2015 10:55:14.669       23.489        -52.555         3.301
17 Feb 2015 10:57:10.412       26.078        -56.555         6.477
17 Feb 2015 10:59:10.467       29.480        -60.516        10.464
17 Feb 2015 11:01:15.126       34.073        -64.391        15.642
17 Feb 2015 11:03:24.744       40.461        -68.095        22.616
17 Feb 2015 11:05:39.793       49.592        -71.466        32.341
17 Feb 2015 11:07:31.163       59.631        -73.712        42.858
17 Feb 2015 11:09:22.417       72.175        -75.277        55.872
17 Feb 2015 11:11:31.178       89.000        -76.000        73.231
17 Feb 2015 11:13:47.718      106.767        -75.370        91.559
17 Feb 2015 11:16:10.468      122.165        -73.403       107.538
17 Feb 2015 11:18:38.429      133.852        -70.413       119.824
17 Feb 2015 11:21:11.002      142.278        -66.730       128.870
17 Feb 2015 11:23:47.750      148.339        -62.586       135.571
17 Feb 2015 11:26:28.299      152.771        -58.122       140.666
17 Feb 2015 11:29:12.298      156.079        -53.426       144.664
17 Feb 2015 11:31:59.404      158.595        -48.553       147.898
17 Feb 2015 11:34:49.265      160.535        -43.541       150.590
17 Feb 2015 11:37:03.117      161.741        -39.563       152.408
17 Feb 2015 11:39:16.183      162.722        -35.589       154.016
17 Feb 2015 11:42:00.399      163.694        -30.665       155.792
17 Feb 2015 11:44:52.302      164.482        -25.491       157.465
17 Feb 2015 11:47:46.711      165.087        -20.224       159.020
17 Feb 2015 11:50:40.232      165.524        -14.970       160.466
17 Feb 2015 11:53:32.495      165.818         -9.740       161.834
17 Feb 2015 11:56:23.025      165.981         -4.548       163.149
17 Feb 2015 11:59:11.343      166.026          0.590       164.431
17 Feb 2015 12:01:56.975      165.956          5.663       165.698
17 Feb 2015 12:04:40.451      165.775         10.688       166.976
17 Feb 2015 12:06:47.131      165.551         14.595       167.999
17 Feb 2015 12:08:53.911      165.246         18.519       169.065
17 Feb 2015 12:11:26.121      164.763         23.251       170.421
17 Feb 2015 12:14:08.414      164.079         28.324       171.991
17 Feb 2015 12:16:47.308      163.204         33.321       173.697
17 Feb 2015 12:19:22.867      162.095         38.244       175.590
17 Feb 2015 12:21:54.954      172.743         15.860       155.986
17 Feb 2015 12:24:23.589      152.574        -54.393       100.687
17 Feb 2015 12:26:48.867       69.497        -52.504         3.196
17 Feb 2015 12:29:10.980       70.668        -57.056         6.845
17 Feb 2015 12:31:12.898       72.222        -60.924        10.840
17 Feb 2015 12:32:12.898       73.266        -62.794        13.202
17 Feb 2015 12:33:58.289       75.759        -66.006        18.229
17 Feb 2015 12:36:06.149       80.468        -69.680        26.432
17 Feb 2015 12:38:09.053       87.713        -72.773        37.537
17 Feb 2015 12:40:06.984       98.175        -74.996        52.228
17 Feb 2015 12:42:00.342      111.369        -76.015        70.026
17 Feb 2015 12:43:49.483      108.576        -78.570        66.552
17 Feb 2015 12:45:34.724       68.898        -81.047        19.829
17 Feb 2015 12:47:13.934       34.330        -77.986       -21.384
17 Feb 2015 12:48:27.194       22.201        -73.847       -38.456
17 Feb 2015 12:49:40.581       16.317        -69.126       -49.347
17 Feb 2015 12:51:03.574       13.391        -63.512       -58.031
17 Feb 2015 12:52:28.621       12.548        -57.650       -64.918
17 Feb 2015 12:53:53.884       12.960        -51.763       -70.747
17 Feb 2015 12:55:18.459       14.170        -45.974       -75.951
17 Feb 2015 12:56:41.512       15.918        -40.378       -80.760
17 Feb 2015 12:58:02.913       18.058        -35.014       -85.337
17 Feb 2015 12:59:22.930       20.517        -29.888       -89.802
17 Feb 2015 13:00:42.026       23.265        -24.997       -94.254
17 Feb 2015 13:02:00.259       26.281        -20.361       -98.747
17 Feb 2015 13:03:01.353       28.838        -16.903      -102.346
17 Feb 2015 13:04:02.617       30.979        -13.889      -105.713
17 Feb 2015 13:05:08.817       26.848        -13.888      -105.711
17 Feb 2015 13:06:23.088       22.210        -13.887      -105.709
17 Feb 2015 13:07:35.720       17.683        -13.886      -105.707
17 Feb 2015 13:08:52.103       12.943        -13.886      -105.706
17 Feb 2015 13:10:06.615        8.350        -13.886      -105.704
17 Feb 2015 13:11:23.486        3.656        -13.885      -105.703
17 Feb 2015 13:12:37.281       -0.798        -13.885      -105.703
17 Feb 2015 13:13:48.770       -5.057        -13.885      -105.703
17 Feb 2015 13:14:56.220       -9.017        -13.885      -105.703
17 Feb 2015 13:16:00.006      -12.706        -13.885      -105.704
17 Feb 2015 13:17:22.011      -17.362        -13.885      -105.705
17 Feb 2015 13:18:45.794      -22.014        -13.885      -105.706
17 Feb 2015 13:20:11.686      -26.667        -13.884      -105.708
17 Feb 2015 13:21:39.914      -31.320        -13.883      -105.710
17 Feb 2015 13:23:10.701      -35.972        -13.882      -105.712
17 Feb 2015 13:24:44.261      -40.622        -13.880      -105.714
17 Feb 2015 13:26:20.801      -45.266        -13.878      -105.716
17 Feb 2015 13:28:00.521      -49.904        -13.876      -105.718
17 Feb 2015 13:29:43.615      -54.533        -13.873      -105.720
17 Feb 2015 13:31:30.276      -59.150        -13.871      -105.722
17 Feb 2015 13:33:20.701      -63.754        -13.868      -105.723
17 Feb 2015 13:35:15.097      -68.344        -13.864      -105.725
17 Feb 2015 13:37:13.690      -72.922        -13.861      -105.726
17 Feb 2015 13:39:16.736      -77.490        -13.858      -105.727
17 Feb 2015 13:41:24.536      -82.052        -13.854      -105.728
17 Feb 2015 13:43:37.464      -86.615        -13.851      -105.728
17 Feb 2015 13:45:56.016      -91.191        -13.847      -105.728
17 Feb 2015 13:47:47.986      -94.765        -13.844      -105.728
17 Feb 2015 13:49:39.818      -98.233        -13.842      -105.728
17 Feb 2015 13:51:50.361     -102.165        -13.839      -105.727
17 Feb 2015 13:54:08.990     -106.213        -13.836      -105.726
17 Feb 2015 13:56:34.022     -110.323        -13.833      -105.725
17 Feb 2015 13:59:04.368     -114.462        -13.831      -105.724
17 Feb 2015 14:01:39.376     -118.616        -13.828      -105.723
17 Feb 2015 14:04:18.567     -122.776        -13.826      -105.722
17 Feb 2015 14:07:01.540     -126.940        -13.824      -105.720
17 Feb 2015 14:09:47.924     -131.106        -13.822      -105.719
17 Feb 2015 14:12:37.353     -135.274        -13.820      -105.717
17 Feb 2015 14:15:29.461     -139.447        -13.819      -105.716
17 Feb 2015 14:17:40.307     -142.587        -13.818      -105.714
17 Feb 2015 14:19:49.965     -145.678        -13.817      -105.713
17 Feb 2015 14:22:35.091     -149.592        -13.817      -105.712
17 Feb 2015 14:25:28.998     -153.700        -13.816      -105.711
17 Feb 2015 14:25:56.294     -154.344        -13.816      -105.710
17 Feb 2015 14:26:56.294     -155.760        -13.816      -105.710
17 Feb 2015 14:29:55.493     -159.996        -13.815      -105.709
17 Feb 2015 14:32:49.191     -164.120        -13.815      -105.708
17 Feb 2015 14:35:41.430     -168.241        -13.815      -105.707
17 Feb 2015 14:38:31.572     -172.356        -13.814      -105.706
17 Feb 2015 14:41:19.168     -176.466        -13.814      -105.706
17 Feb 2015 14:44:03.759      179.430        -13.814      -105.705
17 Feb 2015 14:46:46.189      175.302        -13.814      -105.705
17 Feb 2015 14:48:56.668      171.919        -13.814      -105.705
17 Feb 2015 14:51:07.209      168.467        -13.814      -105.706
17 Feb 2015 14:53:51.425      164.015        -13.814      -105.706
17 Feb 2015 14:56:25.667      159.709        -13.814      -105.707
17 Feb 2015 14:59:03.248      155.168        -13.814      -105.708
17 Feb 2015 15:01:37.271      150.573        -13.813      -105.709
17 Feb 2015 15:04:07.765      145.916        -13.812      -105.711
17 Feb 2015 15:06:34.806      141.188        -13.811      -105.712
17 Feb 2015 15:08:58.555      136.378        -13.809      -105.714
17 Feb 2015 15:11:19.284      131.470        -13.807      -105.716
17 Feb 2015 15:13:36.993      126.459        -13.805      -105.718
17 Feb 2015 15:15:45.048      121.599        -13.802      -105.720
17 Feb 2015 15:17:50.727      116.626        -13.799      -105.722
17 Feb 2015 15:19:51.240      111.655        -13.795      -105.724
17 Feb 2015 15:21:46.979      106.683        -13.791      -105.725
17 Feb 2015 15:23:38.324      101.708        -13.787      -105.726
17 Feb 2015 15:25:25.611       96.729        -13.782      -105.727
17 Feb 2015 15:27:09.145       91.745        -13.777      -105.727
17 Feb 2015 15:28:29.226       87.769        -13.773      -105.727
17 Feb 2015 15:29:49.499       83.676        -13.769      -105.727
17 Feb 2015 15:31:07.352       79.602        -13.765      -105.726
17 Feb 2015 15:32:31.321       75.097        -13.761      -105.725
17 Feb 2015 15:33:56.474       70.413        -13.756      -105.724
17 Feb 2015 15:35:21.412       65.628        -13.752      -105.722
17 Feb 2015 15:36:45.480       60.788        -13.747      -105.720
17 Feb 2015 15:38:07.785       55.957        -13.743      -105.717
17 Feb 2015 15:39:28.544       51.137        -13.740      -105.715
17 Feb 2015 15:40:48.097       46.320        -13.737      -105.712
17 Feb 2015 15:42:06.920       41.493        -13.734      -105.709
17 Feb 2015 15:43:12.668       37.433        -13.732      -105.706
17 Feb 2015 15:44:18.843       33.324        -13.730      -105.704
17 Feb 2015 15:45:21.243       29.435        -13.729      -105.702
17 Feb 2015 15:46:29.822       25.154        -13.728      -105.700
17 Feb 2015 15:47:44.331       20.505        -13.727      -105.698
17 Feb 2015 15:48:57.380       15.960        -13.727      -105.696
17 Feb 2015 15:50:13.458       11.252        -13.726      -105.695
17 Feb 2015 15:51:28.429        6.649        -13.726      -105.694
17 Feb 2015 15:52:45.178        1.985        -13.726      -105.693
17 Feb 2015 15:53:57.943       -2.382        -13.726      -105.693
17 Feb 2015 15:55:00.752       -6.103        -13.726      -105.693
17 Feb 2015 15:56:03.646       -9.779        -13.726      -105.693
17 Feb 2015 15:57:14.105      -13.833        -13.726      -105.694
17 Feb 2015 15:58:36.601      -18.487        -13.726      -105.695
17 Feb 2015 16:00:00.976      -23.138        -13.725      -105.696
17 Feb 2015 16:01:27.521      -27.790        -13.724      -105.698
17 Feb 2015 16:02:56.463      -32.443        -13.723      -105.700
17 Feb 2015 16:04:28.022      -37.094        -13.722      -105.702
17 Feb 2015 16:06:02.410      -41.741        -13.720      -105.704
17 Feb 2015 16:07:39.830      -46.384        -13.718      -105.706
17 Feb 2015 16:09:20.480      -51.019        -13.716      -105.708
17 Feb 2015 16:11:04.553      -55.644        -13.713      -105.710
17 Feb 2015 16:12:52.243      -60.257        -13.711      -105.712
17 Feb 2015 16:14:43.747      -64.857        -13.708      -105.713
17 Feb 2015 16:16:39.277      -69.445        -13.704      -105.715
17 Feb 2015 16:18:39.063      -74.020        -13.701      -105.716
17 Feb 2015 16:20:43.372      -78.586        -13.697      -105.717
17 Feb 2015 16:22:52.519      -83.148        -13.694      -105.717
17 Feb 2015 16:25:06.904      -87.714        -13.690      -105.718
17 Feb 2015 16:27:27.068      -92.296        -13.687      -105.718
17 Feb 2015 16:29:33.478      -96.285        -13.684      -105.717
17 Feb 2015 16:31:34.129      -99.977        -13.681      -105.717
17 Feb 2015 16:33:48.745     -103.973        -13.678      -105.716
17 Feb 2015 16:36:10.482     -108.056        -13.675      -105.716
17 Feb 2015 16:38:38.024     -112.182        -13.673      -105.715
17 Feb 2015 16:41:10.524     -116.330        -13.670      -105.713
17 Feb 2015 16:43:47.428     -120.488        -13.668      -105.712
17 Feb 2015 16:46:28.298     -124.652        -13.666      -105.711
17 Feb 2015 16:49:12.749     -128.817        -13.664      -105.709
17 Feb 2015 16:52:00.414     -132.986        -13.662      -105.708
17 Feb 2015 16:54:50.928     -137.157        -13.661      -105.706
17 Feb 2015 16:57:43.921     -141.335        -13.659      -105.705
17 Feb 2015 17:00:20.024     -145.070        -13.658      -105.703
17 Feb 2015 17:02:55.682     -148.771        -13.657      -105.702
17 Feb 2015 17:05:48.043     -152.853        -13.657      -105.701
17 Feb 2015 17:08:43.294     -157.000        -13.656      -105.699
17 Feb 2015 17:11:37.591     -161.135        -13.656      -105.698
17 Feb 2015 17:14:30.590     -165.261        -13.655      -105.697
17 Feb 2015 17:17:21.821     -169.382        -13.655      -105.696
17 Feb 2015 17:20:10.829     -173.497        -13.655      -105.696
17 Feb 2015 17:22:57.168     -177.607        -13.655      -105.695
17 Feb 2015 17:25:40.375      178.290        -13.655      -105.695
17 Feb 2015 17:28:02.654      174.644        -13.655      -105.695
17 Feb 2015 17:30:24.979      170.924        -13.655      -105.695
17 Feb 2015 17:32:46.131      167.151        -13.655      -105.695
17 Feb 2015 17:35:21.536      162.890        -13.655      -105.696
17 Feb 2015 17:38:01.091      158.380        -13.655      -105.697
17 Feb 2015 17:40:37.142      153.822        -13.654      -105.698
17 Feb 2015 17:43:09.665      149.206        -13.653      -105.699
17 Feb 2015 17:45:38.683      144.527        -13.652      -105.701
17 Feb 2015 17:48:04.295      139.773        -13.651      -105.703
17 Feb 2015 17:50:26.694      134.933        -13.649      -105.705
17 Feb 2015 17:52:46.191      129.991        -13.647      -105.707
17 Feb 2015 17:55:01.415      124.992        -13.645      -105.709
17 Feb 2015 17:57:06.433      120.173        -13.642      -105.710
17 Feb 2015 17:59:10.119      115.206        -13.638      -105.712
17 Feb 2015 18:01:08.827      110.238        -13.635      -105.714
17 Feb 2015 18:03:02.915      105.268        -13.631      -105.715
17 Feb 2015 18:04:52.743      100.295        -13.626      -105.716
17 Feb 2015 18:06:38.633       95.317        -13.621      -105.717
17 Feb 2015 18:08:20.882       90.336        -13.617      -105.717
17 Feb 2015 18:09:24.781       87.135        -13.613      -105.717
17 Feb 2015 18:10:28.891       83.855        -13.610      -105.717
17 Feb 2015 18:11:48.420       79.691        -13.606      -105.716
17 Feb 2015 18:13:12.127       75.195        -13.601      -105.715
17 Feb 2015 18:14:37.139       70.514        -13.597      -105.714
17 Feb 2015 18:16:01.968       65.732        -13.592      -105.712
17 Feb 2015 18:17:25.950       60.895        -13.588      -105.710
17 Feb 2015 18:18:48.222       56.064        -13.584      -105.707
17 Feb 2015 18:20:08.956       51.243        -13.581      -105.704
17 Feb 2015 18:21:28.498       46.427        -13.577      -105.702
17 Feb 2015 18:22:47.312       41.600        -13.575      -105.699
17 Feb 2015 18:23:55.562       37.385        -13.573      -105.696
17 Feb 2015 18:24:57.272       33.553        -13.571      -105.694
17 Feb 2015 18:25:58.970       29.709        -13.570      -105.692
17 Feb 2015 18:27:07.236       25.449        -13.569      -105.690
17 Feb 2015 18:28:21.830       20.796        -13.568      -105.688
17 Feb 2015 18:29:34.950       16.248        -13.567      -105.686
17 Feb 2015 18:30:51.065       11.539        -13.567      -105.684
17 Feb 2015 18:32:06.012        6.938        -13.567      -105.683
17 Feb 2015 18:33:22.845        2.270        -13.567      -105.683
17 Feb 2015 18:34:35.748       -2.105        -13.567      -105.682
17 Feb 2015 18:35:46.634       -6.301        -13.567      -105.682
17 Feb 2015 18:36:50.475      -10.025        -13.567      -105.683
17 Feb 2015 18:38:02.140      -14.138        -13.567      -105.683
17 Feb 2015 18:39:24.847      -18.791        -13.566      -105.685
17 Feb 2015 18:40:49.460      -23.442        -13.566      -105.686
17 Feb 2015 18:42:16.265      -28.094        -13.565      -105.688
17 Feb 2015 18:43:45.488      -32.745        -13.564      -105.689
17 Feb 2015 18:45:17.347      -37.395        -13.562      -105.692
17 Feb 2015 18:46:52.053      -42.042        -13.561      -105.694
17 Feb 2015 18:48:29.808      -46.683        -13.559      -105.696
17 Feb 2015 18:50:10.809      -51.317        -13.556      -105.698
17 Feb 2015 18:51:55.248      -55.941        -13.554      -105.700
17 Feb 2015 18:53:43.319      -60.552        -13.551      -105.702
17 Feb 2015 18:55:35.220      -65.151        -13.548      -105.703
17 Feb 2015 18:57:31.162      -69.737        -13.545      -105.705
17 Feb 2015 18:59:31.378      -74.311        -13.541      -105.706
17 Feb 2015 19:01:36.138      -78.877        -13.538      -105.707
17 Feb 2015 19:03:45.761      -83.440        -13.534      -105.707
17 Feb 2015 19:06:00.656      -88.007        -13.531      -105.707
17 Feb 2015 19:08:04.521      -92.053        -13.528      -105.707
17 Feb 2015 19:10:08.087      -95.959        -13.525      -105.707
17 Feb 2015 19:12:07.326      -99.615        -13.522      -105.707
17 Feb 2015 19:14:21.250     -103.601        -13.519      -105.706
17 Feb 2015 19:16:42.439     -107.678        -13.516      -105.705
17 Feb 2015 19:19:09.509     -111.802        -13.513      -105.704
17 Feb 2015 19:21:41.574     -115.950        -13.511      -105.703
17 Feb 2015 19:24:18.058     -120.108        -13.509      -105.702
17 Feb 2015 19:26:58.514     -124.272        -13.506      -105.701
17 Feb 2015 19:29:42.554     -128.439        -13.504      -105.699
17 Feb 2015 19:32:29.810     -132.608        -13.503      -105.698
17 Feb 2015 19:35:19.916     -136.781        -13.501      -105.696
17 Feb 2015 19:38:12.503     -140.960        -13.500      -105.694
17 Feb 2015 19:40:39.147     -144.478        -13.499      -105.693
17 Feb 2015 19:43:05.030     -147.957        -13.498      -105.692
17 Feb 2015 19:45:55.522     -152.006        -13.497      -105.691
17 Feb 2015 19:48:50.520     -156.157        -13.497      -105.689
17 Feb 2015 19:51:44.587     -160.293        -13.496      -105.688
17 Feb 2015 19:54:37.438     -164.422        -13.496      -105.687
17 Feb 2015 19:57:28.604     -168.544        -13.496      -105.686
17 Feb 2015 20:00:17.633     -172.662        -13.496      -105.686
17 Feb 2015 20:03:04.082     -176.775        -13.496      -105.685
17 Feb 2015 20:05:47.503      179.118        -13.496      -105.685
17 Feb 2015 20:08:28.300      174.996        -13.496      -105.685
17 Feb 2015 20:10:55.291      171.147        -13.496      -105.685
17 Feb 2015 20:13:11.997      167.487        -13.496      -105.685
17 Feb 2015 20:15:38.558      163.465        -13.495      -105.686
17 Feb 2015 20:18:18.098      158.958        -13.495      -105.687
17 Feb 2015 20:20:54.133      154.403        -13.495      -105.688
17 Feb 2015 20:23:26.648      149.793        -13.494      -105.689
17 Feb 2015 20:25:55.660      145.119        -13.493      -105.690
17 Feb 2015 20:28:21.260      140.372        -13.492      -105.692
17 Feb 2015 20:30:43.626      135.542        -13.490      -105.694
17 Feb 2015 20:33:03.053      130.611        -13.488      -105.696
17 Feb 2015 20:35:18.546      125.613        -13.486      -105.698
17 Feb 2015 20:37:27.774      120.640        -13.483      -105.700
17 Feb 2015 20:39:31.580      115.672        -13.479      -105.702
17 Feb 2015 20:41:30.346      110.707        -13.476      -105.704
17 Feb 2015 20:43:24.492      105.740        -13.471      -105.705
17 Feb 2015 20:45:14.380      100.770        -13.467      -105.706
17 Feb 2015 20:47:00.333       95.796        -13.462      -105.707
17 Feb 2015 20:48:42.647       90.818        -13.457      -105.707
17 Feb 2015 20:49:54.245       87.231        -13.454      -105.707
17 Feb 2015 20:51:06.047       83.549        -13.450      -105.707
17 Feb 2015 20:52:25.175       79.391        -13.446      -105.706
17 Feb 2015 20:53:48.929       74.878        -13.441      -105.705
17 Feb 2015 20:55:13.829       70.189        -13.437      -105.703
17 Feb 2015 20:56:38.494       65.404        -13.432      -105.702
17 Feb 2015 20:58:02.299       60.565        -13.428      -105.699
17 Feb 2015 20:59:24.390       55.735        -13.424      -105.697
17 Feb 2015 21:00:44.975       50.916        -13.421      -105.694
17 Feb 2015 21:02:04.425       46.099        -13.418      -105.691
17 Feb 2015 21:03:23.157       41.272        -13.415      -105.688
17 Feb 2015 21:04:29.888       37.149        -13.413      -105.686
17 Feb 2015 21:05:36.956       32.982        -13.411      -105.683
17 Feb 2015 21:06:38.378       29.155        -13.410      -105.681
17 Feb 2015 21:07:48.209       24.798        -13.409      -105.679
17 Feb 2015 21:09:02.061       20.194        -13.408      -105.677
17 Feb 2015 21:10:16.084       15.595        -13.408      -105.676
17 Feb 2015 21:11:31.276       10.950        -13.407      -105.674
17 Feb 2015 21:12:46.732        6.327        -13.407      -105.673
17 Feb 2015 21:14:02.518        1.733        -13.407      -105.672
17 Feb 2015 21:15:15.197       -2.618        -13.407      -105.672
17 Feb 2015 21:16:16.414       -6.234        -13.407      -105.672
17 Feb 2015 21:17:17.727       -9.808        -13.407      -105.673
17 Feb 2015 21:18:29.411      -13.922        -13.407      -105.673
17 Feb 2015 21:19:52.128      -18.574        -13.407      -105.674
17 Feb 2015 21:21:16.748      -23.225        -13.406      -105.676
17 Feb 2015 21:22:43.557      -27.876        -13.405      -105.677
17 Feb 2015 21:24:12.779      -32.526        -13.404      -105.679
17 Feb 2015 21:25:44.632      -37.176        -13.403      -105.681
17 Feb 2015 21:27:19.326      -41.822        -13.401      -105.683
17 Feb 2015 21:28:57.065      -46.463        -13.399      -105.686
17 Feb 2015 21:30:38.043      -51.096        -13.397      -105.688
17 Feb 2015 21:32:22.453      -55.720        -13.394      -105.690
17 Feb 2015 21:34:10.488      -60.331        -13.391      -105.691
17 Feb 2015 21:36:02.345      -64.930        -13.388      -105.693
17 Feb 2015 21:37:58.234      -69.516        -13.385      -105.694
17 Feb 2015 21:39:58.388      -74.091        -13.382      -105.696
17 Feb 2015 21:42:03.073      -78.657        -13.378      -105.696
17 Feb 2015 21:44:12.608      -83.220        -13.375      -105.697
17 Feb 2015 21:46:27.397      -87.788        -13.371      -105.697
17 Feb 2015 21:48:33.493      -91.910        -13.368      -105.697
17 Feb 2015 21:50:39.298      -95.887        -13.365      -105.697
17 Feb 2015 21:52:37.694      -99.518        -13.362      -105.697
17 Feb 2015 21:54:51.517     -103.503        -13.359      -105.696
17 Feb 2015 21:57:12.591     -107.579        -13.357      -105.695
17 Feb 2015 21:59:39.556     -111.703        -13.354      -105.694
17 Feb 2015 22:02:11.502     -115.850        -13.351      -105.693
17 Feb 2015 22:04:47.850     -120.010        -13.349      -105.692
17 Feb 2015 22:07:28.152     -124.174        -13.347      -105.690
17 Feb 2015 22:10:12.014     -128.342        -13.345      -105.689
17 Feb 2015 22:12:59.069     -132.513        -13.343      -105.687
17 Feb 2015 22:15:48.951     -136.687        -13.342      -105.686
17 Feb 2015 22:18:41.291     -140.868        -13.340      -105.684
17 Feb 2015 22:20:55.773     -144.101        -13.339      -105.683
17 Feb 2015 22:23:09.118     -147.290        -13.339      -105.682
17 Feb 2015 22:25:57.824     -151.307        -13.338      -105.681
17 Feb 2015 22:28:52.543     -155.461        -13.337      -105.679
17 Feb 2015 22:31:46.338     -159.599        -13.337      -105.678
17 Feb 2015 22:34:38.982     -163.730        -13.336      -105.677
17 Feb 2015 22:37:30.005     -167.854        -13.336      -105.676
17 Feb 2015 22:40:18.962     -171.974        -13.336      -105.676
17 Feb 2015 22:43:05.409     -176.089        -13.336      -105.675
17 Feb 2015 22:45:48.911      179.801        -13.336      -105.675
17 Feb 2015 22:48:30.635      175.655        -13.336      -105.675
17 Feb 2015 22:50:35.549      172.390        -13.336      -105.675
17 Feb 2015 22:52:40.546      169.060        -13.336      -105.675
17 Feb 2015 22:55:13.715      164.883        -13.336      -105.675
17 Feb 2015 22:57:53.844      160.388        -13.336      -105.676
17 Feb 2015 23:00:30.520      155.846        -13.335      -105.677
17 Feb 2015 23:03:03.692      151.251        -13.335      -105.678
17 Feb 2015 23:05:33.358      146.595        -13.334      -105.680
17 Feb 2015 23:07:59.584      141.870        -13.332      -105.682
17 Feb 2015 23:10:22.520      137.065        -13.331      -105.683
17 Feb 2015 23:12:42.418      132.166        -13.329      -105.685
17 Feb 2015 23:14:59.412      127.162        -13.327      -105.687
17 Feb 2015 23:17:10.123      122.182        -13.324      -105.689
17 Feb 2015 23:19:13.103      117.298        -13.321      -105.691
17 Feb 2015 23:21:13.037      112.336        -13.317      -105.693
17 Feb 2015 23:23:08.288      107.373        -13.313      -105.694
17 Feb 2015 23:24:59.203      102.407        -13.309      -105.696
17 Feb 2015 23:26:46.112       97.437        -13.304      -105.696
17 Feb 2015 23:28:29.316       92.463        -13.299      -105.697
17 Feb 2015 23:29:53.443       88.278        -13.295      -105.697
17 Feb 2015 23:31:08.952       84.422        -13.291      -105.697
17 Feb 2015 23:32:24.514       80.468        -13.287      -105.696
17 Feb 2015 23:33:47.537       76.016        -13.283      -105.695
17 Feb 2015 23:35:12.190       71.363        -13.278      -105.694
17 Feb 2015 23:36:36.870       66.598        -13.274      -105.692
17 Feb 2015 23:38:00.813       61.771        -13.269      -105.690
17 Feb 2015 23:39:23.249       56.938        -13.265      -105.687
17 Feb 2015 23:40:44.126       52.116        -13.262      -105.685
17 Feb 2015 23:42:03.776       47.300        -13.258      -105.682
17 Feb 2015 23:43:22.669       42.474        -13.256      -105.679
17 Feb 2015 23:44:40.035       37.699        -13.253      -105.676
17 Feb 2015 23:45:38.896       34.046        -13.252      -105.674
17 Feb 2015 23:46:37.676       30.386        -13.251      -105.672
17 Feb 2015 23:47:45.003       26.187        -13.249      -105.670
17 Feb 2015 23:48:59.893       21.518        -13.249      -105.668
17 Feb 2015 23:50:13.078       16.967        -13.248      -105.666
17 Feb 2015 23:51:29.464       12.242        -13.248      -105.664
17 Feb 2015 23:52:44.292        7.650        -13.247      -105.663
17 Feb 2015 23:54:01.470        2.960        -13.247      -105.663
17 Feb 2015 23:55:14.695       -1.434        -13.247      -105.662
17 Feb 2015 23:56:26.097       -5.661        -13.247      -105.662
17 Feb 2015 23:57:31.958       -9.503        -13.247      -105.663
17 Feb 2015 23:58:40.943      -13.463        -13.247      -105.663
18 Feb 2015 00:00:03.592      -18.116        -13.247      -105.664
18 Feb 2015 00:01:28.111      -22.766        -13.246      -105.666
18 Feb 2015 00:02:54.803      -27.416        -13.246      -105.667
18 Feb 2015 00:04:23.893      -32.066        -13.245      -105.669
18 Feb 2015 00:05:55.598      -36.715        -13.243      -105.671
18 Feb 2015 00:07:30.128      -41.361        -13.242      -105.673
18 Feb 2015 00:09:07.687      -46.002        -13.240      -105.675
18 Feb 2015 00:10:48.469      -50.635        -13.237      -105.677
18 Feb 2015 00:12:32.667      -55.258        -13.235      -105.679
18 Feb 2015 00:14:20.472      -59.870        -13.232      -105.681
18 Feb 2015 00:16:12.082      -64.470        -13.229      -105.683
18 Feb 2015 00:18:07.704      -69.057        -13.226      -105.684
18 Feb 2015 00:20:07.568      -73.632        -13.222      -105.685
18 Feb 2015 00:22:11.936      -78.199        -13.219      -105.686
18 Feb 2015 00:24:21.122      -82.763        -13.215      -105.687
18 Feb 2015 00:26:35.520      -87.331        -13.212      -105.687
18 Feb 2015 00:28:55.664      -91.916        -13.208      -105.687
18 Feb 2015 00:31:05.974      -96.031        -13.205      -105.687
18 Feb 2015 00:33:04.540      -99.661        -13.202      -105.687
18 Feb 2015 00:35:18.790     -103.653        -13.199      -105.686
18 Feb 2015 00:37:40.156     -107.732        -13.197      -105.685
18 Feb 2015 00:40:07.344     -111.858        -13.194      -105.684
18 Feb 2015 00:42:39.458     -116.007        -13.191      -105.683
18 Feb 2015 00:45:15.926     -120.167        -13.189      -105.682
18 Feb 2015 00:47:56.302     -124.333        -13.187      -105.680
18 Feb 2015 00:50:40.194     -128.502        -13.185      -105.679
18 Feb 2015 00:53:27.234     -132.674        -13.183      -105.677
18 Feb 2015 00:56:17.055     -136.850        -13.182      -105.676
18 Feb 2015 00:59:09.289     -141.033        -13.180      -105.674
18 Feb 2015 01:01:14.674     -144.053        -13.180      -105.673
18 Feb 2015 01:03:18.686     -147.024        -13.179      -105.672
18 Feb 2015 01:06:06.366     -151.027        -13.178      -105.671
18 Feb 2015 01:09:00.732     -155.182        -13.177      -105.669
18 Feb 2015 01:11:54.164     -159.321        -13.177      -105.668
18 Feb 2015 01:14:46.459     -163.453        -13.177      -105.667
18 Feb 2015 01:17:37.154     -167.578        -13.176      -105.666
18 Feb 2015 01:20:25.801     -171.699        -13.176      -105.666
18 Feb 2015 01:23:11.968     -175.816        -13.176      -105.665
18 Feb 2015 01:25:55.226     -179.929        -13.176      -105.665
18 Feb 2015 01:28:36.997      175.916        -13.176      -105.665
18 Feb 2015 01:30:35.376      172.816        -13.176      -105.665
18 Feb 2015 01:32:33.853      169.659        -13.176      -105.665
18 Feb 2015 01:35:08.352      165.446        -13.176      -105.665
18 Feb 2015 01:37:48.435      160.954        -13.176      -105.666
18 Feb 2015 01:40:25.086      156.415        -13.175      -105.667
18 Feb 2015 01:42:58.245      151.824        -13.175      -105.668
18 Feb 2015 01:45:27.901      147.174        -13.174      -105.670
18 Feb 2015 01:47:54.116      142.455        -13.173      -105.671
18 Feb 2015 01:50:17.028      137.658        -13.171      -105.673
18 Feb 2015 01:52:36.872      132.769        -13.169      -105.675
18 Feb 2015 01:54:54.026      127.770        -13.167      -105.677
18 Feb 2015 01:57:04.978      122.790        -13.164      -105.679
18 Feb 2015 01:59:09.403      117.858        -13.161      -105.681
18 Feb 2015 02:01:09.507      112.899        -13.158      -105.683
18 Feb 2015 02:03:04.904      107.939        -13.154      -105.684
18 Feb 2015 02:04:55.959      102.976        -13.149      -105.686
18 Feb 2015 02:06:43.004       98.008        -13.145      -105.686
18 Feb 2015 02:08:26.341       93.038        -13.140      -105.687
18 Feb 2015 02:09:53.395       88.714        -13.136      -105.687
18 Feb 2015 02:11:06.541       84.983        -13.132      -105.687
18 Feb 2015 02:12:19.766       81.160        -13.128      -105.686
18 Feb 2015 02:13:42.153       76.753        -13.124      -105.685
18 Feb 2015 02:15:06.546       72.126        -13.119      -105.684
18 Feb 2015 02:16:31.167       67.376        -13.114      -105.682
18 Feb 2015 02:17:55.150       62.558        -13.110      -105.680
18 Feb 2015 02:19:17.790       57.723        -13.106      -105.678
18 Feb 2015 02:20:38.844       52.900        -13.102      -105.675
18 Feb 2015 02:21:58.624       48.084        -13.099      -105.672
18 Feb 2015 02:23:17.605       43.259        -13.096      -105.670
18 Feb 2015 02:24:35.281       38.471        -13.094      -105.667
18 Feb 2015 02:25:27.101       35.258        -13.092      -105.665
18 Feb 2015 02:26:18.928       32.034        -13.091      -105.663
18 Feb 2015 02:27:23.176       28.030        -13.090      -105.661
18 Feb 2015 02:28:37.705       23.383        -13.089      -105.659
18 Feb 2015 02:29:50.802       18.833        -13.088      -105.657
18 Feb 2015 02:31:07.354       14.090        -13.088      -105.655
18 Feb 2015 02:32:21.771        9.510        -13.087      -105.654
18 Feb 2015 02:33:38.818        4.812        -13.087      -105.653
18 Feb 2015 02:34:53.013        0.340        -13.087      -105.652
18 Feb 2015 02:36:05.265       -3.958        -13.087      -105.652
18 Feb 2015 02:36:59.245       -7.127        -13.087      -105.652
18 Feb 2015 02:37:53.400      -10.269        -13.087      -105.653
18 Feb 2015 02:39:09.628      -14.621        -13.087      -105.653
18 Feb 2015 02:40:32.794      -19.271        -13.087      -105.655
18 Feb 2015 02:41:57.937      -23.920        -13.086      -105.656
18 Feb 2015 02:43:25.316      -28.570        -13.085      -105.658
18 Feb 2015 02:44:55.153      -33.219        -13.084      -105.660
18 Feb 2015 02:46:27.664      -37.867        -13.083      -105.662
18 Feb 2015 02:48:03.056      -42.511        -13.081      -105.664
18 Feb 2015 02:49:41.529      -47.149        -13.079      -105.666
18 Feb 2015 02:51:23.277      -51.780        -13.077      -105.668
18 Feb 2015 02:53:08.490      -56.400        -13.074      -105.670
18 Feb 2015 02:54:57.360      -61.008        -13.071      -105.672
18 Feb 2015 02:56:50.087      -65.604        -13.068      -105.673
18 Feb 2015 02:58:46.883      -70.187        -13.065      -105.675
18 Feb 2015 03:00:47.982      -74.760        -13.061      -105.676
18 Feb 2015 03:02:53.660      -79.326        -13.058      -105.677
18 Feb 2015 03:05:04.245      -83.890        -13.054      -105.677
18 Feb 2015 03:07:20.164      -88.462        -13.051      -105.677
18 Feb 2015 03:09:19.779      -92.348        -13.048      -105.677
18 Feb 2015 03:11:19.053      -96.104        -13.045      -105.677
18 Feb 2015 03:13:20.373      -99.813        -13.042      -105.677
18 Feb 2015 03:15:34.869     -103.806        -13.039      -105.676
18 Feb 2015 03:17:56.537     -107.889        -13.037      -105.675
18 Feb 2015 03:20:23.945     -112.017        -13.034      -105.674
18 Feb 2015 03:22:56.230     -116.167        -13.031      -105.673
18 Feb 2015 03:25:32.822     -120.328        -13.029      -105.672
18 Feb 2015 03:28:13.275     -124.495        -13.027      -105.670
18 Feb 2015 03:30:57.198     -128.666        -13.025      -105.669
18 Feb 2015 03:33:44.223     -132.839        -13.023      -105.667
18 Feb 2015 03:36:33.984     -137.018        -13.022      -105.666
18 Feb 2015 03:39:26.111     -141.203        -13.020      -105.664
18 Feb 2015 03:41:15.076     -143.832        -13.020      -105.663
18 Feb 2015 03:43:02.291     -146.407        -13.019      -105.662
18 Feb 2015 03:45:48.045     -150.374        -13.018      -105.661
18 Feb 2015 03:48:41.825     -154.525        -13.017      -105.660
18 Feb 2015 03:51:34.990     -158.666        -13.017      -105.658
18 Feb 2015 03:54:27.061     -162.799        -13.017      -105.657
18 Feb 2015 03:57:17.591     -166.926        -13.016      -105.657
18 Feb 2015 04:00:06.136     -171.049        -13.016      -105.656
18 Feb 2015 04:02:52.272     -175.168        -13.016      -105.655
18 Feb 2015 04:05:35.567     -179.284        -13.016      -105.655
18 Feb 2015 04:08:18.040      176.542        -13.016      -105.655
18 Feb 2015 04:10:02.061      173.822        -13.016      -105.655
18 Feb 2015 04:11:46.244      171.055        -13.016      -105.655
18 Feb 2015 04:14:16.787      166.973        -13.016      -105.655
18 Feb 2015 04:16:57.829      162.485        -13.016      -105.656
18 Feb 2015 04:19:35.193      157.960        -13.016      -105.657
18 Feb 2015 04:22:09.089      153.385        -13.015      -105.658
18 Feb 2015 04:24:39.486      148.752        -13.014      -105.659
18 Feb 2015 04:27:06.422      144.055        -13.013      -105.661
18 Feb 2015 04:29:30.008      139.283        -13.012      -105.663
18 Feb 2015 04:31:50.444      134.425        -13.010      -105.665
18 Feb 2015 04:34:08.051      129.463        -13.008      -105.667
18 Feb 2015 04:36:20.557      124.481        -13.005      -105.669
18 Feb 2015 04:38:27.218      119.515        -13.002      -105.671
18 Feb 2015 04:40:28.440      114.563        -12.999      -105.672
18 Feb 2015 04:42:24.999      109.606        -12.995      -105.674
18 Feb 2015 04:44:17.132      104.647        -12.991      -105.675
18 Feb 2015 04:46:05.180       99.684        -12.986      -105.676
18 Feb 2015 04:47:49.451       94.717        -12.982      -105.677
18 Feb 2015 04:49:30.228       89.747        -12.977      -105.677
18 Feb 2015 04:50:31.028       86.668        -12.974      -105.677
18 Feb 2015 04:51:32.026       83.517        -12.970      -105.677
18 Feb 2015 04:52:52.013       79.292        -12.966      -105.676
18 Feb 2015 04:54:15.371       74.778        -12.962      -105.675
18 Feb 2015 04:55:39.890       70.090        -12.957      -105.674
18 Feb 2015 04:57:04.190       65.307        -12.952      -105.672
18 Feb 2015 04:58:27.665       60.471        -12.948      -105.669
18 Feb 2015 04:59:49.526       55.642        -12.944      -105.667
18 Feb 2015 05:01:09.931       50.823        -12.941      -105.664
18 Feb 2015 05:02:29.287       46.005        -12.938      -105.661
18 Feb 2015 05:03:47.878       41.182        -12.935      -105.658
18 Feb 2015 05:05:03.962       36.476        -12.933      -105.656
18 Feb 2015 05:06:05.039       32.681        -12.931      -105.653
18 Feb 2015 05:07:05.878       28.891        -12.930      -105.651
18 Feb 2015 05:08:18.225       24.381        -12.929      -105.649
18 Feb 2015 05:09:31.618       19.812        -12.928      -105.647
18 Feb 2015 05:10:47.781       15.090        -12.928      -105.646
18 Feb 2015 05:12:02.265       10.501        -12.927      -105.644
18 Feb 2015 05:13:18.679        5.835        -12.927      -105.643
18 Feb 2015 05:14:33.498        1.317        -12.927      -105.643
18 Feb 2015 05:15:46.145       -3.013        -12.927      -105.642
18 Feb 2015 05:16:43.180       -6.368        -12.927      -105.643
18 Feb 2015 05:17:40.373       -9.691        -12.927      -105.643
18 Feb 2015 05:18:53.557      -13.877        -12.927      -105.644
18 Feb 2015 05:20:16.538      -18.527        -12.927      -105.645
18 Feb 2015 05:21:41.448      -23.176        -12.926      -105.646
18 Feb 2015 05:23:08.565      -27.825        -12.925      -105.648
18 Feb 2015 05:24:38.111      -32.474        -12.924      -105.650
18 Feb 2015 05:26:10.302      -37.121        -12.923      -105.652
18 Feb 2015 05:27:45.346      -41.765        -12.921      -105.654
18 Feb 2015 05:29:23.443      -46.404        -12.919      -105.656
18 Feb 2015 05:31:04.787      -51.034        -12.917      -105.658
18 Feb 2015 05:32:49.568      -55.655        -12.914      -105.660
18 Feb 2015 05:34:37.978      -60.265        -12.912      -105.662
18 Feb 2015 05:36:30.213      -64.862        -12.909      -105.663
18 Feb 2015 05:38:26.483      -69.447        -12.905      -105.665
18 Feb 2015 05:40:27.020      -74.021        -12.902      -105.666
18 Feb 2015 05:42:32.088      -78.588        -12.898      -105.667
18 Feb 2015 05:44:42.009      -83.153        -12.895      -105.667
18 Feb 2015 05:46:57.190      -87.724        -12.891      -105.668
18 Feb 2015 05:49:18.188      -92.315        -12.888      -105.668
18 Feb 2015 05:51:25.413      -96.316        -12.885      -105.667
18 Feb 2015 05:53:26.676     -100.016        -12.882      -105.667
18 Feb 2015 05:55:41.743     -104.018        -12.879      -105.666
18 Feb 2015 05:58:03.784     -108.104        -12.876      -105.665
18 Feb 2015 06:00:31.487     -112.234        -12.874      -105.664
18 Feb 2015 06:03:04.003     -116.386        -12.871      -105.663
18 Feb 2015 06:05:40.772     -120.549        -12.869      -105.662
18 Feb 2015 06:08:21.349     -124.717        -12.867      -105.661
18 Feb 2015 06:11:05.347     -128.889        -12.865      -105.659
18 Feb 2015 06:13:52.395     -133.064        -12.863      -105.658
18 Feb 2015 06:16:42.129     -137.244        -12.861      -105.656
18 Feb 2015 06:19:34.178     -141.432        -12.860      -105.654
18 Feb 2015 06:21:40.753     -144.488        -12.859      -105.653
18 Feb 2015 06:23:45.624     -147.490        -12.859      -105.652
18 Feb 2015 06:26:33.619     -151.516        -12.858      -105.651
18 Feb 2015 06:29:27.085     -155.669        -12.857      -105.650
18 Feb 2015 06:32:19.568     -159.808        -12.857      -105.648
18 Feb 2015 06:35:10.826     -163.940        -12.856      -105.647
18 Feb 2015 06:38:00.409     -168.067        -12.856      -105.647
18 Feb 2015 06:40:47.884     -172.190        -12.856      -105.646
18 Feb 2015 06:43:32.828     -176.310        -12.856      -105.645
18 Feb 2015 06:46:14.814      179.574        -12.856      -105.645
18 Feb 2015 06:48:54.679      175.429        -12.856      -105.645
18 Feb 2015 06:51:06.268      171.948        -12.856      -105.645
18 Feb 2015 06:53:17.986      168.390        -12.856      -105.645
18 Feb 2015 06:55:51.113      164.150        -12.856      -105.646
18 Feb 2015 06:58:29.301      159.639        -12.855      -105.647
18 Feb 2015 07:01:04.036      155.080        -12.855      -105.648
18 Feb 2015 07:03:35.282      150.467        -12.854      -105.649
18 Feb 2015 07:06:03.054      145.792        -12.853      -105.651
18 Feb 2015 07:08:27.435      141.046        -12.852      -105.652
18 Feb 2015 07:10:48.591      136.219        -12.851      -105.654
18 Feb 2015 07:13:06.792      131.296        -12.849      -105.656
18 Feb 2015 07:15:21.078      126.308        -12.846      -105.658
18 Feb 2015 07:17:29.353      121.340        -12.843      -105.660
18 Feb 2015 07:19:30.764      116.442        -12.840      -105.662
18 Feb 2015 07:21:28.697      111.488        -12.836      -105.664
18 Feb 2015 07:23:22.118      106.533        -12.832      -105.665
18 Feb 2015 07:25:11.362      101.574        -12.828      -105.666
18 Feb 2015 07:26:56.745       96.611        -12.823      -105.667
18 Feb 2015 07:28:38.557       91.645        -12.818      -105.667
18 Feb 2015 07:29:57.095       87.697        -12.814      -105.667
18 Feb 2015 07:31:15.796       83.639        -12.810      -105.667
18 Feb 2015 07:32:33.064       79.556        -12.806      -105.666
18 Feb 2015 07:33:56.223       75.053        -12.802      -105.665
18 Feb 2015 07:35:20.598       70.373        -12.797      -105.664
18 Feb 2015 07:36:44.818       65.596        -12.792      -105.662
18 Feb 2015 07:38:08.251       60.764        -12.788      -105.660
18 Feb 2015 07:39:30.144       55.934        -12.784      -105.657
18 Feb 2015 07:40:50.578       51.115        -12.781      -105.655
18 Feb 2015 07:42:09.956       46.297        -12.777      -105.652
18 Feb 2015 07:43:28.566       41.474        -12.775      -105.649
18 Feb 2015 07:44:44.702       36.767        -12.772      -105.646
18 Feb 2015 07:45:43.812       33.095        -12.771      -105.644
18 Feb 2015 07:46:42.561       29.436        -12.770      -105.642
18 Feb 2015 07:47:53.764       24.999        -12.769      -105.640
18 Feb 2015 07:49:07.393       20.416        -12.768      -105.638
18 Feb 2015 07:50:22.914       15.732        -12.767      -105.636
18 Feb 2015 07:51:37.493       11.136        -12.767      -105.635
18 Feb 2015 07:52:53.587        6.487        -12.767      -105.634
18 Feb 2015 07:54:08.797        1.942        -12.767      -105.633
18 Feb 2015 07:55:21.696       -2.407        -12.767      -105.633
18 Feb 2015 07:56:23.280       -6.033        -12.767      -105.633
18 Feb 2015 07:57:24.972       -9.615        -12.767      -105.633
18 Feb 2015 07:58:36.760      -13.718        -12.767      -105.634
18 Feb 2015 07:59:59.784      -18.369        -12.766      -105.635
18 Feb 2015 08:01:24.727      -23.017        -12.766      -105.636
18 Feb 2015 08:02:51.876      -27.665        -12.765      -105.638
18 Feb 2015 08:04:21.453      -32.313        -12.764      -105.640
18 Feb 2015 08:05:53.673      -36.960        -12.763      -105.642
18 Feb 2015 08:07:28.743      -41.603        -12.761      -105.644
18 Feb 2015 08:09:06.863      -46.241        -12.759      -105.646
18 Feb 2015 08:10:48.227      -50.872        -12.757      -105.648
18 Feb 2015 08:12:33.024      -55.493        -12.754      -105.650
18 Feb 2015 08:14:21.445      -60.102        -12.751      -105.652
18 Feb 2015 08:16:13.687      -64.699        -12.748      -105.654
18 Feb 2015 08:18:09.957      -69.284        -12.745      -105.655
18 Feb 2015 08:20:10.486      -73.858        -12.742      -105.656
18 Feb 2015 08:22:15.538      -78.425        -12.738      -105.657
18 Feb 2015 08:24:25.433      -82.990        -12.735      -105.658
18 Feb 2015 08:26:40.576      -87.562        -12.731      -105.658
18 Feb 2015 08:29:01.520      -92.153        -12.728      -105.658
18 Feb 2015 08:31:10.390      -96.208        -12.724      -105.658
18 Feb 2015 08:33:10.798      -99.883        -12.722      -105.657
18 Feb 2015 08:35:25.692     -103.883        -12.719      -105.657
18 Feb 2015 08:37:47.572     -107.968        -12.716      -105.656
18 Feb 2015 08:40:15.125     -112.098        -12.713      -105.655
18 Feb 2015 08:42:47.487     -116.250        -12.711      -105.654
18 Feb 2015 08:45:24.085     -120.413        -12.708      -105.652
18 Feb 2015 08:48:04.478     -124.582        -12.706      -105.651
18 Feb 2015 08:50:48.273     -128.755        -12.704      -105.649
18 Feb 2015 08:53:35.100     -132.932        -12.703      -105.648
18 Feb 2015 08:56:24.593     -137.113        -12.701      -105.646
18 Feb 2015 08:59:16.382     -141.302        -12.700      -105.645
18 Feb 2015 09:02:09.316     -145.483        -12.699      -105.643
18 Feb 2015 09:04:46.537     -149.264        -12.698      -105.642
18 Feb 2015 09:07:37.708     -153.372        -12.697      -105.641
18 Feb 2015 09:10:30.349     -157.517        -12.697      -105.639
18 Feb 2015 09:13:21.921     -161.654        -12.696      -105.638
18 Feb 2015 09:16:12.054     -165.784        -12.696      -105.637
18 Feb 2015 09:19:00.307     -169.911        -12.696      -105.637
18 Feb 2015 09:21:46.258     -174.034        -12.696      -105.636
18 Feb 2015 09:24:29.490     -178.154        -12.696      -105.636
18 Feb 2015 09:27:10.108      177.715        -12.696      -105.635
18 Feb 2015 09:29:22.456      174.245        -12.696      -105.635
18 Feb 2015 09:31:34.844      170.706        -12.696      -105.636
18 Feb 2015 09:33:48.292      167.060        -12.696      -105.636
18 Feb 2015 09:36:28.203      162.574        -12.695      -105.637
18 Feb 2015 09:39:04.729      158.044        -12.695      -105.637
18 Feb 2015 09:41:37.797      153.464        -12.695      -105.639
18 Feb 2015 09:44:07.382      148.827        -12.694      -105.640
18 Feb 2015 09:46:33.523      144.126        -12.693      -105.642
18 Feb 2015 09:48:56.331      139.350        -12.691      -105.643
18 Feb 2015 09:51:16.004      134.489        -12.690      -105.645
18 Feb 2015 09:53:32.859      129.526        -12.687      -105.647
18 Feb 2015 09:55:44.456      124.550        -12.685      -105.649
18 Feb 2015 09:57:50.298      119.590        -12.682      -105.651
18 Feb 2015 09:59:50.787      114.643        -12.678      -105.653
18 Feb 2015 10:01:46.680      109.691        -12.674      -105.655
18 Feb 2015 10:03:38.212      104.737        -12.670      -105.656
18 Feb 2015 10:05:25.716       99.779        -12.666      -105.657
18 Feb 2015 10:07:09.496       94.818        -12.661      -105.658
18 Feb 2015 10:08:49.832       89.854        -12.656      -105.658
18 Feb 2015 10:09:46.806       86.961        -12.653      -105.658
18 Feb 2015 10:10:43.955       84.005        -12.650      -105.658
18 Feb 2015 10:12:03.116       79.823        -12.646      -105.657
18 Feb 2015 10:13:25.898       75.341        -12.641      -105.656
18 Feb 2015 10:14:50.122       70.671        -12.637      -105.654
18 Feb 2015 10:16:14.263       65.899        -12.632      -105.653
18 Feb 2015 10:17:37.654       61.071        -12.628      -105.650
18 Feb 2015 10:18:59.583       56.241        -12.624      -105.648
18 Feb 2015 10:20:20.049       51.421        -12.620      -105.645
18 Feb 2015 10:21:39.454       46.603        -12.617      -105.642
18 Feb 2015 10:22:58.086       41.780        -12.614      -105.640
18 Feb 2015 10:24:14.284       37.071        -12.612      -105.637
18 Feb 2015 10:25:10.141       33.602        -12.611      -105.635
18 Feb 2015 10:26:05.564       30.152        -12.610      -105.633
18 Feb 2015 10:27:15.007       25.825        -12.609      -105.631
18 Feb 2015 10:28:29.013       21.219        -12.608      -105.629
18 Feb 2015 10:29:43.740       16.583        -12.607      -105.627
18 Feb 2015 10:30:58.601       11.967        -12.607      -105.625
18 Feb 2015 10:32:14.227        7.341        -12.607      -105.624
18 Feb 2015 10:33:30.032        2.754        -12.606      -105.624
18 Feb 2015 10:34:43.233       -1.619        -12.606      -105.623
18 Feb 2015 10:35:54.742       -5.832        -12.606      -105.623
18 Feb 2015 10:36:59.699       -9.602        -12.606      -105.624
18 Feb 2015 10:38:10.738      -13.657        -12.606      -105.624
18 Feb 2015 10:39:33.841      -18.308        -12.606      -105.625
18 Feb 2015 10:40:58.861      -22.955        -12.605      -105.627
18 Feb 2015 10:42:26.091      -27.603        -12.605      -105.628
18 Feb 2015 10:43:55.752      -32.250        -12.604      -105.630
18 Feb 2015 10:45:28.058      -36.896        -12.602      -105.632
18 Feb 2015 10:47:03.217      -41.539        -12.601      -105.634
18 Feb 2015 10:48:41.427      -46.176        -12.599      -105.637
18 Feb 2015 10:50:22.881      -50.806        -12.596      -105.639
18 Feb 2015 10:52:07.768      -55.426        -12.594      -105.641
18 Feb 2015 10:53:56.278      -60.035        -12.591      -105.642
18 Feb 2015 10:55:48.607      -64.631        -12.588      -105.644
18 Feb 2015 10:57:44.964      -69.216        -12.585      -105.645
18 Feb 2015 10:59:45.578      -73.790        -12.581      -105.647
18 Feb 2015 11:01:50.713      -78.358        -12.578      -105.647
18 Feb 2015 11:04:00.687      -82.923        -12.574      -105.648
18 Feb 2015 11:06:15.905      -87.495        -12.571      -105.648
18 Feb 2015 11:08:36.923      -92.088        -12.567      -105.648
18 Feb 2015 11:10:46.578      -96.166        -12.564      -105.648
18 Feb 2015 11:12:46.687      -99.832        -12.561      -105.648
18 Feb 2015 11:15:01.547     -103.831        -12.558      -105.647
18 Feb 2015 11:17:23.396     -107.916        -12.556      -105.646
18 Feb 2015 11:19:50.907     -112.046        -12.553      -105.645
18 Feb 2015 11:22:23.204     -116.199        -12.550      -105.644
18 Feb 2015 11:24:59.716     -120.363        -12.548      -105.643
18 Feb 2015 11:27:39.998     -124.533        -12.546      -105.641
18 Feb 2015 11:30:23.657     -128.707        -12.544      -105.640
18 Feb 2015 11:33:10.322     -132.884        -12.542      -105.638
18 Feb 2015 11:35:59.627     -137.067        -12.541      -105.637
18 Feb 2015 11:38:51.202     -141.258        -12.539      -105.635
18 Feb 2015 11:41:43.793     -145.439        -12.538      -105.634
18 Feb 2015 11:44:36.657     -149.604        -12.537      -105.632
18 Feb 2015 11:47:27.642     -153.716        -12.537      -105.631
18 Feb 2015 11:50:19.808     -157.861        -12.536      -105.630
18 Feb 2015 11:53:10.858     -161.997        -12.536      -105.629
18 Feb 2015 11:56:00.418     -166.128        -12.535      -105.628
18 Feb 2015 11:58:48.057     -170.255        -12.535      -105.627
18 Feb 2015 12:01:33.354     -174.380        -12.535      -105.626
18 Feb 2015 12:04:15.900     -178.502        -12.535      -105.626
18 Feb 2015 12:06:56.621      177.344        -12.535      -105.626
18 Feb 2015 12:09:02.532      174.027        -12.535      -105.626
18 Feb 2015 12:11:08.495      170.645        -12.535      -105.626
18 Feb 2015 12:13:18.347      167.084        -12.535      -105.626
18 Feb 2015 12:15:57.823      162.596        -12.535      -105.627
18 Feb 2015 12:18:33.918      158.064        -12.535      -105.628
18 Feb 2015 12:21:06.560      153.481        -12.534      -105.629
18 Feb 2015 12:23:35.726      148.841        -12.533      -105.630
18 Feb 2015 12:26:01.457      144.137        -12.532      -105.632
18 Feb 2015 12:28:23.865      139.360        -12.531      -105.634
18 Feb 2015 12:30:43.147      134.497        -12.529      -105.636
18 Feb 2015 12:32:59.617      129.532        -12.527      -105.638
18 Feb 2015 12:35:10.736      124.559        -12.524      -105.640
18 Feb 2015 12:37:01.472      120.192        -12.522      -105.642
18 Feb 2015 12:38:47.681      115.852        -12.519      -105.643
18 Feb 2015 12:40:44.138      110.911        -12.515      -105.645
18 Feb 2015 12:42:36.370      105.960        -12.511      -105.646
18 Feb 2015 12:44:24.529      101.006        -12.506      -105.647
18 Feb 2015 12:46:08.921       96.048        -12.502      -105.648
18 Feb 2015 12:47:49.829       91.087        -12.497      -105.648
18 Feb 2015 12:49:03.536       87.357        -12.493      -105.648
18 Feb 2015 12:50:17.407       83.529        -12.489      -105.648
18 Feb 2015 12:51:35.400       79.391        -12.485      -105.647
18 Feb 2015 12:52:58.360       74.882        -12.480      -105.646
18 Feb 2015 12:54:22.501       70.200        -12.476      -105.645
18 Feb 2015 12:55:46.477       65.422        -12.471      -105.643
18 Feb 2015 12:57:09.678       60.592        -12.467      -105.641
18 Feb 2015 12:58:31.385       55.763        -12.463      -105.638
18 Feb 2015 12:59:51.677       50.944        -12.459      -105.636
18 Feb 2015 13:01:10.982       46.124        -12.456      -105.633
18 Feb 2015 13:02:29.434       41.307        -12.454      -105.630
18 Feb 2015 13:03:45.038       36.631        -12.451      -105.627
18 Feb 2015 13:04:42.143       33.084        -12.450      -105.625
18 Feb 2015 13:05:38.677       29.564        -12.449      -105.623
18 Feb 2015 13:06:51.231       25.045        -12.448      -105.621
18 Feb 2015 13:08:04.840       20.467        -12.447      -105.619
18 Feb 2015 13:09:21.250       15.734        -12.446      -105.617
18 Feb 2015 13:10:35.601       11.157        -12.446      -105.616
18 Feb 2015 13:11:52.134        6.489        -12.446      -105.615
18 Feb 2015 13:13:07.099        1.966        -12.446      -105.614
18 Feb 2015 13:14:20.103       -2.381        -12.446      -105.614
18 Feb 2015 13:15:21.390       -5.982        -12.446      -105.614
18 Feb 2015 13:16:22.789       -9.540        -12.446      -105.614
18 Feb 2015 13:17:34.887      -13.652        -12.446      -105.615
18 Feb 2015 13:18:58.078      -18.301        -12.445      -105.616
18 Feb 2015 13:20:23.200      -22.948        -12.445      -105.617
18 Feb 2015 13:21:50.538      -27.595        -12.444      -105.619
18 Feb 2015 13:23:20.313      -32.242        -12.443      -105.621
18 Feb 2015 13:24:52.739      -36.887        -12.442      -105.623
18 Feb 2015 13:26:28.021      -41.529        -12.440      -105.625
18 Feb 2015 13:28:06.358      -46.166        -12.438      -105.627
18 Feb 2015 13:29:47.941      -50.795        -12.436      -105.629
18 Feb 2015 13:31:32.960      -55.414        -12.433      -105.631
18 Feb 2015 13:33:21.604      -60.022        -12.430      -105.633
18 Feb 2015 13:35:14.067      -64.618        -12.427      -105.635
18 Feb 2015 13:37:10.559      -69.202        -12.424      -105.636
18 Feb 2015 13:39:11.309      -73.777        -12.421      -105.637
18 Feb 2015 13:41:16.583      -78.344        -12.417      -105.638
18 Feb 2015 13:43:26.695      -82.910        -12.414      -105.639
18 Feb 2015 13:45:42.055      -87.483        -12.410      -105.639
18 Feb 2015 13:48:03.218      -92.077        -12.406      -105.639
18 Feb 2015 13:50:13.180      -96.163        -12.403      -105.639
18 Feb 2015 13:52:13.325      -99.828        -12.401      -105.638
18 Feb 2015 13:54:28.258     -103.827        -12.398      -105.638
18 Feb 2015 13:56:50.151     -107.913        -12.395      -105.637
18 Feb 2015 13:59:17.683     -112.044        -12.392      -105.636
18 Feb 2015 14:01:49.972     -116.197        -12.390      -105.635
18 Feb 2015 14:04:26.450     -120.362        -12.387      -105.633
18 Feb 2015 14:07:06.668     -124.533        -12.385      -105.632
18 Feb 2015 14:09:50.231     -128.709        -12.383      -105.631
18 Feb 2015 14:12:36.772     -132.888        -12.381      -105.629
18 Feb 2015 14:15:25.920     -137.072        -12.380      -105.627
18 Feb 2015 14:18:17.308     -141.265        -12.379      -105.626
18 Feb 2015 14:21:09.565     -145.445        -12.378      -105.624
18 Feb 2015 14:24:02.075     -149.610        -12.377      -105.623
18 Feb 2015 14:26:52.680     -153.721        -12.376      -105.622
18 Feb 2015 14:29:44.447     -157.867        -12.375      -105.620
18 Feb 2015 14:32:35.082     -162.004        -12.375      -105.619
18 Feb 2015 14:35:24.214     -166.136        -12.375      -105.618
18 Feb 2015 14:38:11.415     -170.264        -12.375      -105.618
18 Feb 2015 14:40:56.273     -174.390        -12.374      -105.617
18 Feb 2015 14:43:38.384     -178.515        -12.374      -105.617
18 Feb 2015 14:46:18.781      177.326        -12.374      -105.616
18 Feb 2015 14:48:22.877      174.046        -12.374      -105.616
18 Feb 2015 14:50:27.401      170.692        -12.374      -105.617
18 Feb 2015 14:52:54.936      166.627        -12.374      -105.617
18 Feb 2015 14:55:33.621      162.132        -12.374      -105.618
18 Feb 2015 14:58:08.920      157.592        -12.374      -105.619
18 Feb 2015 15:00:40.767      153.000        -12.373      -105.620
18 Feb 2015 15:03:09.147      148.352        -12.372      -105.621
18 Feb 2015 15:05:34.109      143.638        -12.371      -105.623
18 Feb 2015 15:07:55.772      138.850        -12.370      -105.625
18 Feb 2015 15:10:14.345      133.975        -12.368      -105.627
18 Feb 2015 15:12:30.156      128.996        -12.366      -105.629
18 Feb 2015 15:14:40.165      124.028        -12.363      -105.631
18 Feb 2015 15:16:29.160      119.699        -12.361      -105.632
18 Feb 2015 15:18:17.127      115.255        -12.357      -105.634
18 Feb 2015 15:20:12.705      110.315        -12.354      -105.636
18 Feb 2015 15:22:04.098      105.366        -12.349      -105.637
18 Feb 2015 15:23:51.487      100.414        -12.345      -105.638
18 Feb 2015 15:25:35.173       95.458        -12.340      -105.639
18 Feb 2015 15:27:15.434       90.500        -12.335      -105.639
18 Feb 2015 15:28:21.730       87.130        -12.332      -105.639
18 Feb 2015 15:29:28.179       83.680        -12.328      -105.639
18 Feb 2015 15:30:46.633       79.514        -12.324      -105.638
18 Feb 2015 15:32:09.373       75.014        -12.320      -105.637
18 Feb 2015 15:33:33.383       70.336        -12.315      -105.636
18 Feb 2015 15:34:57.266       65.561        -12.311      -105.634
18 Feb 2015 15:36:20.397       60.733        -12.306      -105.631
18 Feb 2015 15:37:42.088       55.904        -12.302      -105.629
18 Feb 2015 15:39:02.370       51.086        -12.299      -105.626
18 Feb 2015 15:40:21.674       46.265        -12.296      -105.623
18 Feb 2015 15:41:40.103       41.450        -12.293      -105.621
18 Feb 2015 15:42:55.635       36.779        -12.291      -105.618
18 Feb 2015 15:43:48.951       33.468        -12.289      -105.616
18 Feb 2015 15:44:41.551       30.195        -12.288      -105.614
18 Feb 2015 15:45:52.480       25.777        -12.287      -105.612
18 Feb 2015 15:47:06.343       21.183        -12.286      -105.610
18 Feb 2015 15:48:22.024       16.494        -12.286      -105.608
18 Feb 2015 15:49:36.484       11.908        -12.285      -105.607
18 Feb 2015 15:50:52.576        7.263        -12.285      -105.606
18 Feb 2015 15:52:07.994        2.708        -12.285      -105.605
18 Feb 2015 15:53:21.259       -1.661        -12.285      -105.605
18 Feb 2015 15:54:32.837       -5.868        -12.285      -105.605
18 Feb 2015 15:55:37.424       -9.607        -12.285      -105.605
18 Feb 2015 15:56:49.185      -13.693        -12.285      -105.606
18 Feb 2015 15:58:12.495      -18.343        -12.285      -105.607
18 Feb 2015 15:59:37.741      -22.989        -12.284      -105.608
18 Feb 2015 16:01:05.212      -27.635        -12.283      -105.610
18 Feb 2015 16:02:35.128      -32.281        -12.282      -105.612
18 Feb 2015 16:04:07.702      -36.926        -12.281      -105.614
18 Feb 2015 16:05:43.138      -41.567        -12.279      -105.616
18 Feb 2015 16:07:21.633      -46.203        -12.277      -105.618
18 Feb 2015 16:09:03.380      -50.831        -12.275      -105.620
18 Feb 2015 16:10:48.567      -55.449        -12.272      -105.622
18 Feb 2015 16:12:37.382      -60.057        -12.269      -105.624
18 Feb 2015 16:14:30.021      -64.652        -12.266      -105.625
18 Feb 2015 16:16:26.692      -69.236        -12.263      -105.627
18 Feb 2015 16:18:27.624      -73.810        -12.260      -105.628
18 Feb 2015 16:20:33.082      -78.377        -12.256      -105.629
18 Feb 2015 16:22:43.385      -82.943        -12.253      -105.629
18 Feb 2015 16:24:58.941      -87.518        -12.249      -105.630
18 Feb 2015 16:27:20.314      -92.113        -12.246      -105.630
18 Feb 2015 16:29:30.160      -96.192        -12.243      -105.629
18 Feb 2015 16:31:30.636      -99.864        -12.240      -105.629
18 Feb 2015 16:33:45.715     -103.866        -12.237      -105.628
18 Feb 2015 16:36:07.719     -107.953        -12.234      -105.628
18 Feb 2015 16:38:35.321     -112.085        -12.231      -105.627
18 Feb 2015 16:41:07.649     -116.239        -12.229      -105.625
18 Feb 2015 16:43:44.131     -120.405        -12.227      -105.624
18 Feb 2015 16:46:24.321     -124.577        -12.224      -105.623
18 Feb 2015 16:49:07.823     -128.753        -12.222      -105.621
18 Feb 2015 16:51:54.267     -132.934        -12.221      -105.620
18 Feb 2015 16:54:43.284     -137.120        -12.219      -105.618
18 Feb 2015 16:57:34.507     -141.315        -12.218      -105.617
18 Feb 2015 17:00:26.438     -145.494        -12.217      -105.615
18 Feb 2015 17:03:18.595     -149.658        -12.216      -105.614
18 Feb 2015 17:06:08.928     -153.772        -12.215      -105.612
18 Feb 2015 17:09:00.286     -157.918        -12.215      -105.611
18 Feb 2015 17:11:50.494     -162.055        -12.214      -105.610
18 Feb 2015 17:14:39.183     -166.188        -12.214      -105.609
18 Feb 2015 17:17:25.926     -170.318        -12.214      -105.608
18 Feb 2015 17:20:10.317     -174.446        -12.214      -105.608
18 Feb 2015 17:22:51.962     -178.572        -12.214      -105.607
18 Feb 2015 17:25:32.090      177.261        -12.214      -105.607
18 Feb 2015 17:27:33.840      174.031        -12.214      -105.607
18 Feb 2015 17:29:34.881      170.760        -12.214      -105.607
18 Feb 2015 17:32:04.524      166.625        -12.214      -105.608
18 Feb 2015 17:34:42.760      162.127        -12.213      -105.608
18 Feb 2015 17:37:17.615      157.583        -12.213      -105.609
18 Feb 2015 17:39:49.023      152.989        -12.212      -105.611
18 Feb 2015 17:42:16.972      148.338        -12.212      -105.612
18 Feb 2015 17:44:41.511      143.621        -12.211      -105.614
18 Feb 2015 17:47:02.762      138.830        -12.209      -105.615
18 Feb 2015 17:49:20.933      133.953        -12.207      -105.617
18 Feb 2015 17:51:36.349      128.972        -12.205      -105.619
18 Feb 2015 17:53:45.863      124.007        -12.202      -105.622
18 Feb 2015 17:55:49.822      119.057        -12.199      -105.623
18 Feb 2015 17:57:48.296      114.132        -12.196      -105.625
18 Feb 2015 17:59:42.649      109.187        -12.192      -105.627
18 Feb 2015 18:01:32.782      104.240        -12.188      -105.628
18 Feb 2015 18:03:19.011       99.290        -12.183      -105.629
18 Feb 2015 18:05:01.629       94.336        -12.178      -105.630
18 Feb 2015 18:06:40.909       89.379        -12.173      -105.630
18 Feb 2015 18:07:47.754       85.951        -12.170      -105.630
18 Feb 2015 18:08:54.718       82.443        -12.166      -105.629
18 Feb 2015 18:10:15.185       78.132        -12.162      -105.629
18 Feb 2015 18:11:38.416       73.565        -12.157      -105.627
18 Feb 2015 18:13:02.372       68.851        -12.153      -105.626
18 Feb 2015 18:14:25.960       64.057        -12.148      -105.624
18 Feb 2015 18:15:48.703       59.220        -12.144      -105.621
18 Feb 2015 18:17:09.860       54.395        -12.140      -105.619
18 Feb 2015 18:18:29.743       49.577        -12.137      -105.616
18 Feb 2015 18:19:48.804       44.754        -12.134      -105.613
18 Feb 2015 18:21:06.527       39.969        -12.131      -105.610
18 Feb 2015 18:22:20.541       35.383        -12.129      -105.608
18 Feb 2015 18:23:29.120       31.119        -12.128      -105.605
18 Feb 2015 18:24:31.859       27.213        -12.127      -105.603
18 Feb 2015 18:25:46.215       22.587        -12.126      -105.601
18 Feb 2015 18:27:00.507       17.980        -12.125      -105.599
18 Feb 2015 18:28:15.785       13.336        -12.124      -105.598
18 Feb 2015 18:29:30.918        8.739        -12.124      -105.597
18 Feb 2015 18:30:47.484        4.102        -12.124      -105.596
18 Feb 2015 18:32:01.203       -0.308        -12.124      -105.595
18 Feb 2015 18:33:13.562       -4.576        -12.124      -105.595
18 Feb 2015 18:34:21.711       -8.535        -12.124      -105.596
18 Feb 2015 18:35:26.214      -12.225        -12.124      -105.596
18 Feb 2015 18:36:48.980      -16.870        -12.124      -105.597
18 Feb 2015 18:38:13.671      -21.515        -12.123      -105.598
18 Feb 2015 18:39:40.523      -26.161        -12.123      -105.600
18 Feb 2015 18:41:09.757      -30.807        -12.122      -105.602
18 Feb 2015 18:42:41.588      -35.452        -12.120      -105.604
18 Feb 2015 18:44:16.221      -40.093        -12.119      -105.606
18 Feb 2015 18:45:53.856      -44.730        -12.117      -105.608
18 Feb 2015 18:47:34.686      -49.360        -12.115      -105.610
18 Feb 2015 18:49:18.899      -53.981        -12.112      -105.612
18 Feb 2015 18:51:06.682      -58.591        -12.109      -105.614
18 Feb 2015 18:52:58.228      -63.190        -12.106      -105.616
18 Feb 2015 18:54:53.739      -67.777        -12.103      -105.617
18 Feb 2015 18:56:53.435      -72.353        -12.100      -105.618
18 Feb 2015 18:58:57.570      -76.922        -12.096      -105.619
18 Feb 2015 19:01:06.443      -81.488        -12.093      -105.620
18 Feb 2015 19:03:20.428      -86.060        -12.089      -105.620
18 Feb 2015 19:05:40.034      -90.648        -12.086      -105.621
18 Feb 2015 19:07:25.556      -94.008        -12.083      -105.620
18 Feb 2015 19:09:10.793      -97.273        -12.081      -105.620
18 Feb 2015 19:11:19.871     -101.171        -12.078      -105.620
18 Feb 2015 19:13:37.352     -105.203        -12.075      -105.619
18 Feb 2015 19:16:01.373     -109.310        -12.072      -105.618
18 Feb 2015 19:18:30.623     -113.452        -12.070      -105.617
18 Feb 2015 19:21:04.359     -117.611        -12.067      -105.616
18 Feb 2015 19:23:42.066     -121.781        -12.065      -105.615
18 Feb 2015 19:26:23.314     -125.955        -12.063      -105.613
18 Feb 2015 19:29:07.722     -130.134        -12.061      -105.612
18 Feb 2015 19:31:54.920     -134.318        -12.059      -105.610
18 Feb 2015 19:34:44.540     -138.509        -12.058      -105.608
18 Feb 2015 19:37:35.790     -142.698        -12.056      -105.607
18 Feb 2015 19:40:27.508     -146.871        -12.055      -105.605
18 Feb 2015 19:43:12.843     -150.876        -12.055      -105.604
18 Feb 2015 19:46:04.484     -155.031        -12.054      -105.603
18 Feb 2015 19:48:55.096     -159.174        -12.053      -105.602
18 Feb 2015 19:51:44.480     -163.310        -12.053      -105.600
18 Feb 2015 19:54:32.201     -167.443        -12.053      -105.600
18 Feb 2015 19:57:17.846     -171.573        -12.053      -105.599
18 Feb 2015 20:00:01.017     -175.703        -12.053      -105.598
18 Feb 2015 20:02:41.324     -179.831        -12.053      -105.598
18 Feb 2015 20:05:20.105      175.998        -12.053      -105.598
18 Feb 2015 20:07:21.851      172.734        -12.053      -105.598
18 Feb 2015 20:09:20.746      169.486        -12.053      -105.598
18 Feb 2015 20:12:00.600      165.012        -12.052      -105.599
18 Feb 2015 20:14:37.189      160.496        -12.052      -105.600
18 Feb 2015 20:17:10.374      155.932        -12.052      -105.601
18 Feb 2015 20:19:40.107      151.315        -12.051      -105.602
18 Feb 2015 20:22:06.399      146.639        -12.050      -105.603
18 Feb 2015 20:24:29.326      141.894        -12.049      -105.605
18 Feb 2015 20:26:49.038      137.071        -12.048      -105.607
18 Feb 2015 20:29:05.781      132.156        -12.046      -105.609
18 Feb 2015 20:31:18.642      127.181        -12.043      -105.611
18 Feb 2015 20:33:25.639      122.225        -12.040      -105.613
18 Feb 2015 20:35:27.330      117.280        -12.037      -105.615
18 Feb 2015 20:37:24.474      112.327        -12.033      -105.617
18 Feb 2015 20:39:16.916      107.384        -12.029      -105.618
18 Feb 2015 20:41:05.282      102.438        -12.025      -105.619
18 Feb 2015 20:42:49.882       97.488        -12.020      -105.620
18 Feb 2015 20:44:31.000       92.536        -12.015      -105.621
18 Feb 2015 20:45:54.441       88.323        -12.011      -105.621
18 Feb 2015 20:47:08.763       84.474        -12.007      -105.620
18 Feb 2015 20:48:23.119       80.534        -12.003      -105.620
18 Feb 2015 20:49:45.041       76.091        -11.999      -105.619
18 Feb 2015 20:51:08.679       71.447        -11.994      -105.618
18 Feb 2015 20:52:32.447       66.693        -11.990      -105.616
18 Feb 2015 20:53:55.592       61.877        -11.985      -105.614
18 Feb 2015 20:55:17.528       57.045        -11.981      -105.611
18 Feb 2015 20:56:38.012       52.225        -11.977      -105.609
18 Feb 2015 20:57:57.450       47.405        -11.974      -105.606
18 Feb 2015 20:59:16.074       42.586        -11.971      -105.603
18 Feb 2015 21:00:32.180       37.885        -11.969      -105.600
18 Feb 2015 21:01:32.741       34.127        -11.967      -105.598
18 Feb 2015 21:02:32.796       30.392        -11.966      -105.596
18 Feb 2015 21:03:42.616       26.046        -11.965      -105.594
18 Feb 2015 21:04:56.469       21.456        -11.964      -105.592
18 Feb 2015 21:06:12.675       16.737        -11.964      -105.590
18 Feb 2015 21:07:26.942       12.168        -11.963      -105.588
18 Feb 2015 21:08:43.264        7.513        -11.963      -105.587
18 Feb 2015 21:09:58.618        2.967        -11.963      -105.587
18 Feb 2015 21:11:12.046       -1.406        -11.963      -105.586
18 Feb 2015 21:12:23.879       -5.623        -11.963      -105.586
18 Feb 2015 21:13:29.152       -9.396        -11.963      -105.587
18 Feb 2015 21:14:40.266      -13.440        -11.963      -105.587
18 Feb 2015 21:16:03.674      -18.089        -11.963      -105.588
18 Feb 2015 21:17:29.016      -22.734        -11.962      -105.590
18 Feb 2015 21:18:56.584      -27.379        -11.961      -105.591
18 Feb 2015 21:20:26.597      -32.024        -11.960      -105.593
18 Feb 2015 21:21:59.267      -36.667        -11.959      -105.595
18 Feb 2015 21:23:34.798      -41.307        -11.957      -105.597
18 Feb 2015 21:25:13.385      -45.942        -11.955      -105.599
18 Feb 2015 21:26:55.219      -50.569        -11.953      -105.602
18 Feb 2015 21:28:40.488      -55.186        -11.950      -105.604
18 Feb 2015 21:30:29.379      -59.793        -11.948      -105.605
18 Feb 2015 21:32:22.085      -64.388        -11.945      -105.607
18 Feb 2015 21:34:18.814      -68.971        -11.941      -105.608
18 Feb 2015 21:36:19.792      -73.545        -11.938      -105.610
18 Feb 2015 21:38:25.282      -78.113        -11.934      -105.610
18 Feb 2015 21:40:35.602      -82.680        -11.931      -105.611
18 Feb 2015 21:42:51.154      -87.255        -11.927      -105.611
18 Feb 2015 21:45:12.497      -91.852        -11.924      -105.611
18 Feb 2015 21:47:11.466      -95.596        -11.921      -105.611
18 Feb 2015 21:49:10.330      -99.233        -11.918      -105.611
18 Feb 2015 21:51:24.132     -103.212        -11.915      -105.610
18 Feb 2015 21:53:45.221     -107.290        -11.912      -105.610
18 Feb 2015 21:56:12.049     -111.418        -11.910      -105.609
18 Feb 2015 21:58:43.660     -115.572        -11.907      -105.607
18 Feb 2015 22:01:19.451     -119.738        -11.905      -105.606
18 Feb 2015 22:03:58.955     -123.911        -11.903      -105.605
18 Feb 2015 22:06:41.773     -128.089        -11.901      -105.603
18 Feb 2015 22:09:27.532     -132.272        -11.899      -105.602
18 Feb 2015 22:12:15.863     -136.460        -11.897      -105.600
18 Feb 2015 22:15:06.399     -140.657        -11.896      -105.599
18 Feb 2015 22:17:57.613     -144.837        -11.895      -105.597
18 Feb 2015 22:20:49.075     -149.003        -11.894      -105.596
18 Feb 2015 22:23:34.331     -153.012        -11.893      -105.594
18 Feb 2015 22:26:25.220     -157.163        -11.893      -105.593
18 Feb 2015 22:29:14.850     -161.303        -11.892      -105.592
18 Feb 2015 22:32:03.019     -165.438        -11.892      -105.591
18 Feb 2015 22:34:49.301     -169.571        -11.892      -105.590
18 Feb 2015 22:37:33.296     -173.702        -11.892      -105.590
18 Feb 2015 22:40:14.619     -177.833        -11.892      -105.589
18 Feb 2015 22:42:53.101      178.032        -11.892      -105.589
18 Feb 2015 22:45:06.606      174.479        -11.892      -105.589
18 Feb 2015 22:47:18.913      170.886        -11.891      -105.589
18 Feb 2015 22:49:44.685      166.834        -11.891      -105.589
18 Feb 2015 22:52:22.198      162.332        -11.891      -105.590
18 Feb 2015 22:54:56.340      157.786        -11.891      -105.591
18 Feb 2015 22:57:27.048      153.188        -11.890      -105.592
18 Feb 2015 22:59:54.309      148.534        -11.890      -105.594
18 Feb 2015 23:02:18.175      143.816        -11.888      -105.595
18 Feb 2015 23:04:38.764      139.023        -11.887      -105.597
18 Feb 2015 23:06:56.281      134.145        -11.885      -105.599
18 Feb 2015 23:09:11.042      129.166        -11.883      -105.601
18 Feb 2015 23:11:19.860      124.206        -11.880      -105.603
18 Feb 2015 23:13:23.193      119.261        -11.877      -105.605
18 Feb 2015 23:15:21.653      114.317        -11.874      -105.607
18 Feb 2015 23:17:15.484      109.377        -11.870      -105.609
18 Feb 2015 23:19:05.138      104.435        -11.865      -105.610
18 Feb 2015 23:20:50.935       99.490        -11.861      -105.611
18 Feb 2015 23:22:33.166       94.540        -11.856      -105.612
18 Feb 2015 23:24:12.099       89.589        -11.851      -105.612
18 Feb 2015 23:25:15.675       86.323        -11.848      -105.612
18 Feb 2015 23:26:19.384       82.984        -11.844      -105.611
18 Feb 2015 23:27:39.036       78.717        -11.840      -105.611
18 Feb 2015 23:29:01.787       74.178        -11.835      -105.609
18 Feb 2015 23:30:25.501       69.481        -11.831      -105.608
18 Feb 2015 23:31:48.967       64.697        -11.826      -105.606
18 Feb 2015 23:33:11.655       59.866        -11.822      -105.604
18 Feb 2015 23:34:32.892       55.040        -11.818      -105.601
18 Feb 2015 23:35:52.843       50.222        -11.815      -105.598
18 Feb 2015 23:37:11.953       45.399        -11.812      -105.596
18 Feb 2015 23:38:29.767       40.611        -11.809      -105.593
18 Feb 2015 23:39:43.972       36.017        -11.807      -105.590
18 Feb 2015 23:40:35.868       32.793        -11.806      -105.588
18 Feb 2015 23:41:26.204       29.662        -11.805      -105.587
18 Feb 2015 23:42:41.656       24.967        -11.804      -105.584
18 Feb 2015 23:43:55.417       20.388        -11.803      -105.582
18 Feb 2015 23:45:12.205       15.642        -11.802      -105.581
18 Feb 2015 23:46:26.377       11.090        -11.802      -105.579
18 Feb 2015 23:47:44.023        6.369        -11.802      -105.578
18 Feb 2015 23:48:58.636        1.886        -11.802      -105.577
18 Feb 2015 23:50:11.847       -2.455        -11.802      -105.577
18 Feb 2015 23:51:11.478       -5.943        -11.802      -105.577
18 Feb 2015 23:52:11.243       -9.392        -11.802      -105.578
18 Feb 2015 23:53:24.267      -13.539        -11.802      -105.578
18 Feb 2015 23:54:47.802      -18.186        -11.801      -105.579
18 Feb 2015 23:56:13.294      -22.830        -11.801      -105.581
18 Feb 2015 23:57:41.024      -27.475        -11.800      -105.582
18 Feb 2015 23:59:11.209      -32.119        -11.799      -105.584
19 Feb 2015 00:00:44.061      -36.762        -11.798      -105.586
19 Feb 2015 00:02:19.782      -41.401        -11.796      -105.588
19 Feb 2015 00:03:58.567      -46.035        -11.794      -105.591
19 Feb 2015 00:05:40.607      -50.661        -11.792      -105.593
19 Feb 2015 00:07:26.088      -55.277        -11.789      -105.595
19 Feb 2015 00:09:15.196      -59.883        -11.786      -105.596
19 Feb 2015 00:11:08.124      -64.477        -11.783      -105.598
19 Feb 2015 00:13:05.080      -69.060        -11.780      -105.600
19 Feb 2015 00:15:06.294      -73.633        -11.777      -105.601
19 Feb 2015 00:17:12.027      -78.201        -11.773      -105.602
19 Feb 2015 00:19:22.597      -82.769        -11.770      -105.602
19 Feb 2015 00:21:38.413      -87.345        -11.766      -105.603
19 Feb 2015 00:23:59.841      -91.938        -11.762      -105.603
19 Feb 2015 00:26:11.834      -96.080        -11.759      -105.602
19 Feb 2015 00:28:11.495      -99.726        -11.757      -105.602
19 Feb 2015 00:30:26.546     -103.726        -11.754      -105.601
19 Feb 2015 00:32:48.484     -107.813        -11.751      -105.600
19 Feb 2015 00:35:15.987     -111.946        -11.748      -105.599
19 Feb 2015 00:37:48.158     -116.103        -11.746      -105.598
19 Feb 2015 00:40:24.412     -120.271        -11.743      -105.597
19 Feb 2015 00:43:04.299     -124.446        -11.741      -105.596
19 Feb 2015 00:45:47.422     -128.625        -11.739      -105.594
19 Feb 2015 00:48:33.410     -132.810        -11.737      -105.593
19 Feb 2015 00:51:21.892     -137.001        -11.736      -105.591
19 Feb 2015 00:54:12.280     -141.196        -11.734      -105.589
19 Feb 2015 00:57:03.231     -145.373        -11.733      -105.588
19 Feb 2015 00:59:54.351     -149.538        -11.732      -105.587
19 Feb 2015 01:02:42.255     -153.619        -11.732      -105.585
19 Feb 2015 01:05:32.526     -157.767        -11.731      -105.584
19 Feb 2015 01:08:21.573     -161.907        -11.731      -105.583
19 Feb 2015 01:11:09.082     -166.043        -11.730      -105.582
19 Feb 2015 01:13:54.636     -170.177        -11.730      -105.581
19 Feb 2015 01:16:37.849     -174.310        -11.730      -105.581
19 Feb 2015 01:19:18.334     -178.442        -11.730      -105.580
19 Feb 2015 01:21:57.291      177.384        -11.730      -105.580
19 Feb 2015 01:23:55.750      174.213        -11.730      -105.580
19 Feb 2015 01:25:51.992      171.045        -11.730      -105.580
19 Feb 2015 01:28:20.614      166.904        -11.730      -105.581
19 Feb 2015 01:30:57.742      162.399        -11.730      -105.581
19 Feb 2015 01:33:31.504      157.851        -11.730      -105.582
19 Feb 2015 01:36:01.839      153.251        -11.729      -105.583
19 Feb 2015 01:38:28.734      148.595        -11.728      -105.585
19 Feb 2015 01:40:52.241      143.875        -11.727      -105.586
19 Feb 2015 01:43:12.479      139.081        -11.726      -105.588
19 Feb 2015 01:45:29.650      134.203        -11.724      -105.590
19 Feb 2015 01:47:44.066      129.223        -11.722      -105.592
19 Feb 2015 01:49:52.497      124.266        -11.719      -105.594
19 Feb 2015 01:51:55.480      119.323        -11.716      -105.596
19 Feb 2015 01:53:53.541      114.385        -11.712      -105.598
19 Feb 2015 01:55:47.087      109.448        -11.708      -105.600
19 Feb 2015 01:57:36.486      104.508        -11.704      -105.601
19 Feb 2015 01:59:22.053       99.565        -11.700      -105.602
19 Feb 2015 02:01:04.076       94.618        -11.695      -105.603
19 Feb 2015 02:02:42.823       89.669        -11.690      -105.603
19 Feb 2015 02:03:44.742       86.485        -11.687      -105.603
19 Feb 2015 02:04:46.805       83.231        -11.683      -105.602
19 Feb 2015 02:06:06.062       78.985        -11.679      -105.602
19 Feb 2015 02:07:28.568       74.460        -11.674      -105.601
19 Feb 2015 02:08:52.154       69.770        -11.670      -105.599
19 Feb 2015 02:10:15.552       64.991        -11.665      -105.597
19 Feb 2015 02:11:38.206       60.164        -11.661      -105.595
19 Feb 2015 02:12:59.476       55.337        -11.657      -105.592
19 Feb 2015 02:14:19.454       50.519        -11.654      -105.590
19 Feb 2015 02:15:38.585       45.696        -11.650      -105.587
19 Feb 2015 02:16:56.431       40.908        -11.648      -105.584
19 Feb 2015 02:18:10.708       36.310        -11.646      -105.581
19 Feb 2015 02:19:06.540       32.843        -11.644      -105.579
19 Feb 2015 02:20:00.864       29.464        -11.643      -105.578
19 Feb 2015 02:21:16.159       24.781        -11.642      -105.575
19 Feb 2015 02:22:30.017       20.198        -11.641      -105.573
19 Feb 2015 02:23:46.883       15.451        -11.641      -105.572
19 Feb 2015 02:25:01.136       10.899        -11.640      -105.570
19 Feb 2015 02:26:18.984        6.172        -11.640      -105.569
19 Feb 2015 02:27:33.475        1.702        -11.640      -105.569
19 Feb 2015 02:28:46.700       -2.633        -11.640      -105.568
19 Feb 2015 02:29:44.239       -5.993        -11.640      -105.569
19 Feb 2015 02:30:41.941       -9.319        -11.640      -105.569
19 Feb 2015 02:31:55.502      -13.493        -11.640      -105.570
19 Feb 2015 02:33:19.113      -18.139        -11.640      -105.571
19 Feb 2015 02:34:44.690      -22.783        -11.639      -105.572
19 Feb 2015 02:36:12.509      -27.427        -11.639      -105.574
19 Feb 2015 02:37:42.787      -32.071        -11.637      -105.576
19 Feb 2015 02:39:15.734      -36.712        -11.636      -105.578
19 Feb 2015 02:40:51.553      -41.351        -11.634      -105.580
19 Feb 2015 02:42:30.438      -45.984        -11.632      -105.582
19 Feb 2015 02:44:12.579      -50.609        -11.630      -105.584
19 Feb 2015 02:45:58.161      -55.225        -11.628      -105.586
19 Feb 2015 02:47:47.370      -59.830        -11.625      -105.588
19 Feb 2015 02:49:40.400      -64.423        -11.622      -105.589
19 Feb 2015 02:51:37.457      -69.006        -11.619      -105.591
19 Feb 2015 02:53:38.768      -73.579        -11.615      -105.592
19 Feb 2015 02:55:44.596      -78.147        -11.612      -105.593
19 Feb 2015 02:57:55.261      -82.715        -11.608      -105.593
19 Feb 2015 03:00:11.167      -87.292        -11.605      -105.594
19 Feb 2015 03:02:32.546      -91.882        -11.601      -105.594
19 Feb 2015 03:04:31.931      -95.633        -11.598      -105.594
19 Feb 2015 03:06:31.225      -99.278        -11.595      -105.593
19 Feb 2015 03:08:45.271     -103.260        -11.593      -105.593
19 Feb 2015 03:11:06.545     -107.340        -11.590      -105.592
19 Feb 2015 03:13:33.491     -111.470        -11.587      -105.591
19 Feb 2015 03:16:05.158     -115.625        -11.584      -105.590
19 Feb 2015 03:18:40.942     -119.793        -11.582      -105.588
19 Feb 2015 03:21:20.377     -123.969        -11.580      -105.587
19 Feb 2015 03:24:03.063     -128.149        -11.578      -105.585
19 Feb 2015 03:26:48.624     -132.335        -11.576      -105.584
19 Feb 2015 03:29:36.692     -136.527        -11.574      -105.582
19 Feb 2015 03:32:26.701     -140.722        -11.573      -105.581
19 Feb 2015 03:35:17.293     -144.901        -11.572      -105.579
19 Feb 2015 03:38:08.079     -149.066        -11.571      -105.578
19 Feb 2015 03:40:48.905     -152.984        -11.570      -105.577
19 Feb 2015 03:43:39.165     -157.139        -11.570      -105.575
19 Feb 2015 03:46:28.011     -161.280        -11.569      -105.574
19 Feb 2015 03:49:15.375     -165.418        -11.569      -105.573
19 Feb 2015 03:52:00.837     -169.553        -11.569      -105.572
19 Feb 2015 03:54:44.012     -173.687        -11.569      -105.572
19 Feb 2015 03:57:24.522     -177.822        -11.569      -105.571
19 Feb 2015 04:00:02.339      178.034        -11.569      -105.571
19 Feb 2015 04:02:10.278      174.608        -11.569      -105.571
19 Feb 2015 04:04:16.511      171.162        -11.569      -105.571
19 Feb 2015 04:06:41.472      167.113        -11.569      -105.572
19 Feb 2015 04:09:18.323      162.608        -11.568      -105.572
19 Feb 2015 04:11:51.816      158.058        -11.568      -105.573
19 Feb 2015 04:14:21.888      153.459        -11.568      -105.575
19 Feb 2015 04:16:48.527      148.803        -11.567      -105.576
19 Feb 2015 04:19:11.782      144.083        -11.566      -105.578
19 Feb 2015 04:21:31.771      139.290        -11.564      -105.579
19 Feb 2015 04:23:48.690      134.414        -11.563      -105.581
19 Feb 2015 04:26:02.845      129.437        -11.560      -105.584
19 Feb 2015 04:28:11.071      124.482        -11.558      -105.586
19 Feb 2015 04:30:13.870      119.541        -11.554      -105.588
19 Feb 2015 04:32:11.760      114.606        -11.551      -105.589
19 Feb 2015 04:34:05.167      109.671        -11.547      -105.591
19 Feb 2015 04:35:54.435      104.734        -11.543      -105.592
19 Feb 2015 04:37:39.887       99.793        -11.538      -105.593
19 Feb 2015 04:39:21.809       94.849        -11.534      -105.594
19 Feb 2015 04:41:00.468       89.902        -11.529      -105.594
19 Feb 2015 04:41:54.399       87.131        -11.526      -105.594
19 Feb 2015 04:42:48.422       84.308        -11.523      -105.594
19 Feb 2015 04:44:06.265       80.158        -11.519      -105.593
19 Feb 2015 04:45:27.950       75.700        -11.514      -105.592
19 Feb 2015 04:46:51.302       71.046        -11.509      -105.591
19 Feb 2015 04:48:14.721       66.287        -11.505      -105.589
19 Feb 2015 04:49:37.515       61.471        -11.501      -105.587
19 Feb 2015 04:50:59.133       56.641        -11.497      -105.584
19 Feb 2015 04:52:19.375       51.822        -11.493      -105.582
19 Feb 2015 04:53:38.679       47.000        -11.490      -105.579
19 Feb 2015 04:54:56.980       42.194        -11.487      -105.576
19 Feb 2015 04:56:12.186       37.545        -11.485      -105.573
19 Feb 2015 04:57:24.013       33.086        -11.483      -105.571
19 Feb 2015 04:58:30.897       28.927        -11.482      -105.569
19 Feb 2015 04:59:46.200       24.246        -11.480      -105.566
19 Feb 2015 05:01:00.381       19.647        -11.480      -105.564
19 Feb 2015 05:02:16.335       14.963        -11.479      -105.563
19 Feb 2015 05:03:30.928       10.397        -11.479      -105.561
19 Feb 2015 05:04:48.263        5.710        -11.479      -105.560
19 Feb 2015 05:06:02.561        1.262        -11.479      -105.560
19 Feb 2015 05:07:15.726       -3.058        -11.479      -105.560
19 Feb 2015 05:08:03.566       -5.848        -11.479      -105.560
19 Feb 2015 05:08:51.613       -8.619        -11.479      -105.560
19 Feb 2015 05:10:05.001      -12.791        -11.479      -105.561
19 Feb 2015 05:11:28.424      -17.436        -11.478      -105.562
19 Feb 2015 05:12:53.786      -22.079        -11.478      -105.563
19 Feb 2015 05:14:21.364      -26.723        -11.477      -105.565
19 Feb 2015 05:15:51.375      -31.366        -11.476      -105.567
19 Feb 2015 05:17:24.030      -36.008        -11.475      -105.569
19 Feb 2015 05:18:59.531      -40.646        -11.473      -105.571
19 Feb 2015 05:20:38.073      -45.279        -11.471      -105.573
19 Feb 2015 05:22:19.845      -49.905        -11.469      -105.575
19 Feb 2015 05:24:05.032      -54.522        -11.466      -105.577
19 Feb 2015 05:25:53.820      -59.128        -11.464      -105.579
19 Feb 2015 05:27:46.401      -63.722        -11.461      -105.580
19 Feb 2015 05:29:42.976      -68.306        -11.457      -105.582
19 Feb 2015 05:31:43.771      -72.880        -11.454      -105.583
19 Feb 2015 05:33:49.041      -77.449        -11.451      -105.584
19 Feb 2015 05:35:59.095      -82.016        -11.447      -105.585
19 Feb 2015 05:38:14.324      -86.592        -11.443      -105.585
19 Feb 2015 05:40:35.149      -91.185        -11.440      -105.585
19 Feb 2015 05:42:28.679      -94.772        -11.437      -105.585
19 Feb 2015 05:44:22.006      -98.257        -11.435      -105.585
19 Feb 2015 05:46:33.838     -102.201        -11.432      -105.584
19 Feb 2015 05:48:53.435     -106.262        -11.429      -105.583
19 Feb 2015 05:51:19.044     -110.383        -11.426      -105.582
19 Feb 2015 05:53:49.548     -114.534        -11.423      -105.581
19 Feb 2015 05:56:24.277     -118.700        -11.421      -105.580
19 Feb 2015 05:59:02.746     -122.875        -11.419      -105.579
19 Feb 2015 06:01:44.537     -127.055        -11.417      -105.577
19 Feb 2015 06:04:29.272     -131.240        -11.415      -105.576
19 Feb 2015 06:07:16.580     -135.432        -11.413      -105.574
19 Feb 2015 06:10:06.091     -139.632        -11.412      -105.573
19 Feb 2015 06:12:56.261     -143.814        -11.411      -105.571
19 Feb 2015 06:15:46.710     -147.982        -11.410      -105.570
19 Feb 2015 06:18:37.011     -152.139        -11.409      -105.568
19 Feb 2015 06:21:26.737     -156.288        -11.408      -105.567
19 Feb 2015 06:24:15.463     -160.431        -11.408      -105.566
19 Feb 2015 06:27:02.767     -164.570        -11.407      -105.565
19 Feb 2015 06:29:48.246     -168.707        -11.407      -105.564
19 Feb 2015 06:32:31.509     -172.843        -11.407      -105.563
19 Feb 2015 06:35:12.185     -176.980        -11.407      -105.563
19 Feb 2015 06:37:49.910      178.883        -11.407      -105.563
19 Feb 2015 06:39:51.740      175.627        -11.407      -105.562
19 Feb 2015 06:41:46.866      172.495        -11.407      -105.563
19 Feb 2015 06:44:00.020      168.798        -11.407      -105.563
19 Feb 2015 06:46:37.659      164.306        -11.407      -105.563
19 Feb 2015 06:49:11.999      159.771        -11.407      -105.564
19 Feb 2015 06:51:42.941      155.189        -11.406      -105.565
19 Feb 2015 06:54:10.454      150.552        -11.406      -105.567
19 Feb 2015 06:56:34.565      145.854        -11.405      -105.568
19 Feb 2015 06:58:55.366      141.088        -11.403      -105.570
19 Feb 2015 07:01:13.022      136.242        -11.402      -105.572
19 Feb 2015 07:03:27.792      131.303        -11.400      -105.574
19 Feb 2015 07:05:37.725      126.344        -11.397      -105.576
19 Feb 2015 07:07:42.078      121.402        -11.394      -105.578
19 Feb 2015 07:09:41.382      116.467        -11.391      -105.580
19 Feb 2015 07:11:35.543      111.559        -11.387      -105.582
19 Feb 2015 07:13:26.029      106.625        -11.383      -105.583
19 Feb 2015 07:15:12.617      101.688        -11.378      -105.584
19 Feb 2015 07:16:55.595       96.747        -11.374      -105.585
19 Feb 2015 07:18:35.235       91.804        -11.369      -105.586
19 Feb 2015 07:19:53.784       87.793        -11.365      -105.585
19 Feb 2015 07:21:12.459       83.676        -11.360      -105.585
19 Feb 2015 07:22:28.338       79.611        -11.356      -105.585
19 Feb 2015 07:23:50.350       75.115        -11.352      -105.584
19 Feb 2015 07:25:13.660       70.445        -11.347      -105.582
19 Feb 2015 07:26:36.926       65.678        -11.343      -105.580
19 Feb 2015 07:27:59.526       60.858        -11.338      -105.578
19 Feb 2015 07:29:20.893       56.029        -11.334      -105.575
19 Feb 2015 07:30:40.951       51.211        -11.331      -105.573
19 Feb 2015 07:32:00.140       46.388        -11.328      -105.570
19 Feb 2015 07:33:18.095       41.597        -11.325      -105.567
19 Feb 2015 07:34:32.597       36.988        -11.323      -105.564
19 Feb 2015 07:35:44.222       32.541        -11.321      -105.562
19 Feb 2015 07:36:52.767       28.279        -11.320      -105.560
19 Feb 2015 07:38:07.534       23.634        -11.319      -105.558
19 Feb 2015 07:39:22.402       18.998        -11.318      -105.556
19 Feb 2015 07:40:37.116       14.396        -11.317      -105.554
19 Feb 2015 07:41:52.298        9.803        -11.317      -105.553
19 Feb 2015 07:43:08.852        5.174        -11.317      -105.552
19 Feb 2015 07:44:22.997        0.746        -11.317      -105.551
19 Feb 2015 07:45:36.059       -3.556        -11.317      -105.551
19 Feb 2015 07:46:32.391       -6.828        -11.317      -105.551
19 Feb 2015 07:47:28.886      -10.067        -11.317      -105.552
19 Feb 2015 07:48:46.496      -14.442        -11.317      -105.552
19 Feb 2015 07:50:10.680      -19.086        -11.316      -105.554
19 Feb 2015 07:51:36.913      -23.729        -11.316      -105.555
19 Feb 2015 07:53:05.446      -28.372        -11.315      -105.557
19 Feb 2015 07:54:36.493      -33.014        -11.314      -105.559
19 Feb 2015 07:56:10.262      -37.654        -11.312      -105.561
19 Feb 2015 07:57:46.951      -42.290        -11.311      -105.563
19 Feb 2015 07:59:26.752      -46.920        -11.309      -105.565
19 Feb 2015 08:01:09.853      -51.542        -11.306      -105.567
19 Feb 2015 08:02:56.437      -56.154        -11.304      -105.569
19 Feb 2015 08:04:46.691      -60.755        -11.301      -105.571
19 Feb 2015 08:06:40.809      -65.345        -11.298      -105.572
19 Feb 2015 08:08:39.000      -69.925        -11.295      -105.574
19 Feb 2015 08:10:41.497      -74.497        -11.291      -105.575
19 Feb 2015 08:12:48.573      -79.064        -11.288      -105.576
19 Feb 2015 08:15:00.561      -83.634        -11.284      -105.576
19 Feb 2015 08:17:17.895      -88.216        -11.280      -105.576
19 Feb 2015 08:19:21.992      -92.219        -11.277      -105.576
19 Feb 2015 08:21:25.732      -96.090        -11.274      -105.576
19 Feb 2015 08:23:27.429      -99.791        -11.272      -105.576
19 Feb 2015 08:25:42.727     -103.793        -11.269      -105.575
19 Feb 2015 08:28:04.926     -107.883        -11.266      -105.574
19 Feb 2015 08:30:32.586     -112.019        -11.263      -105.573
19 Feb 2015 08:33:04.822     -116.178        -11.261      -105.572
19 Feb 2015 08:35:41.050     -120.349        -11.258      -105.571
19 Feb 2015 08:38:20.816     -124.527        -11.256      -105.570
19 Feb 2015 08:41:03.725     -128.710        -11.254      -105.568
19 Feb 2015 08:43:49.401     -132.900        -11.252      -105.566
19 Feb 2015 08:46:37.477     -137.096        -11.251      -105.565
19 Feb 2015 08:49:27.009     -141.287        -11.250      -105.563
19 Feb 2015 08:52:17.028     -145.463        -11.248      -105.562
19 Feb 2015 08:55:07.134     -149.627        -11.248      -105.560
19 Feb 2015 08:57:50.014     -153.612        -11.247      -105.559
19 Feb 2015 09:00:39.293     -157.764        -11.246      -105.558
19 Feb 2015 09:03:27.163     -161.906        -11.246      -105.557
19 Feb 2015 09:06:13.467     -166.045        -11.246      -105.556
19 Feb 2015 09:08:57.796     -170.183        -11.245      -105.555
19 Feb 2015 09:11:39.772     -174.321        -11.245      -105.554
19 Feb 2015 09:14:19.034     -178.460        -11.245      -105.554
19 Feb 2015 09:16:57.049      177.351        -11.245      -105.554
19 Feb 2015 09:18:52.845      174.221        -11.245      -105.554
19 Feb 2015 09:20:48.712      171.032        -11.245      -105.554
19 Feb 2015 09:23:17.808      166.835        -11.245      -105.555
19 Feb 2015 09:25:53.603      162.321        -11.245      -105.555
19 Feb 2015 09:28:26.040      157.763        -11.245      -105.556
19 Feb 2015 09:30:55.064      153.155        -11.244      -105.557
19 Feb 2015 09:33:20.670      148.490        -11.243      -105.559
19 Feb 2015 09:35:42.915      143.761        -11.242      -105.561
19 Feb 2015 09:38:01.920      138.958        -11.241      -105.562
19 Feb 2015 09:40:17.890      134.071        -11.239      -105.564
19 Feb 2015 09:42:30.705      129.101        -11.237      -105.567
19 Feb 2015 09:44:37.662      124.153        -11.234      -105.569
19 Feb 2015 09:46:39.320      119.217        -11.231      -105.571
19 Feb 2015 09:48:36.175      114.287        -11.227      -105.572
19 Feb 2015 09:50:28.297      109.371        -11.223      -105.574
19 Feb 2015 09:52:16.714      104.438        -11.219      -105.575
19 Feb 2015 09:54:01.392       99.502        -11.214      -105.576
19 Feb 2015 09:55:42.609       94.562        -11.210      -105.577
19 Feb 2015 09:57:20.628       89.621        -11.205      -105.577
19 Feb 2015 09:58:23.255       86.382        -11.201      -105.577
19 Feb 2015 09:59:25.986       83.074        -11.198      -105.577
19 Feb 2015 10:00:45.058       78.815        -11.194      -105.576
19 Feb 2015 10:02:07.292       74.283        -11.189      -105.575
19 Feb 2015 10:03:30.560       69.592        -11.184      -105.573
19 Feb 2015 10:04:53.640       64.813        -11.180      -105.571
19 Feb 2015 10:06:16.001       59.988        -11.176      -105.569
19 Feb 2015 10:07:37.050       55.162        -11.172      -105.567
19 Feb 2015 10:08:56.885       50.343        -11.168      -105.564
19 Feb 2015 10:10:15.909       45.520        -11.165      -105.561
19 Feb 2015 10:11:33.278       40.758        -11.162      -105.558
19 Feb 2015 10:12:46.908       36.199        -11.160      -105.555
19 Feb 2015 10:13:58.481       31.754        -11.159      -105.553
19 Feb 2015 10:15:11.035       27.244        -11.158      -105.551
19 Feb 2015 10:16:23.303       22.758        -11.157      -105.549
19 Feb 2015 10:17:39.758       18.030        -11.156      -105.547
19 Feb 2015 10:18:53.651       13.489        -11.155      -105.545
19 Feb 2015 10:20:09.928        8.841        -11.155      -105.544
19 Feb 2015 10:21:25.620        4.279        -11.155      -105.543
19 Feb 2015 10:22:39.590       -0.123        -11.155      -105.543
19 Feb 2015 10:23:52.359       -4.391        -11.155      -105.543
19 Feb 2015 10:25:00.671       -8.335        -11.155      -105.543
19 Feb 2015 10:26:06.118      -12.055        -11.155      -105.543
19 Feb 2015 10:27:29.495      -16.702        -11.155      -105.544
19 Feb 2015 10:28:54.737      -21.344        -11.154      -105.546
19 Feb 2015 10:30:22.174      -25.987        -11.154      -105.547
19 Feb 2015 10:31:52.022      -30.629        -11.153      -105.549
19 Feb 2015 10:33:24.491      -35.269        -11.151      -105.551
19 Feb 2015 10:34:59.784      -39.907        -11.150      -105.553
19 Feb 2015 10:36:38.096      -44.539        -11.148      -105.555
19 Feb 2015 10:38:19.615      -49.165        -11.146      -105.557
19 Feb 2015 10:40:04.524      -53.782        -11.143      -105.559
19 Feb 2015 10:41:53.009      -58.388        -11.140      -105.561
19 Feb 2015 10:43:45.258      -62.983        -11.137      -105.563
19 Feb 2015 10:45:41.472      -67.567        -11.134      -105.565
19 Feb 2015 10:47:41.869      -72.142        -11.131      -105.566
19 Feb 2015 10:49:46.699      -76.711        -11.128      -105.567
19 Feb 2015 10:51:56.261      -81.279        -11.124      -105.567
19 Feb 2015 10:54:10.930      -85.854        -11.120      -105.568
19 Feb 2015 10:56:31.179      -90.448        -11.117      -105.568
19 Feb 2015 10:58:12.865      -93.678        -11.114      -105.568
19 Feb 2015 10:59:54.213      -96.821        -11.112      -105.568
19 Feb 2015 11:02:02.628     -100.700        -11.109      -105.567
19 Feb 2015 11:04:19.614     -104.725        -11.106      -105.567
19 Feb 2015 11:06:43.226     -108.830        -11.103      -105.566
19 Feb 2015 11:09:12.019     -112.973        -11.101      -105.565
19 Feb 2015 11:11:45.208     -117.136        -11.098      -105.563
19 Feb 2015 11:14:22.248     -119.597        -18.102      -107.044
19 Feb 2015 11:17:02.705     -119.279        -43.323      -112.775
19 Feb 2015 11:19:46.188     -125.577        -68.810      -124.146
19 Feb 2015 11:22:32.323      162.660        -83.391       160.573
19 Feb 2015 11:25:20.745      176.699        -78.562       175.965
19 Feb 2015 11:28:10.130     -177.071        -73.187      -176.056
19 Feb 2015 11:30:59.895     -173.355        -67.386      -170.047
19 Feb 2015 11:33:49.626     -170.707        -61.142      -164.332
19 Feb 2015 11:36:38.902     -168.586        -54.403      -157.994
19 Feb 2015 11:39:27.298     -166.740        -47.106      -150.140
19 Feb 2015 11:42:14.401     -165.030        -39.190      -139.484
19 Feb 2015 11:44:59.809     -163.368        -30.613      -123.789
19 Feb 2015 11:47:43.134     -161.689        -21.380       -99.021
19 Feb 2015 11:50:24.007     -159.936        -11.570       -59.599
19 Feb 2015 11:53:02.074     -158.054         -1.352        -6.963
19 Feb 2015 11:55:13.217     -156.315          7.412        34.331
19 Feb 2015 11:56:38.867     -155.065         13.192        55.218
19 Feb 2015 11:58:04.447     -153.701         18.952        71.090
19 Feb 2015 12:00:30.533     -151.032         28.605        89.245
19 Feb 2015 12:03:06.857     -147.519         38.454       100.263
19 Feb 2015 12:05:39.860     -143.103         47.399       105.534
19 Feb 2015 12:08:09.465     -137.343         55.322       106.632
19 Feb 2015 12:10:35.655     -129.543         62.133       103.941
19 Feb 2015 12:12:58.468     -131.376         70.798       110.787
19 Feb 2015 12:15:18.008      140.091         63.737      -151.154
19 Feb 2015 12:17:34.453      124.928         34.163      -125.589
19 Feb 2015 12:19:48.077      125.225          3.780      -112.275
19 Feb 2015 12:21:56.210      125.576        -11.073      -105.560
19 Feb 2015 12:23:58.933      120.640        -11.070      -105.562
19 Feb 2015 12:25:56.760      115.711        -11.066      -105.563
19 Feb 2015 12:27:47.854      110.884        -11.063      -105.565
19 Feb 2015 12:29:37.150      105.955        -11.058      -105.567
19 Feb 2015 12:31:22.667      101.021        -11.054      -105.568
19 Feb 2015 12:33:04.665       96.085        -11.049      -105.568
19 Feb 2015 12:34:43.410       91.146        -11.044      -105.569
19 Feb 2015 12:35:56.678       87.379        -11.040      -105.569
19 Feb 2015 12:37:10.074       83.519        -11.036      -105.568
19 Feb 2015 12:38:26.935       79.385        -11.032      -105.568
19 Feb 2015 12:39:48.812       74.880        -11.028      -105.567
19 Feb 2015 12:41:11.929       70.205        -11.023      -105.565
19 Feb 2015 12:42:34.974       65.436        -11.018      -105.563
19 Feb 2015 12:43:57.359       60.616        -11.014      -105.561
19 Feb 2015 12:45:18.538       55.789        -11.010      -105.558
19 Feb 2015 12:46:38.469       50.969        -11.007      -105.556
19 Feb 2015 12:47:57.570       46.146        -11.003      -105.553
19 Feb 2015 12:49:15.167       41.374        -11.001      -105.550
19 Feb 2015 12:50:29.129       36.797        -10.999      -105.547
19 Feb 2015 12:51:40.770       32.350        -10.997      -105.545
19 Feb 2015 12:52:54.565       27.764        -10.996      -105.543
19 Feb 2015 12:54:02.944       23.519        -10.995      -105.541
19 Feb 2015 12:55:18.793       18.827        -10.994      -105.539
19 Feb 2015 12:56:32.802       14.276        -10.993      -105.537
19 Feb 2015 12:57:48.522        9.658        -10.993      -105.536
19 Feb 2015 12:59:04.645        5.064        -10.993      -105.535
19 Feb 2015 13:00:18.825        0.644        -10.993      -105.534
19 Feb 2015 13:01:31.965       -3.653        -10.993      -105.534
19 Feb 2015 13:02:31.070       -7.075        -10.993      -105.535
19 Feb 2015 13:03:30.304      -10.458        -10.993      -105.535
19 Feb 2015 13:04:49.327      -14.893        -10.993      -105.536
19 Feb 2015 13:06:13.901      -19.536        -10.992      -105.537
19 Feb 2015 13:07:40.566      -24.178        -10.992      -105.538
19 Feb 2015 13:09:09.566      -28.819        -10.991      -105.540
19 Feb 2015 13:10:41.112      -33.460        -10.990      -105.542
19 Feb 2015 13:12:15.409      -38.098        -10.988      -105.544
19 Feb 2015 13:13:52.654      -42.732        -10.987      -105.546
19 Feb 2015 13:15:33.036      -47.360        -10.985      -105.548
19 Feb 2015 13:17:16.740      -51.980        -10.982      -105.550
19 Feb 2015 13:19:03.950      -56.589        -10.980      -105.552
19 Feb 2015 13:20:54.851      -61.188        -10.977      -105.554
19 Feb 2015 13:22:49.638      -65.776        -10.974      -105.556
19 Feb 2015 13:24:48.521      -70.354        -10.970      -105.557
19 Feb 2015 13:26:51.736      -74.925        -10.967      -105.558
19 Feb 2015 13:28:59.559      -79.492        -10.963      -105.559
19 Feb 2015 13:31:12.335      -84.064        -10.960      -105.559
19 Feb 2015 13:33:30.514      -88.650        -10.956      -105.560
19 Feb 2015 13:35:29.849      -92.483        -10.953      -105.560
19 Feb 2015 13:37:28.787      -96.194        -10.950      -105.559
19 Feb 2015 13:39:32.147      -99.938        -10.948      -105.559
19 Feb 2015 13:41:47.840     -103.944        -10.945      -105.558
19 Feb 2015 13:44:10.371     -108.039        -10.942      -105.558
19 Feb 2015 13:46:38.266     -112.177        -10.939      -105.557
19 Feb 2015 13:49:10.656     -116.338        -10.937      -105.555
19 Feb 2015 13:51:46.964     -120.511        -10.934      -105.554
19 Feb 2015 13:54:26.739     -124.692        -10.932      -105.553
19 Feb 2015 13:57:09.582     -128.878        -10.930      -105.551
19 Feb 2015 13:59:55.121     -133.070        -10.928      -105.550
19 Feb 2015 14:02:42.986     -137.270        -10.927      -105.548
19 Feb 2015 14:05:31.975     -141.460        -10.926      -105.547
19 Feb 2015 14:08:21.393     -145.634        -10.924      -105.545
19 Feb 2015 14:11:10.833     -149.797        -10.924      -105.544
19 Feb 2015 14:13:59.879     -153.951        -10.923      -105.542
19 Feb 2015 14:16:48.110     -158.098        -10.922      -105.541
19 Feb 2015 14:19:35.108     -162.242        -10.922      -105.540
19 Feb 2015 14:22:20.477     -166.383        -10.922      -105.539
19 Feb 2015 14:25:03.829     -170.523        -10.921      -105.538
19 Feb 2015 14:27:44.797     -174.665        -10.921      -105.538
19 Feb 2015 14:30:23.031     -178.809        -10.921      -105.537
19 Feb 2015 14:33:00.667      176.978        -10.921      -105.537
19 Feb 2015 14:34:17.558      174.888        -10.921      -105.537
19 Feb 2015 14:35:34.764      172.765        -10.921      -105.537
19 Feb 2015 14:37:58.526      168.737        -10.921      -105.538
19 Feb 2015 14:40:34.862      164.236        -10.921      -105.538
19 Feb 2015 14:43:07.897      159.692        -10.921      -105.539
19 Feb 2015 14:45:37.545      155.100        -10.920      -105.540
19 Feb 2015 14:48:03.782      150.455        -10.920      -105.542
19 Feb 2015 14:50:26.642      145.748        -10.919      -105.543
19 Feb 2015 14:52:46.220      140.973        -10.917      -105.545
19 Feb 2015 14:55:02.682      136.119        -10.916      -105.547
19 Feb 2015 14:57:16.289      131.173        -10.914      -105.549
19 Feb 2015 14:59:24.719      126.223        -10.911      -105.551
19 Feb 2015 15:01:27.713      121.288        -10.908      -105.553
19 Feb 2015 15:03:25.788      116.361        -10.905      -105.555
19 Feb 2015 15:05:19.560      111.427        -10.901      -105.557
19 Feb 2015 15:07:09.014      106.499        -10.897      -105.558
19 Feb 2015 15:08:54.656      101.568        -10.892      -105.559
19 Feb 2015 15:10:36.775       96.634        -10.888      -105.560
19 Feb 2015 15:12:15.637       91.698        -10.883      -105.560
19 Feb 2015 15:13:33.140       87.718        -10.879      -105.560
19 Feb 2015 15:14:50.758       83.634        -10.874      -105.560
19 Feb 2015 15:16:06.544       79.555        -10.870      -105.559
19 Feb 2015 15:17:28.241       75.058        -10.866      -105.558
19 Feb 2015 15:18:51.233       70.388        -10.861      -105.557
19 Feb 2015 15:20:14.199       65.623        -10.856      -105.555
19 Feb 2015 15:21:36.531       60.805        -10.852      -105.553
19 Feb 2015 15:22:57.712       55.978        -10.848      -105.550
19 Feb 2015 15:24:17.648       51.158        -10.845      -105.548
19 Feb 2015 15:25:36.753       46.335        -10.841      -105.545
19 Feb 2015 15:26:54.326       41.565        -10.839      -105.542
19 Feb 2015 15:28:08.275       36.990        -10.836      -105.539
19 Feb 2015 15:29:19.972       32.540        -10.835      -105.537
19 Feb 2015 15:30:25.000       28.499        -10.834      -105.535
19 Feb 2015 15:31:30.874       24.410        -10.833      -105.533
19 Feb 2015 15:32:46.058       19.757        -10.832      -105.531
19 Feb 2015 15:34:00.460       15.179        -10.831      -105.529
19 Feb 2015 15:35:15.519       10.596        -10.831      -105.528
19 Feb 2015 15:36:32.200        5.962        -10.831      -105.527
19 Feb 2015 15:37:46.619        1.520        -10.831      -105.526
19 Feb 2015 15:39:00.105       -2.806        -10.831      -105.526
19 Feb 2015 15:39:50.684       -5.744        -10.831      -105.526
19 Feb 2015 15:40:41.469       -8.660        -10.831      -105.526
19 Feb 2015 15:41:55.321      -12.836        -10.831      -105.527
19 Feb 2015 15:43:19.158      -17.480        -10.830      -105.528
19 Feb 2015 15:44:44.966      -22.121        -10.830      -105.529
19 Feb 2015 15:46:13.019      -26.762        -10.829      -105.531
19 Feb 2015 15:47:43.531      -31.403        -10.828      -105.533
19 Feb 2015 15:49:16.710      -36.042        -10.827      -105.535
19 Feb 2015 15:50:52.755      -40.677        -10.825      -105.537
19 Feb 2015 15:52:31.857      -45.307        -10.823      -105.539
19 Feb 2015 15:54:14.203      -49.930        -10.821      -105.541
19 Feb 2015 15:55:59.976      -54.543        -10.819      -105.543
19 Feb 2015 15:57:49.359      -59.146        -10.816      -105.545
19 Feb 2015 15:59:42.542      -63.738        -10.813      -105.547
19 Feb 2015 16:01:39.727      -68.320        -10.810      -105.548
19 Feb 2015 16:03:41.136      -72.893        -10.806      -105.549
19 Feb 2015 16:05:47.025      -77.462        -10.803      -105.550
19 Feb 2015 16:07:57.704      -82.031        -10.799      -105.551
19 Feb 2015 16:10:13.569      -86.610        -10.796      -105.551
19 Feb 2015 16:12:34.409      -91.188        -10.792      -105.551
19 Feb 2015 16:14:28.404      -94.779        -10.789      -105.551
19 Feb 2015 16:16:22.178      -98.269        -10.787      -105.551
19 Feb 2015 16:18:34.367     -102.217        -10.784      -105.550
19 Feb 2015 16:20:54.245     -106.282        -10.781      -105.550
19 Feb 2015 16:23:20.017     -110.406        -10.778      -105.549
19 Feb 2015 16:25:50.577     -114.560        -10.775      -105.548
19 Feb 2015 16:28:25.252     -118.729        -10.773      -105.546
19 Feb 2015 16:31:03.550     -122.908        -10.771      -105.545
19 Feb 2015 16:33:45.054     -127.093        -10.769      -105.544
19 Feb 2015 16:36:29.382     -131.284        -10.767      -105.542
19 Feb 2015 16:39:16.165     -135.482        -10.765      -105.541
19 Feb 2015 16:42:04.587     -139.678        -10.764      -105.539
19 Feb 2015 16:44:53.575     -143.858        -10.763      -105.537
19 Feb 2015 16:47:42.742     -148.025        -10.762      -105.536
19 Feb 2015 16:50:31.670     -152.183        -10.761      -105.535
19 Feb 2015 16:53:19.940     -156.333        -10.760      -105.533
19 Feb 2015 16:56:07.139     -160.478        -10.760      -105.532
19 Feb 2015 16:58:52.865     -164.621        -10.760      -105.531
19 Feb 2015 17:01:36.728     -168.763        -10.759      -105.530
19 Feb 2015 17:04:18.357     -172.906        -10.759      -105.530
19 Feb 2015 17:06:57.403     -177.051        -10.759      -105.529
19 Feb 2015 17:09:33.528      178.801        -10.759      -105.529
19 Feb 2015 17:11:48.158      175.152        -10.759      -105.529
19 Feb 2015 17:14:02.813      171.424        -10.759      -105.529
19 Feb 2015 17:16:23.353      167.442        -10.759      -105.530
19 Feb 2015 17:18:58.339      162.926        -10.759      -105.530
19 Feb 2015 17:21:29.989      158.366        -10.759      -105.531
19 Feb 2015 17:23:58.245      153.756        -10.758      -105.532
19 Feb 2015 17:26:23.101      149.091        -10.757      -105.534
19 Feb 2015 17:28:44.608      144.363        -10.756      -105.535
19 Feb 2015 17:31:02.882      139.564        -10.755      -105.537
19 Feb 2015 17:33:18.114      134.683        -10.753      -105.539
19 Feb 2015 17:35:30.263      129.718        -10.751      -105.541
19 Feb 2015 17:37:36.616      124.776        -10.748      -105.543
19 Feb 2015 17:39:37.730      119.846        -10.745      -105.545
19 Feb 2015 17:41:34.096      114.922        -10.741      -105.547
19 Feb 2015 17:43:25.358      110.032        -10.737      -105.549
19 Feb 2015 17:45:13.396      105.106        -10.733      -105.550
19 Feb 2015 17:46:57.744      100.177        -10.729      -105.551
19 Feb 2015 17:48:38.671       95.244        -10.724      -105.552
19 Feb 2015 17:50:16.437       90.310        -10.719      -105.552
19 Feb 2015 17:51:17.931       87.127        -10.716      -105.552
19 Feb 2015 17:52:19.552       83.877        -10.712      -105.552
19 Feb 2015 17:53:36.839       79.715        -10.708      -105.551
19 Feb 2015 17:54:58.269       75.231        -10.703      -105.550
19 Feb 2015 17:56:21.138       70.566        -10.699      -105.549
19 Feb 2015 17:57:44.024       65.804        -10.694      -105.547
19 Feb 2015 17:59:06.302       60.989        -10.690      -105.545
19 Feb 2015 18:00:27.481       56.161        -10.686      -105.542
19 Feb 2015 18:01:47.421       51.341        -10.682      -105.540
19 Feb 2015 18:03:06.528       46.518        -10.679      -105.537
19 Feb 2015 18:04:24.074       41.750        -10.676      -105.534
19 Feb 2015 18:05:38.007       37.177        -10.674      -105.531
19 Feb 2015 18:06:49.761       32.724        -10.673      -105.529
19 Feb 2015 18:07:50.612       28.944        -10.671      -105.527
19 Feb 2015 18:08:52.527       25.101        -10.670      -105.525
19 Feb 2015 18:10:07.412       20.466        -10.670      -105.523
19 Feb 2015 18:11:22.228       15.860        -10.669      -105.521
19 Feb 2015 18:12:36.848       11.301        -10.669      -105.520
19 Feb 2015 18:13:53.933        6.639        -10.669      -105.519
19 Feb 2015 18:15:08.547        2.180        -10.669      -105.518
19 Feb 2015 18:16:22.266       -2.164        -10.669      -105.518
19 Feb 2015 18:17:21.966       -5.633        -10.669      -105.518
19 Feb 2015 18:18:21.797       -9.062        -10.668      -105.518
19 Feb 2015 18:19:35.250      -13.204        -10.668      -105.519
19 Feb 2015 18:20:59.345      -17.847        -10.668      -105.520
19 Feb 2015 18:22:25.430      -22.488        -10.668      -105.522
19 Feb 2015 18:23:53.784      -27.128        -10.667      -105.523
19 Feb 2015 18:25:24.620      -31.768        -10.666      -105.525
19 Feb 2015 18:26:58.144      -36.406        -10.664      -105.527
19 Feb 2015 18:28:34.554      -41.040        -10.663      -105.529
19 Feb 2015 18:30:14.040      -45.669        -10.661      -105.531
19 Feb 2015 18:31:56.787      -50.290        -10.659      -105.533
19 Feb 2015 18:33:42.977      -54.902        -10.656      -105.535
19 Feb 2015 18:35:32.794      -59.504        -10.653      -105.537
19 Feb 2015 18:37:26.428      -64.095        -10.650      -105.539
19 Feb 2015 18:39:24.081      -68.675        -10.647      -105.540
19 Feb 2015 18:41:25.978      -73.247        -10.644      -105.541
19 Feb 2015 18:43:32.376      -77.815        -10.640      -105.542
19 Feb 2015 18:45:43.593      -82.385        -10.637      -105.543
19 Feb 2015 18:48:00.035      -86.966        -10.633      -105.543
19 Feb 2015 18:50:21.152      -91.537        -10.629      -105.543
19 Feb 2015 18:52:18.560      -95.222        -10.627      -105.543
19 Feb 2015 18:54:15.823      -98.805        -10.624      -105.543
19 Feb 2015 18:56:29.316     -102.775        -10.621      -105.542
19 Feb 2015 18:58:50.163     -106.851        -10.618      -105.542
19 Feb 2015 19:01:16.685     -110.981        -10.615      -105.541
19 Feb 2015 19:03:47.855     -115.139        -10.613      -105.539
19 Feb 2015 19:06:23.038     -119.311        -10.610      -105.538
19 Feb 2015 19:09:01.755     -123.492        -10.608      -105.537
19 Feb 2015 19:11:43.594     -127.679        -10.606      -105.535
19 Feb 2015 19:14:28.177     -131.872        -10.604      -105.534
19 Feb 2015 19:17:15.135     -136.072        -10.603      -105.532
19 Feb 2015 19:20:03.387     -140.265        -10.601      -105.531
19 Feb 2015 19:22:52.132     -144.443        -10.600      -105.529
19 Feb 2015 19:25:40.974     -148.609        -10.599      -105.528
19 Feb 2015 19:28:29.497     -152.765        -10.598      -105.526
19 Feb 2015 19:31:17.287     -156.915        -10.598      -105.525
19 Feb 2015 19:34:03.932     -161.061        -10.597      -105.524
19 Feb 2015 19:36:49.039     -165.204        -10.597      -105.523
19 Feb 2015 19:39:32.223     -169.348        -10.597      -105.522
19 Feb 2015 19:42:13.117     -173.493        -10.597      -105.521
19 Feb 2015 19:44:51.387     -177.640        -10.597      -105.521
19 Feb 2015 19:47:27.085      178.198        -10.597      -105.521
19 Feb 2015 19:49:48.210      174.346        -10.597      -105.521
19 Feb 2015 19:51:55.868      170.786        -10.597      -105.521
19 Feb 2015 19:54:24.627      166.536        -10.597      -105.522
19 Feb 2015 19:56:58.541      162.008        -10.596      -105.522
19 Feb 2015 19:59:29.104      157.436        -10.596      -105.523
19 Feb 2015 20:01:56.272      152.813        -10.596      -105.525
19 Feb 2015 20:04:20.052      148.134        -10.595      -105.526
19 Feb 2015 20:06:40.509      143.390        -10.594      -105.528
19 Feb 2015 20:08:57.774      138.573        -10.592      -105.530
19 Feb 2015 20:11:12.054      133.671        -10.590      -105.532
19 Feb 2015 20:13:22.511      128.715        -10.588      -105.534
19 Feb 2015 20:15:27.340      123.778        -10.585      -105.536
19 Feb 2015 20:17:27.079      118.853        -10.582      -105.538
19 Feb 2015 20:19:22.195      113.931        -10.578      -105.540
19 Feb 2015 20:21:12.801      109.021        -10.574      -105.541
19 Feb 2015 20:22:59.774      104.096        -10.570      -105.543
19 Feb 2015 20:24:43.136       99.168        -10.565      -105.544
19 Feb 2015 20:26:23.157       94.237        -10.560      -105.544
19 Feb 2015 20:28:00.091       89.305        -10.555      -105.544
19 Feb 2015 20:29:06.814       85.822        -10.552      -105.544
19 Feb 2015 20:30:13.610       82.264        -10.548      -105.544
19 Feb 2015 20:31:33.061       77.941        -10.544      -105.543
19 Feb 2015 20:32:55.213       73.371        -10.539      -105.542
19 Feb 2015 20:34:18.100       68.661        -10.534      -105.540
19 Feb 2015 20:35:40.700       63.874        -10.530      -105.538
19 Feb 2015 20:37:02.574       59.047        -10.526      -105.536
19 Feb 2015 20:38:23.157       54.224        -10.522      -105.533
19 Feb 2015 20:39:42.704       49.403        -10.518      -105.530
19 Feb 2015 20:41:01.351       44.588        -10.515      -105.528
19 Feb 2015 20:42:17.421       39.898        -10.513      -105.525
19 Feb 2015 20:43:29.966       35.404        -10.511      -105.522
19 Feb 2015 20:44:42.217       30.918        -10.509      -105.520
19 Feb 2015 20:45:53.659       26.482        -10.508      -105.518
19 Feb 2015 20:47:02.255       22.233        -10.507      -105.516
19 Feb 2015 20:48:19.280       17.483        -10.507      -105.514
19 Feb 2015 20:49:32.853       12.978        -10.506      -105.512
19 Feb 2015 20:50:50.774        8.250        -10.506      -105.511
19 Feb 2015 20:52:05.913        3.744        -10.506      -105.510
19 Feb 2015 20:53:20.008       -0.640        -10.506      -105.510
19 Feb 2015 20:54:32.687       -4.877        -10.506      -105.510
19 Feb 2015 20:55:39.522       -8.712        -10.506      -105.510
19 Feb 2015 20:56:49.351      -12.652        -10.506      -105.511
19 Feb 2015 20:58:13.341      -17.296        -10.506      -105.512
19 Feb 2015 20:59:39.278      -21.936        -10.505      -105.513
19 Feb 2015 21:01:07.466      -26.576        -10.504      -105.515
19 Feb 2015 21:02:38.117      -31.216        -10.503      -105.517
19 Feb 2015 21:04:11.437      -35.853        -10.502      -105.519
19 Feb 2015 21:05:47.624      -40.487        -10.500      -105.521
19 Feb 2015 21:07:26.869      -45.116        -10.499      -105.523
19 Feb 2015 21:09:09.356      -49.738        -10.496      -105.525
19 Feb 2015 21:10:55.267      -54.350        -10.494      -105.527
19 Feb 2015 21:12:44.785      -58.952        -10.491      -105.529
19 Feb 2015 21:14:38.098      -63.543        -10.488      -105.531
19 Feb 2015 21:16:35.406      -68.125        -10.485      -105.532
19 Feb 2015 21:18:36.930      -72.698        -10.481      -105.533
19 Feb 2015 21:20:42.923      -77.266        -10.478      -105.534
19 Feb 2015 21:22:53.693      -81.835        -10.474      -105.535
19 Feb 2015 21:25:09.634      -86.415        -10.471      -105.535
19 Feb 2015 21:27:30.333      -90.988        -10.467      -105.535
19 Feb 2015 21:29:22.211      -94.513        -10.465      -105.535
19 Feb 2015 21:31:13.835      -97.942        -10.462      -105.535
19 Feb 2015 21:33:25.410     -101.877        -10.459      -105.534
19 Feb 2015 21:35:44.832     -105.936        -10.456      -105.534
19 Feb 2015 21:38:10.240     -110.058        -10.453      -105.533
19 Feb 2015 21:40:40.449     -114.211        -10.451      -105.532
19 Feb 2015 21:43:14.769     -118.382        -10.448      -105.531
19 Feb 2015 21:45:52.693     -122.562        -10.446      -105.529
19 Feb 2015 21:48:33.798     -126.749        -10.444      -105.528
19 Feb 2015 21:51:17.702     -130.942        -10.442      -105.526
19 Feb 2015 21:54:04.033     -135.142        -10.440      -105.525
19 Feb 2015 21:56:51.863     -139.338        -10.439      -105.523
19 Feb 2015 21:59:40.245     -143.518        -10.438      -105.521
19 Feb 2015 22:02:28.791     -147.686        -10.437      -105.520
19 Feb 2015 22:05:17.092     -151.845        -10.436      -105.519
19 Feb 2015 22:08:04.732     -155.996        -10.435      -105.517
19 Feb 2015 22:10:51.303     -160.144        -10.435      -105.516
19 Feb 2015 22:13:36.407     -164.288        -10.435      -105.515
19 Feb 2015 22:16:19.663     -168.433        -10.434      -105.514
19 Feb 2015 22:19:00.706     -172.579        -10.434      -105.514
19 Feb 2015 22:21:39.200     -176.728        -10.434      -105.513
19 Feb 2015 22:24:14.815      179.119        -10.434      -105.513
19 Feb 2015 22:26:30.727      175.418        -10.434      -105.513
19 Feb 2015 22:28:46.647      171.637        -10.434      -105.513
19 Feb 2015 22:31:04.812      167.702        -10.434      -105.513
19 Feb 2015 22:33:39.167      163.183        -10.434      -105.514
19 Feb 2015 22:36:10.198      158.620        -10.434      -105.515
19 Feb 2015 22:38:37.846      154.008        -10.433      -105.516
19 Feb 2015 22:41:02.105      149.341        -10.432      -105.518
19 Feb 2015 22:43:23.026      144.612        -10.431      -105.519
19 Feb 2015 22:45:40.723      139.813        -10.430      -105.521
19 Feb 2015 22:47:55.382      134.932        -10.428      -105.523
19 Feb 2015 22:50:06.903      129.972        -10.426      -105.525
19 Feb 2015 22:52:12.691      125.033        -10.423      -105.527
19 Feb 2015 22:54:13.295      120.108        -10.420      -105.529
19 Feb 2015 22:56:09.201      115.188        -10.417      -105.531
19 Feb 2015 22:58:00.952      110.262        -10.413      -105.533
19 Feb 2015 22:59:48.594      105.340        -10.408      -105.534
19 Feb 2015 23:01:32.576      100.415        -10.404      -105.535
19 Feb 2015 23:03:13.174       95.487        -10.399      -105.536
19 Feb 2015 23:04:50.646       90.557        -10.394      -105.536
19 Feb 2015 23:05:56.725       87.127        -10.391      -105.536
19 Feb 2015 23:07:02.898       83.624        -10.387      -105.536
19 Feb 2015 23:08:19.955       79.457        -10.383      -105.535
19 Feb 2015 23:09:41.333       74.958        -10.378      -105.534
19 Feb 2015 23:11:04.026       70.287        -10.373      -105.533
19 Feb 2015 23:12:26.702       65.522        -10.369      -105.531
19 Feb 2015 23:13:48.771       60.707        -10.365      -105.529
19 Feb 2015 23:15:09.762       55.880        -10.361      -105.526
19 Feb 2015 23:16:29.581       51.060        -10.357      -105.524
19 Feb 2015 23:17:48.571       46.238        -10.354      -105.521
19 Feb 2015 23:19:05.665       41.494        -10.351      -105.518
19 Feb 2015 23:20:19.104       36.951        -10.349      -105.515
19 Feb 2015 23:21:31.018       32.489        -10.347      -105.513
19 Feb 2015 23:22:25.243       29.122        -10.346      -105.511
19 Feb 2015 23:23:20.379       25.701        -10.345      -105.509
19 Feb 2015 23:24:35.398       21.060        -10.345      -105.507
19 Feb 2015 23:25:50.028       16.467        -10.344      -105.506
19 Feb 2015 23:27:04.418       11.923        -10.344      -105.504
19 Feb 2015 23:28:21.638        7.253        -10.343      -105.503
19 Feb 2015 23:29:36.438        2.784        -10.343      -105.502
19 Feb 2015 23:30:50.416       -1.575        -10.343      -105.502
19 Feb 2015 23:31:53.526       -5.241        -10.343      -105.502
19 Feb 2015 23:32:56.740       -8.860        -10.343      -105.503
19 Feb 2015 23:34:08.803      -12.918        -10.343      -105.503
19 Feb 2015 23:35:32.990      -17.561        -10.343      -105.504
19 Feb 2015 23:36:59.158      -22.200        -10.342      -105.506
19 Feb 2015 23:38:27.596      -26.840        -10.342      -105.507
19 Feb 2015 23:39:58.515      -31.478        -10.341      -105.509
19 Feb 2015 23:41:32.119      -36.115        -10.339      -105.511
19 Feb 2015 23:43:08.606      -40.748        -10.338      -105.513
19 Feb 2015 23:44:48.165      -45.376        -10.336      -105.515
19 Feb 2015 23:46:30.980      -49.996        -10.334      -105.517
19 Feb 2015 23:48:17.231      -54.607        -10.331      -105.519
19 Feb 2015 23:50:07.101      -59.208        -10.328      -105.521
19 Feb 2015 23:52:00.778      -63.798        -10.325      -105.523
19 Feb 2015 23:53:58.463      -68.378        -10.322      -105.524
19 Feb 2015 23:56:00.378      -72.951        -10.319      -105.526
19 Feb 2015 23:58:06.779      -77.519        -10.315      -105.526
20 Feb 2015 00:00:17.977      -82.089        -10.312      -105.527
20 Feb 2015 00:02:34.373      -86.670        -10.308      -105.527
20 Feb 2015 00:04:55.273      -91.237        -10.304      -105.528
20 Feb 2015 00:06:50.122      -94.846        -10.302      -105.527
20 Feb 2015 00:08:44.749      -98.355        -10.299      -105.527
20 Feb 2015 00:10:57.383     -102.309        -10.296      -105.527
20 Feb 2015 00:13:17.591     -106.377        -10.293      -105.526
20 Feb 2015 00:15:43.593     -110.504        -10.291      -105.525
20 Feb 2015 00:18:14.283     -114.661        -10.288      -105.524
20 Feb 2015 00:20:48.993     -118.834        -10.285      -105.523
20 Feb 2015 00:23:27.233     -123.016        -10.283      -105.521
20 Feb 2015 00:26:08.584     -127.204        -10.281      -105.520
20 Feb 2015 00:28:52.665     -131.399        -10.279      -105.518
20 Feb 2015 00:31:39.106     -135.602        -10.278      -105.517
20 Feb 2015 00:34:26.749     -139.795        -10.276      -105.515
20 Feb 2015 00:37:14.884     -143.974        -10.275      -105.513
20 Feb 2015 00:40:03.117     -148.141        -10.274      -105.512
20 Feb 2015 00:42:51.035     -152.299        -10.273      -105.511
20 Feb 2015 00:45:38.229     -156.450        -10.273      -105.509
20 Feb 2015 00:48:24.296     -160.598        -10.272      -105.508
20 Feb 2015 00:51:08.840     -164.743        -10.272      -105.507
20 Feb 2015 00:53:51.488     -168.890        -10.272      -105.506
20 Feb 2015 00:56:31.886     -173.038        -10.272      -105.506
20 Feb 2015 00:59:09.698     -177.189        -10.272      -105.505
20 Feb 2015 01:01:16.496      179.415        -10.272      -105.505
20 Feb 2015 01:03:27.377      175.847        -10.272      -105.505
20 Feb 2015 01:05:44.796      172.022        -10.272      -105.505
20 Feb 2015 01:07:57.844      168.231        -10.272      -105.506
20 Feb 2015 01:10:32.173      163.715        -10.271      -105.506
20 Feb 2015 01:13:03.197      159.155        -10.271      -105.507
20 Feb 2015 01:15:30.846      154.546        -10.271      -105.508
20 Feb 2015 01:17:55.110      149.884        -10.270      -105.510
20 Feb 2015 01:20:16.036      145.160        -10.269      -105.511
20 Feb 2015 01:22:33.728      140.366        -10.267      -105.513
20 Feb 2015 01:24:48.364      135.494        -10.266      -105.515
20 Feb 2015 01:27:00.112      130.533        -10.263      -105.517
20 Feb 2015 01:29:06.102      125.595        -10.261      -105.519
20 Feb 2015 01:31:06.887      120.671        -10.258      -105.521
20 Feb 2015 01:33:02.960      115.753        -10.254      -105.523
20 Feb 2015 01:34:54.722      110.835        -10.250      -105.525
20 Feb 2015 01:36:42.641      105.910        -10.246      -105.526
20 Feb 2015 01:38:26.766      100.987        -10.242      -105.528
20 Feb 2015 01:40:07.501       96.061        -10.237      -105.528
20 Feb 2015 01:41:45.104       91.133        -10.232      -105.529
20 Feb 2015 01:42:57.772       87.365        -10.228      -105.529
20 Feb 2015 01:44:10.535       83.508        -10.224      -105.528
20 Feb 2015 01:45:26.896       79.371        -10.220      -105.528
20 Feb 2015 01:46:48.236       74.866        -10.215      -105.526
20 Feb 2015 01:48:10.839       70.193        -10.211      -105.525
20 Feb 2015 01:49:33.416       65.428        -10.206      -105.523
20 Feb 2015 01:50:55.391       60.613        -10.202      -105.521
20 Feb 2015 01:52:16.303       55.787        -10.198      -105.518
20 Feb 2015 01:53:36.074       50.966        -10.194      -105.516
20 Feb 2015 01:54:55.005       46.145        -10.191      -105.513
20 Feb 2015 01:56:11.884       41.413        -10.188      -105.510
20 Feb 2015 01:57:25.136       36.881        -10.186      -105.507
20 Feb 2015 01:58:37.169       32.412        -10.185      -105.505
20 Feb 2015 01:59:23.966       29.507        -10.184      -105.503
20 Feb 2015 02:00:11.610       26.552        -10.183      -105.502
20 Feb 2015 02:01:26.258       21.932        -10.182      -105.500
20 Feb 2015 02:02:42.007       17.268        -10.181      -105.498
20 Feb 2015 02:03:55.802       12.756        -10.181      -105.497
20 Feb 2015 02:05:13.532        8.050        -10.181      -105.495
20 Feb 2015 02:06:28.562        3.561        -10.181      -105.495
20 Feb 2015 02:07:42.749       -0.817        -10.181      -105.494
20 Feb 2015 02:08:55.391       -5.040        -10.181      -105.494
20 Feb 2015 02:10:01.509       -8.822        -10.181      -105.495
20 Feb 2015 02:11:12.795      -12.832        -10.180      -105.495
20 Feb 2015 02:12:37.053      -17.475        -10.180      -105.496
20 Feb 2015 02:14:03.290      -22.114        -10.180      -105.498
20 Feb 2015 02:15:31.799      -26.753        -10.179      -105.499
20 Feb 2015 02:17:02.791      -31.391        -10.178      -105.501
20 Feb 2015 02:18:36.470      -36.027        -10.177      -105.503
20 Feb 2015 02:20:13.033      -40.660        -10.175      -105.505
20 Feb 2015 02:21:52.667      -45.287        -10.173      -105.508
20 Feb 2015 02:23:35.557      -49.906        -10.171      -105.510
20 Feb 2015 02:25:21.882      -54.517        -10.168      -105.512
20 Feb 2015 02:27:11.824      -59.117        -10.165      -105.513
20 Feb 2015 02:29:05.570      -63.707        -10.162      -105.515
20 Feb 2015 02:31:03.323      -68.286        -10.159      -105.517
20 Feb 2015 02:33:05.302      -72.859        -10.156      -105.518
20 Feb 2015 02:35:11.761      -77.427        -10.152      -105.519
20 Feb 2015 02:37:23.011      -81.997        -10.149      -105.519
20 Feb 2015 02:39:39.452      -86.579        -10.145      -105.520
20 Feb 2015 02:42:00.290      -91.143        -10.142      -105.520
20 Feb 2015 02:43:54.242      -94.724        -10.139      -105.520
20 Feb 2015 02:45:47.948      -98.206        -10.136      -105.519
20 Feb 2015 02:48:00.335     -102.155        -10.133      -105.519
20 Feb 2015 02:50:20.358     -106.221        -10.131      -105.518
20 Feb 2015 02:52:46.202     -110.348        -10.128      -105.517
20 Feb 2015 02:55:16.742     -114.505        -10.125      -105.516
20 Feb 2015 02:57:51.296     -118.678        -10.123      -105.515
20 Feb 2015 03:00:29.367     -122.860        -10.120      -105.513
20 Feb 2015 03:03:10.536     -127.050        -10.118      -105.512
20 Feb 2015 03:05:54.421     -131.246        -10.117      -105.510
20 Feb 2015 03:08:40.650     -135.450        -10.115      -105.509
20 Feb 2015 03:11:28.008     -139.644        -10.113      -105.507
20 Feb 2015 03:14:15.849     -143.822        -10.112      -105.506
20 Feb 2015 03:17:03.779     -147.989        -10.111      -105.504
20 Feb 2015 03:19:51.389     -152.148        -10.111      -105.503
20 Feb 2015 03:22:38.272     -156.300        -10.110      -105.502
20 Feb 2015 03:25:24.028     -160.448        -10.109      -105.501
20 Feb 2015 03:28:08.267     -164.595        -10.109      -105.500
20 Feb 2015 03:30:50.612     -168.743        -10.109      -105.499
20 Feb 2015 03:33:30.714     -172.892        -10.109      -105.498
20 Feb 2015 03:36:08.247     -177.046        -10.109      -105.498
20 Feb 2015 03:38:03.846      179.854        -10.109      -105.497
20 Feb 2015 03:40:10.585      176.397        -10.109      -105.497
20 Feb 2015 03:42:15.031      172.937        -10.109      -105.497
20 Feb 2015 03:44:19.475      169.403        -10.109      -105.498
20 Feb 2015 03:46:54.230      164.895        -10.109      -105.498
20 Feb 2015 03:49:25.726      160.344        -10.108      -105.499
20 Feb 2015 03:51:53.862      155.746        -10.108      -105.500
20 Feb 2015 03:54:18.616      151.095        -10.107      -105.502
20 Feb 2015 03:56:40.021      146.386        -10.106      -105.503
20 Feb 2015 03:58:58.166      141.609        -10.105      -105.505
20 Feb 2015 04:01:13.211      136.756        -10.103      -105.507
20 Feb 2015 04:03:25.395      131.815        -10.101      -105.509
20 Feb 2015 04:05:32.386      126.875        -10.099      -105.511
20 Feb 2015 04:07:34.081      121.951        -10.096      -105.513
20 Feb 2015 04:09:30.984      117.034        -10.092      -105.515
20 Feb 2015 04:11:11.941      112.632        -10.089      -105.517
20 Feb 2015 04:12:47.653      108.321        -10.085      -105.518
20 Feb 2015 04:14:33.121      103.408        -10.081      -105.519
20 Feb 2015 04:16:15.236       98.486        -10.076      -105.520
20 Feb 2015 04:17:54.120       93.561        -10.072      -105.521
20 Feb 2015 04:19:30.021       88.635        -10.066      -105.521
20 Feb 2015 04:20:41.545       84.866        -10.063      -105.521
20 Feb 2015 04:21:53.098       81.014        -10.059      -105.520
20 Feb 2015 04:23:13.305       76.604        -10.054      -105.519
20 Feb 2015 04:24:35.531       71.984        -10.049      -105.518
20 Feb 2015 04:25:58.120       67.248        -10.045      -105.516
20 Feb 2015 04:27:20.281       62.449        -10.040      -105.514
20 Feb 2015 04:28:41.678       57.618        -10.036      -105.512
20 Feb 2015 04:30:01.790       52.796        -10.033      -105.509
20 Feb 2015 04:31:21.030       47.973        -10.029      -105.506
20 Feb 2015 04:32:38.860       43.194        -10.026      -105.503
20 Feb 2015 04:33:53.279       38.597        -10.024      -105.501
20 Feb 2015 04:35:05.297       34.133        -10.022      -105.498
20 Feb 2015 04:36:09.860       30.126        -10.021      -105.496
20 Feb 2015 04:37:15.035       26.085        -10.020      -105.494
20 Feb 2015 04:38:24.690       21.777        -10.019      -105.492
20 Feb 2015 04:39:38.908       17.210        -10.018      -105.490
20 Feb 2015 04:40:52.891       12.691        -10.018      -105.489
20 Feb 2015 04:42:10.357        8.005        -10.018      -105.488
20 Feb 2015 04:43:25.372        3.522        -10.018      -105.487
20 Feb 2015 04:44:39.616       -0.855        -10.018      -105.487
20 Feb 2015 04:45:52.263       -5.072        -10.018      -105.487
20 Feb 2015 04:46:58.148       -8.837        -10.018      -105.487
20 Feb 2015 04:48:09.887      -12.867        -10.018      -105.488
20 Feb 2015 04:49:34.259      -17.509        -10.017      -105.489
20 Feb 2015 04:51:00.620      -22.147        -10.017      -105.490
20 Feb 2015 04:52:29.262      -26.786        -10.016      -105.492
20 Feb 2015 04:54:00.395      -31.423        -10.015      -105.494
20 Feb 2015 04:55:34.222      -36.059        -10.014      -105.496
20 Feb 2015 04:57:10.937      -40.691        -10.012      -105.498
20 Feb 2015 04:58:50.729      -45.317        -10.010      -105.500
20 Feb 2015 05:00:33.782      -49.936        -10.008      -105.502
20 Feb 2015 05:02:20.273      -54.545        -10.005      -105.504
20 Feb 2015 05:04:10.385      -59.145        -10.003      -105.506
20 Feb 2015 05:06:04.303      -63.734        -10.000      -105.508
20 Feb 2015 05:08:02.229      -68.313         -9.996      -105.509
20 Feb 2015 05:10:04.384      -72.885         -9.993      -105.510
20 Feb 2015 05:12:11.021      -77.453         -9.989      -105.511
20 Feb 2015 05:14:22.453      -82.024         -9.986      -105.512
20 Feb 2015 05:16:39.080      -86.606         -9.982      -105.512
20 Feb 2015 05:18:59.947      -91.167         -9.979      -105.512
20 Feb 2015 05:20:54.270      -94.756         -9.976      -105.512
20 Feb 2015 05:22:48.343      -98.247         -9.973      -105.512
20 Feb 2015 05:25:00.911     -102.198         -9.970      -105.511
20 Feb 2015 05:27:21.068     -106.266         -9.968      -105.511
20 Feb 2015 05:29:47.007     -110.394         -9.965      -105.510
20 Feb 2015 05:32:17.602     -114.552         -9.962      -105.508
20 Feb 2015 05:34:52.179     -118.726         -9.960      -105.507
20 Feb 2015 05:37:30.242     -122.910         -9.957      -105.506
20 Feb 2015 05:40:11.371     -127.100         -9.955      -105.504
20 Feb 2015 05:42:55.183     -131.298         -9.954      -105.503
20 Feb 2015 05:45:41.308     -135.504         -9.952      -105.501
20 Feb 2015 05:48:28.416     -139.696         -9.951      -105.500
20 Feb 2015 05:51:15.981     -143.874         -9.949      -105.498
20 Feb 2015 05:54:03.606     -148.041         -9.948      -105.497
20 Feb 2015 05:56:11.275     -178.410        -19.821      -100.471
20 Feb 2015 05:58:23.012      121.770        -38.621      -107.495
20 Feb 2015 06:01:10.144       68.137        -42.529      -126.363
20 Feb 2015 06:03:54.673       68.136        -42.530      -126.364
20 Feb 2015 06:06:37.502       68.135        -42.532      -126.365
20 Feb 2015 06:09:18.228       68.135        -42.533      -126.365
20 Feb 2015 06:11:56.524       68.134        -42.534      -126.366
20 Feb 2015 06:14:32.075       68.133        -42.535      -126.367
20 Feb 2015 06:17:05.804       68.133        -42.537      -126.368
20 Feb 2015 06:19:11.495       68.132        -42.538      -126.369
20 Feb 2015 06:21:17.225       68.131        -42.539      -126.369
20 Feb 2015 06:23:51.494       68.131        -42.540      -126.370
20 Feb 2015 06:26:22.499       68.130        -42.541      -126.371
20 Feb 2015 06:28:50.147       68.129        -42.542      -126.372
20 Feb 2015 06:31:14.419       68.129        -42.544      -126.373
20 Feb 2015 06:33:35.350       68.128        -42.545      -126.373
20 Feb 2015 06:35:53.034       68.127        -42.546      -126.374
20 Feb 2015 06:38:07.630       68.127        -42.547      -126.375
20 Feb 2015 06:40:19.381       68.126        -42.548      -126.376
20 Feb 2015 06:42:25.775       68.126        -42.549      -126.376
20 Feb 2015 06:44:26.928       68.125        -42.550      -126.377
20 Feb 2015 06:46:23.339       68.125        -42.551      -126.378
20 Feb 2015 06:48:03.837       68.125        -42.552      -126.378
20 Feb 2015 06:49:50.153       68.124        -42.552      -126.379
20 Feb 2015 06:51:34.992       68.124        -42.553      -126.379
20 Feb 2015 06:53:16.419       68.124        -42.554      -126.380
20 Feb 2015 06:54:54.670       68.124        -42.555      -126.381
20 Feb 2015 06:56:18.633       68.123        -42.555      -126.381
20 Feb 2015 06:57:30.356       68.123        -42.556      -126.381
20 Feb 2015 06:58:42.099       68.123        -42.556      -126.382
20 Feb 2015 07:00:02.268       68.123        -42.557      -126.382
20 Feb 2015 07:01:24.415       68.123        -42.558      -126.383
20 Feb 2015 07:02:46.910       68.123        -42.558      -126.383
20 Feb 2015 07:04:08.977       68.123        -42.559      -126.383
20 Feb 2015 07:05:30.289       68.122        -42.559      -126.384
20 Feb 2015 07:06:50.344       68.122        -42.560      -126.384
20 Feb 2015 07:08:09.538       68.122        -42.561      -126.385
20 Feb 2015 07:09:27.197       68.122        -42.561      -126.385
20 Feb 2015 07:10:41.386       68.122        -42.562      -126.385
20 Feb 2015 07:11:53.435       68.122        -42.562      -126.386
20 Feb 2015 07:12:58.528       68.122        -42.563      -126.386
20 Feb 2015 07:14:04.098       68.122        -42.563      -126.386
20 Feb 2015 07:15:13.321       68.122        -42.564      -126.387
20 Feb 2015 07:16:26.696       68.122        -42.564      -126.387
20 Feb 2015 07:17:40.883       68.122        -42.565      -126.387
20 Feb 2015 07:18:58.118       68.122        -42.565      -126.388
20 Feb 2015 07:20:13.131       68.121        -42.566      -126.388
20 Feb 2015 07:21:27.431       68.121        -42.567      -126.388
20 Feb 2015 07:22:40.087       68.121        -42.567      -126.388
20 Feb 2015 07:23:45.746       68.121        -42.568      -126.389
20 Feb 2015 07:24:57.913       68.121        -42.568      -126.389
20 Feb 2015 07:26:22.396       68.121        -42.569      -126.389
20 Feb 2015 07:27:48.879       68.121        -42.570      -126.390
20 Feb 2015 07:29:17.651       68.121        -42.570      -126.390
20 Feb 2015 07:30:48.921       68.120        -42.571      -126.390
20 Feb 2015 07:32:22.891       68.120        -42.572      -126.391
20 Feb 2015 07:33:59.756       68.120        -42.573      -126.391
20 Feb 2015 07:35:39.703       68.120        -42.573      -126.391
20 Feb 2015 07:37:22.913       68.120        -42.574      -126.392
20 Feb 2015 07:39:09.566       68.119        -42.575      -126.392
20 Feb 2015 07:40:59.842       68.119        -42.576      -126.393
20 Feb 2015 07:42:53.927       68.119        -42.577      -126.393
20 Feb 2015 07:44:52.022       68.118        -42.578      -126.394
20 Feb 2015 07:46:54.344       68.118        -42.579      -126.394
20 Feb 2015 07:49:01.152       68.118        -42.580      -126.395
20 Feb 2015 07:51:12.755       68.117        -42.581      -126.395
20 Feb 2015 07:53:29.555       68.117        -42.583      -126.396
20 Feb 2015 07:55:50.447       68.116        -42.584      -126.396
20 Feb 2015 07:57:45.071       68.116        -42.585      -126.397
20 Feb 2015 07:59:39.444       68.115        -42.586      -126.397
20 Feb 2015 08:01:52.152       68.115        -42.587      -126.398
20 Feb 2015 08:04:12.421       68.114        -42.588      -126.399
20 Feb 2015 08:06:38.434       68.114        -42.589      -126.399
20 Feb 2015 08:09:09.075       68.113        -42.591      -126.400
20 Feb 2015 08:11:43.666       68.113        -42.592      -126.401
20 Feb 2015 08:14:21.712       68.112        -42.593      -126.402
20 Feb 2015 08:17:02.793       68.111        -42.595      -126.402
20 Feb 2015 08:19:46.525       68.111        -42.596      -126.403
20 Feb 2015 08:22:32.539       68.110        -42.598      -126.404
20 Feb 2015 08:25:19.396       68.109        -42.599      -126.405
20 Feb 2015 08:28:06.685       68.108        -42.600      -126.406
20 Feb 2015 08:30:54.010       68.108        -42.602      -126.407
20 Feb 2015 08:33:40.966       68.107        -42.603      -126.407
20 Feb 2015 08:36:13.164       68.106        -42.605      -126.408
20 Feb 2015 08:38:58.754       68.105        -42.606      -126.409
20 Feb 2015 08:41:42.343       68.105        -42.607      -126.410
20 Feb 2015 08:44:24.065       68.104        -42.609      -126.411
20 Feb 2015 08:47:03.558       68.103        -42.610      -126.412
20 Feb 2015 08:49:40.506       68.102        -42.611      -126.413
20 Feb 2015 08:52:14.606       68.102        -42.613      -126.413
20 Feb 2015 08:54:35.736       68.101        -42.614      -126.414
20 Feb 2015 08:56:48.456       68.100        -42.615      -126.415
20 Feb 2015 08:59:11.039       68.100        -42.616      -126.416
20 Feb 2015 09:01:43.476       68.099        -42.617      -126.417
20 Feb 2015 09:04:12.589       68.098        -42.618      -126.417
20 Feb 2015 09:06:38.334       68.098        -42.620      -126.418
20 Feb 2015 09:09:00.718       68.097        -42.621      -126.419
20 Feb 2015 09:11:19.805       68.096        -42.622      -126.420
20 Feb 2015 09:13:35.715       68.096        -42.623      -126.421
20 Feb 2015 09:15:48.643       68.095        -42.624      -126.421
20 Feb 2015 09:17:57.707       68.095        -42.625      -126.422
20 Feb 2015 09:20:01.277       68.094        -42.626      -126.423
20 Feb 2015 09:21:59.880       68.094        -42.627      -126.423
20 Feb 2015 09:23:53.969       68.093        -42.628      -126.424
20 Feb 2015 09:25:43.919       68.093        -42.629      -126.425
20 Feb 2015 09:27:30.276       68.093        -42.629      -126.425
20 Feb 2015 09:29:12.877       68.093        -42.630      -126.426
20 Feb 2015 09:30:52.215       68.092        -42.631      -126.426
20 Feb 2015 09:32:28.543       68.092        -42.632      -126.427
20 Feb 2015 09:33:20.877       68.092        -42.632      -126.427
20 Feb 2015 09:34:13.280       68.092        -42.632      -126.427
20 Feb 2015 09:35:29.391       68.092        -42.633      -126.428
20 Feb 2015 09:36:49.664       68.091        -42.634      -126.428
20 Feb 2015 09:38:11.813       68.091        -42.634      -126.429
20 Feb 2015 09:39:34.198       68.091        -42.635      -126.429
20 Feb 2015 09:40:56.115       68.091        -42.635      -126.429
20 Feb 2015 09:42:17.218       68.091        -42.636      -126.430
20 Feb 2015 09:43:37.132       68.091        -42.637      -126.430
20 Feb 2015 09:44:56.195       68.091        -42.637      -126.431
20 Feb 2015 09:46:13.410       68.091        -42.638      -126.431
20 Feb 2015 09:47:27.083       68.091        -42.638      -126.431
20 Feb 2015 09:48:39.219       68.091        -42.639      -126.432
20 Feb 2015 09:49:43.579       68.090        -42.639      -126.432
20 Feb 2015 09:50:48.292       68.090        -42.640      -126.432
20 Feb 2015 09:52:01.442       68.090        -42.640      -126.433
20 Feb 2015 09:53:13.807       68.090        -42.641      -126.433
20 Feb 2015 09:54:28.863       68.090        -42.641      -126.433
20 Feb 2015 09:55:45.533       55.537        -36.386      -126.597
20 Feb 2015 09:57:00.453       36.601        -26.454      -123.572
20 Feb 2015 09:58:14.713       18.535        -17.925      -117.580
20 Feb 2015 09:59:17.951        3.026        -12.328      -110.712
20 Feb 2015 10:00:21.294       -8.676         -9.691      -105.472
20 Feb 2015 10:01:33.609      -12.730         -9.691      -105.473
20 Feb 2015 10:02:58.124      -17.371         -9.691      -105.474
20 Feb 2015 10:04:24.639      -22.009         -9.690      -105.475
20 Feb 2015 10:05:53.442      -26.646         -9.690      -105.477
20 Feb 2015 10:07:24.741      -31.282         -9.689      -105.479
20 Feb 2015 10:08:58.738      -35.916         -9.687      -105.481
20 Feb 2015 10:10:35.627      -40.547         -9.686      -105.483
20 Feb 2015 10:12:15.596      -45.172         -9.684      -105.485
20 Feb 2015 10:13:58.825      -49.789         -9.682      -105.487
20 Feb 2015 10:15:45.492      -54.398         -9.679      -105.489
20 Feb 2015 10:17:35.777      -58.996         -9.676      -105.491
20 Feb 2015 10:19:29.866      -63.584         -9.673      -105.493
20 Feb 2015 10:21:27.957      -68.163         -9.670      -105.494
20 Feb 2015 10:23:30.270      -72.734         -9.667      -105.495
20 Feb 2015 10:25:37.057      -77.302         -9.663      -105.496
20 Feb 2015 10:27:48.628      -81.873         -9.660      -105.497
20 Feb 2015 10:30:05.381      -86.456         -9.656      -105.497
20 Feb 2015 10:32:26.156      -91.012         -9.653      -105.497
20 Feb 2015 10:34:18.899      -94.551         -9.650      -105.497
20 Feb 2015 10:36:11.357      -97.994         -9.647      -105.497
20 Feb 2015 10:38:23.514     -101.937         -9.644      -105.496
20 Feb 2015 10:40:43.363     -106.001         -9.641      -105.496
20 Feb 2015 10:43:09.046     -110.128         -9.639      -105.495
20 Feb 2015 10:45:39.389     -114.286         -9.636      -105.494
20 Feb 2015 10:48:13.698     -118.461         -9.634      -105.492
20 Feb 2015 10:50:51.467     -122.646         -9.631      -105.491
20 Feb 2015 10:53:32.272     -126.839         -9.629      -105.490
20 Feb 2015 10:56:15.728     -131.039         -9.627      -105.488
20 Feb 2015 10:59:01.464     -135.247         -9.626      -105.487
20 Feb 2015 11:01:48.025     -139.439         -9.624      -105.485
20 Feb 2015 11:04:35.022     -143.617         -9.623      -105.483
20 Feb 2015 11:07:22.061     -147.785         -9.622      -105.482
20 Feb 2015 11:10:08.739     -151.944         -9.621      -105.481
20 Feb 2015 11:12:50.327     -155.990         -9.621      -105.479
20 Feb 2015 11:15:35.267     -160.144         -9.620      -105.478
20 Feb 2015 11:18:18.532     -164.294         -9.620      -105.477
20 Feb 2015 11:20:59.914     -168.446         -9.620      -105.476
20 Feb 2015 11:23:39.073     -172.601         -9.620      -105.476
20 Feb 2015 11:26:15.692     -176.761         -9.620      -105.475
20 Feb 2015 11:28:49.478      179.073         -9.620      -105.475
20 Feb 2015 11:31:02.008      175.408         -9.620      -105.475
20 Feb 2015 11:33:14.547      171.663         -9.620      -105.475
20 Feb 2015 11:35:34.486      167.614         -9.619      -105.476
20 Feb 2015 11:38:06.785      163.081         -9.619      -105.476
20 Feb 2015 11:40:35.770      158.504         -9.619      -105.477
20 Feb 2015 11:43:01.394      153.877         -9.618      -105.478
20 Feb 2015 11:45:23.661      149.196         -9.618      -105.480
20 Feb 2015 11:47:42.629      144.454         -9.617      -105.482
20 Feb 2015 11:49:58.418      139.641         -9.615      -105.484
20 Feb 2015 11:52:11.214      134.749         -9.613      -105.486
20 Feb 2015 11:54:20.273      129.803         -9.611      -105.488
20 Feb 2015 11:56:23.839      124.877         -9.608      -105.490
20 Feb 2015 11:58:22.437      119.963         -9.605      -105.492
20 Feb 2015 12:00:16.524      115.053         -9.601      -105.494
20 Feb 2015 12:02:06.475      110.143         -9.598      -105.495
20 Feb 2015 12:03:51.541      105.281         -9.593      -105.497
20 Feb 2015 12:05:34.180      100.366         -9.589      -105.498
20 Feb 2015 12:07:13.571       95.449         -9.584      -105.498
20 Feb 2015 12:08:49.952       90.529         -9.579      -105.499
20 Feb 2015 12:09:55.189       87.115         -9.575      -105.499
20 Feb 2015 12:11:00.489       83.631         -9.572      -105.498
20 Feb 2015 12:12:17.058       79.462         -9.567      -105.498
20 Feb 2015 12:13:37.913       74.965         -9.563      -105.497
20 Feb 2015 12:15:00.118       70.296         -9.558      -105.495
20 Feb 2015 12:16:22.351       65.535         -9.554      -105.493
20 Feb 2015 12:17:44.037       60.724         -9.549      -105.491
20 Feb 2015 12:19:04.785       55.897         -9.545      -105.489
20 Feb 2015 12:20:24.466       51.075         -9.542      -105.486
20 Feb 2015 12:21:43.225       46.261         -9.538      -105.483
20 Feb 2015 12:22:59.535       41.562         -9.536      -105.480
20 Feb 2015 12:24:12.454       37.051         -9.534      -105.478
20 Feb 2015 12:25:24.987       32.554         -9.532      -105.475
20 Feb 2015 12:26:27.443       28.682         -9.531      -105.473
20 Feb 2015 12:27:29.996       24.810         -9.530      -105.471
20 Feb 2015 12:28:47.159       20.052         -9.529      -105.469
20 Feb 2015 12:29:59.023       15.649         -9.529      -105.468
20 Feb 2015 12:31:15.757       10.987         -9.528      -105.466
20 Feb 2015 12:32:31.759        6.420         -9.528      -105.465
20 Feb 2015 12:33:46.573        1.982         -9.528      -105.465
20 Feb 2015 12:35:00.651       -2.348         -9.528      -105.465
20 Feb 2015 12:35:53.918       -5.420         -9.528      -105.465
20 Feb 2015 12:36:47.377       -8.464         -9.528      -105.465
20 Feb 2015 12:38:01.816      -12.635         -9.528      -105.466
20 Feb 2015 12:39:26.378      -17.275         -9.528      -105.467
20 Feb 2015 12:40:52.957      -21.912         -9.527      -105.468
20 Feb 2015 12:42:21.826      -26.548         -9.526      -105.470
20 Feb 2015 12:43:53.193      -31.184         -9.525      -105.472
20 Feb 2015 12:45:27.260      -35.818         -9.524      -105.474
20 Feb 2015 12:47:04.219      -40.448         -9.522      -105.476
20 Feb 2015 12:48:44.257      -45.072         -9.521      -105.478
20 Feb 2015 12:50:27.555      -49.689         -9.518      -105.480
20 Feb 2015 12:52:14.290      -54.297         -9.516      -105.482
20 Feb 2015 12:54:04.640      -58.895         -9.513      -105.484
20 Feb 2015 12:55:58.792      -63.482         -9.510      -105.485
20 Feb 2015 12:57:56.942      -68.061         -9.507      -105.487
20 Feb 2015 12:59:59.309      -72.632         -9.503      -105.488
20 Feb 2015 13:02:06.145      -77.200         -9.500      -105.489
20 Feb 2015 13:04:17.758      -81.771         -9.496      -105.490
20 Feb 2015 13:06:34.544      -86.354         -9.493      -105.490
20 Feb 2015 13:08:55.255      -90.907         -9.489      -105.490
20 Feb 2015 13:10:46.741      -94.408         -9.487      -105.490
20 Feb 2015 13:12:37.927      -97.814         -9.484      -105.490
20 Feb 2015 13:14:49.748     -101.751         -9.481      -105.489
20 Feb 2015 13:17:09.343     -105.811         -9.478      -105.489
20 Feb 2015 13:19:34.830     -109.936         -9.475      -105.488
20 Feb 2015 13:22:04.990     -114.094         -9.473      -105.487
20 Feb 2015 13:24:39.117     -118.269         -9.470      -105.485
20 Feb 2015 13:27:16.696     -122.455         -9.468      -105.484
20 Feb 2015 13:29:57.302     -126.649         -9.466      -105.482
20 Feb 2015 13:32:40.549     -130.850         -9.464      -105.481
20 Feb 2015 13:35:26.049     -135.059         -9.462      -105.479
20 Feb 2015 13:38:12.333     -139.251         -9.461      -105.478
20 Feb 2015 13:40:59.048     -143.429         -9.460      -105.476
20 Feb 2015 13:43:45.799     -147.597         -9.459      -105.475
20 Feb 2015 13:46:32.188     -151.757         -9.458      -105.473
20 Feb 2015 13:49:16.249     -155.873         -9.457      -105.472
20 Feb 2015 13:52:00.789     -160.026         -9.457      -105.471
20 Feb 2015 13:54:43.750     -164.177         -9.457      -105.470
20 Feb 2015 13:57:24.829     -168.330         -9.456      -105.469
20 Feb 2015 14:00:03.689     -172.487         -9.456      -105.468
20 Feb 2015 14:02:40.020     -176.649         -9.456      -105.468
20 Feb 2015 14:05:13.545      179.182         -9.456      -105.468
20 Feb 2015 14:07:38.816      175.151         -9.456      -105.468
20 Feb 2015 14:09:51.640      171.381         -9.456      -105.468
20 Feb 2015 14:12:14.565      167.223         -9.456      -105.468
20 Feb 2015 14:14:46.193      162.683         -9.456      -105.469
20 Feb 2015 14:17:14.501      158.100         -9.456      -105.470
20 Feb 2015 14:19:39.451      153.466         -9.455      -105.471
20 Feb 2015 14:22:01.053      148.778         -9.454      -105.473
20 Feb 2015 14:24:19.372      144.027         -9.453      -105.475
20 Feb 2015 14:26:34.532      139.206         -9.452      -105.477
20 Feb 2015 14:28:46.728      134.304         -9.450      -105.479
20 Feb 2015 14:30:54.840      129.363         -9.447      -105.481
20 Feb 2015 14:32:57.551      124.441         -9.444      -105.483
20 Feb 2015 14:34:55.377      119.529         -9.441      -105.485
20 Feb 2015 14:36:48.760      114.621         -9.438      -105.487
20 Feb 2015 14:38:38.066      109.713         -9.434      -105.488
20 Feb 2015 14:40:22.580      104.851         -9.429      -105.490
20 Feb 2015 14:42:04.676       99.938         -9.425      -105.491
20 Feb 2015 14:43:43.569       95.022         -9.420      -105.491
20 Feb 2015 14:45:19.495       90.105         -9.415      -105.492
20 Feb 2015 14:46:13.058       87.295         -9.412      -105.492
20 Feb 2015 14:47:06.660       84.439         -9.409      -105.491
20 Feb 2015 14:48:22.741       80.308         -9.405      -105.491
20 Feb 2015 14:49:42.921       75.861         -9.400      -105.490
20 Feb 2015 14:51:04.906       71.218         -9.396      -105.488
20 Feb 2015 14:52:27.109       66.472         -9.391      -105.487
20 Feb 2015 14:53:48.851       61.669         -9.387      -105.484
20 Feb 2015 14:55:09.809       56.840         -9.382      -105.482
20 Feb 2015 14:56:29.634       52.017         -9.379      -105.479
20 Feb 2015 14:57:48.581       47.199         -9.376      -105.476
20 Feb 2015 14:59:05.398       42.474         -9.373      -105.474
20 Feb 2015 15:00:18.741       37.940         -9.371      -105.471
20 Feb 2015 15:01:31.113       33.455         -9.369      -105.469
20 Feb 2015 15:02:37.117       29.363         -9.368      -105.466
20 Feb 2015 15:03:43.292       25.267         -9.367      -105.464
20 Feb 2015 15:04:58.058       20.657         -9.366      -105.462
20 Feb 2015 15:06:09.447       16.281         -9.365      -105.461
20 Feb 2015 15:07:25.597       11.652         -9.365      -105.459
20 Feb 2015 15:08:41.840        7.067         -9.365      -105.458
20 Feb 2015 15:09:56.784        2.617         -9.365      -105.458
20 Feb 2015 15:11:11.087       -1.732         -9.365      -105.458
20 Feb 2015 15:12:11.684       -5.228         -9.365      -105.458
20 Feb 2015 15:13:12.409       -8.681         -9.365      -105.458
20 Feb 2015 15:14:26.119      -12.803         -9.364      -105.459
20 Feb 2015 15:15:50.862      -17.443         -9.364      -105.460
20 Feb 2015 15:17:17.630      -22.079         -9.364      -105.461
20 Feb 2015 15:18:46.703      -26.715         -9.363      -105.463
20 Feb 2015 15:20:18.287      -31.350         -9.362      -105.465
20 Feb 2015 15:21:52.583      -35.983         -9.361      -105.467
20 Feb 2015 15:23:29.784      -40.612         -9.359      -105.469
20 Feb 2015 15:25:10.072      -45.235         -9.357      -105.471
20 Feb 2015 15:26:53.629      -49.851         -9.355      -105.473
20 Feb 2015 15:28:40.632      -54.458         -9.352      -105.475
20 Feb 2015 15:30:31.260      -59.055         -9.349      -105.477
20 Feb 2015 15:32:25.696      -63.642         -9.346      -105.478
20 Feb 2015 15:34:24.139      -68.219         -9.343      -105.480
20 Feb 2015 15:36:26.807      -72.790         -9.340      -105.481
20 Feb 2015 15:38:33.954      -77.358         -9.336      -105.482
20 Feb 2015 15:40:45.891      -81.929         -9.333      -105.483
20 Feb 2015 15:43:03.019      -86.514         -9.329      -105.483
20 Feb 2015 15:45:23.863      -91.062         -9.326      -105.483
20 Feb 2015 15:47:17.451      -94.622         -9.323      -105.483
20 Feb 2015 15:49:10.766      -98.085         -9.320      -105.483
20 Feb 2015 15:51:23.296     -102.034         -9.317      -105.482
20 Feb 2015 15:53:43.437     -106.101         -9.315      -105.481
20 Feb 2015 15:56:09.322     -110.230         -9.312      -105.480
20 Feb 2015 15:58:39.794     -114.390         -9.309      -105.479
20 Feb 2015 16:01:14.168     -118.568         -9.307      -105.478
20 Feb 2015 16:03:51.935     -122.755         -9.304      -105.477
20 Feb 2015 16:06:32.673     -126.950         -9.302      -105.475
20 Feb 2015 16:09:15.997     -131.153         -9.300      -105.474
20 Feb 2015 16:12:01.340     -135.360         -9.299      -105.472
20 Feb 2015 16:14:47.421     -139.551         -9.297      -105.471
20 Feb 2015 16:17:33.882     -143.728         -9.296      -105.469
20 Feb 2015 16:20:20.330     -147.896         -9.295      -105.468
20 Feb 2015 16:23:06.366     -152.055         -9.294      -105.466
20 Feb 2015 16:25:49.672     -156.162         -9.294      -105.465
20 Feb 2015 16:28:33.785     -160.316         -9.293      -105.464
20 Feb 2015 16:31:16.271     -164.469         -9.293      -105.463
20 Feb 2015 16:33:56.848     -168.623         -9.293      -105.462
20 Feb 2015 16:36:35.178     -172.782         -9.293      -105.461
20 Feb 2015 16:39:10.964     -176.947         -9.293      -105.461
20 Feb 2015 16:41:42.104      178.931         -9.293      -105.461
20 Feb 2015 16:43:52.073      175.312         -9.293      -105.461
20 Feb 2015 16:46:02.046      171.616         -9.293      -105.461
20 Feb 2015 16:48:23.617      167.492         -9.293      -105.461
20 Feb 2015 16:50:55.052      162.952         -9.292      -105.462
20 Feb 2015 16:53:23.176      158.369         -9.292      -105.463
20 Feb 2015 16:55:47.946      153.736         -9.291      -105.464
20 Feb 2015 16:58:09.373      149.048         -9.291      -105.466
20 Feb 2015 17:00:27.519      144.299         -9.290      -105.467
20 Feb 2015 17:02:42.505      139.480         -9.288      -105.469
20 Feb 2015 17:04:54.520      134.581         -9.286      -105.471
20 Feb 2015 17:07:02.525      129.642         -9.284      -105.474
20 Feb 2015 17:09:05.138      124.721         -9.281      -105.476
20 Feb 2015 17:11:02.876      119.811         -9.278      -105.478
20 Feb 2015 17:12:56.180      114.905         -9.274      -105.480
20 Feb 2015 17:14:45.417      109.999         -9.270      -105.481
20 Feb 2015 17:16:29.571      105.153         -9.266      -105.483
20 Feb 2015 17:18:11.622      100.242         -9.262      -105.484
20 Feb 2015 17:19:50.481       95.328         -9.257      -105.484
20 Feb 2015 17:21:26.380       90.413         -9.252      -105.485
20 Feb 2015 17:22:29.420       87.102         -9.248      -105.484
20 Feb 2015 17:23:32.530       83.726         -9.245      -105.484
20 Feb 2015 17:24:48.936       79.556         -9.240      -105.484
20 Feb 2015 17:26:09.534       75.064         -9.236      -105.482
20 Feb 2015 17:27:31.542       70.399         -9.231      -105.481
20 Feb 2015 17:28:53.614       65.641         -9.227      -105.479
20 Feb 2015 17:30:15.169       60.832         -9.222      -105.477
20 Feb 2015 17:31:35.853       56.005         -9.218      -105.474
20 Feb 2015 17:32:55.500       51.182         -9.215      -105.472
20 Feb 2015 17:34:14.167       46.371         -9.211      -105.469
20 Feb 2015 17:35:30.225       41.688         -9.209      -105.466
20 Feb 2015 17:36:43.055       37.184         -9.207      -105.464
20 Feb 2015 17:37:55.870       32.671         -9.205      -105.461
20 Feb 2015 17:39:01.541       28.601         -9.204      -105.459
20 Feb 2015 17:40:07.199       24.541         -9.203      -105.457
20 Feb 2015 17:41:24.372       19.789         -9.202      -105.455
20 Feb 2015 17:42:35.861       15.416         -9.201      -105.453
20 Feb 2015 17:43:53.825       10.690         -9.201      -105.452
20 Feb 2015 17:45:09.607        6.147         -9.201      -105.451
20 Feb 2015 17:46:24.499        1.717         -9.201      -105.451
20 Feb 2015 17:47:38.598       -2.602         -9.201      -105.451
20 Feb 2015 17:48:24.740       -5.256         -9.201      -105.451
20 Feb 2015 17:49:11.093       -7.893         -9.201      -105.451
20 Feb 2015 17:50:25.549      -12.066         -9.201      -105.451
20 Feb 2015 17:51:49.967      -16.699         -9.201      -105.452
20 Feb 2015 17:53:16.496      -21.335         -9.200      -105.454
20 Feb 2015 17:54:45.301      -25.970         -9.199      -105.455
20 Feb 2015 17:56:16.591      -30.605         -9.198      -105.457
20 Feb 2015 17:57:50.566      -35.238         -9.197      -105.459
20 Feb 2015 17:59:27.419      -39.867         -9.196      -105.461
20 Feb 2015 18:01:07.336      -44.490         -9.194      -105.463
20 Feb 2015 18:02:50.495      -49.107         -9.192      -105.466
20 Feb 2015 18:04:37.074      -53.714         -9.189      -105.468
20 Feb 2015 18:06:27.250      -58.312         -9.186      -105.469
20 Feb 2015 18:08:21.205      -62.900         -9.183      -105.471
20 Feb 2015 18:10:19.135      -67.478         -9.180      -105.473
20 Feb 2015 18:12:21.253      -72.049         -9.177      -105.474
20 Feb 2015 18:14:27.807      -76.617         -9.173      -105.475
20 Feb 2015 18:16:39.094      -81.188         -9.170      -105.476
20 Feb 2015 18:18:55.500      -85.770         -9.166      -105.476
20 Feb 2015 18:21:15.806      -90.322         -9.163      -105.476
20 Feb 2015 18:22:54.913      -93.448         -9.160      -105.476
20 Feb 2015 18:24:33.570      -96.491         -9.158      -105.476
20 Feb 2015 18:26:42.280     -100.366         -9.155      -105.475
20 Feb 2015 18:28:59.482     -104.391         -9.152      -105.475
20 Feb 2015 18:31:23.206     -108.500         -9.149      -105.474
20 Feb 2015 18:33:51.887     -112.651         -9.147      -105.473
20 Feb 2015 18:36:24.699     -116.823         -9.144      -105.472
20 Feb 2015 18:39:01.071     -121.007         -9.142      -105.470
20 Feb 2015 18:41:40.558     -125.201         -9.140      -105.469
20 Feb 2015 18:44:22.763     -129.402         -9.138      -105.467
20 Feb 2015 18:47:07.309     -133.611         -9.136      -105.466
20 Feb 2015 18:49:52.890     -137.807         -9.134      -105.464
20 Feb 2015 18:52:38.983     -141.989         -9.133      -105.463
20 Feb 2015 18:55:25.203     -146.161         -9.132      -105.461
20 Feb 2015 18:58:11.158     -150.323         -9.131      -105.460
20 Feb 2015 19:00:27.283     -153.746         -9.130      -105.459
20 Feb 2015 19:02:45.028     -157.223         -9.130      -105.458
20 Feb 2015 19:05:29.271     -161.400         -9.130      -105.457
20 Feb 2015 19:08:10.908     -165.553         -9.129      -105.456
20 Feb 2015 19:10:50.573     -169.710         -9.129      -105.455
20 Feb 2015 19:13:27.906     -173.872         -9.129      -105.454
20 Feb 2015 19:16:02.629     -178.042         -9.129      -105.454
20 Feb 2015 19:18:39.782      177.633         -9.129      -105.454
20 Feb 2015 19:20:18.814      174.854         -9.129      -105.454
20 Feb 2015 19:21:57.857      172.029         -9.129      -105.454
20 Feb 2015 19:24:24.174      167.762         -9.129      -105.454
20 Feb 2015 19:26:55.421      163.222         -9.129      -105.455
20 Feb 2015 19:29:23.363      158.639         -9.128      -105.456
20 Feb 2015 19:31:47.957      154.007         -9.128      -105.457
20 Feb 2015 19:34:09.211      149.320         -9.127      -105.459
20 Feb 2015 19:36:27.187      144.572         -9.126      -105.460
20 Feb 2015 19:38:42.001      139.755         -9.125      -105.462
20 Feb 2015 19:40:53.839      134.860         -9.123      -105.464
20 Feb 2015 19:43:01.741      129.921         -9.120      -105.466
20 Feb 2015 19:45:04.259      125.002         -9.118      -105.469
20 Feb 2015 19:47:01.911      120.094         -9.114      -105.471
20 Feb 2015 19:48:55.139      115.189         -9.111      -105.473
20 Feb 2015 19:50:44.309      110.285         -9.107      -105.474
20 Feb 2015 19:52:29.602      105.384         -9.103      -105.476
20 Feb 2015 19:54:11.577      100.475         -9.098      -105.477
20 Feb 2015 19:55:50.358       95.563         -9.093      -105.477
20 Feb 2015 19:57:26.190       90.649         -9.088      -105.478
20 Feb 2015 19:58:32.971       87.140         -9.085      -105.478
20 Feb 2015 19:59:39.801       83.558         -9.081      -105.477
20 Feb 2015 20:00:56.025       79.389         -9.076      -105.477
20 Feb 2015 20:02:16.636       74.887         -9.072      -105.476
20 Feb 2015 20:03:38.573       70.217         -9.067      -105.474
20 Feb 2015 20:05:00.551       65.457         -9.063      -105.472
20 Feb 2015 20:06:22.010       60.648         -9.058      -105.470
20 Feb 2015 20:07:42.604       55.821         -9.054      -105.467
20 Feb 2015 20:09:02.194       50.998         -9.051      -105.465
20 Feb 2015 20:10:20.730       46.193         -9.048      -105.462
20 Feb 2015 20:11:36.485       41.527         -9.045      -105.459
20 Feb 2015 20:12:49.190       37.030         -9.043      -105.457
20 Feb 2015 20:14:02.278       32.501         -9.041      -105.454
20 Feb 2015 20:15:15.959       27.937         -9.040      -105.452
20 Feb 2015 20:16:22.630       23.818         -9.039      -105.450
20 Feb 2015 20:17:33.858       19.437         -9.038      -105.448
20 Feb 2015 20:18:45.877       15.038         -9.038      -105.446
20 Feb 2015 20:20:04.006       10.309         -9.037      -105.445
20 Feb 2015 20:21:19.635        5.784         -9.037      -105.444
20 Feb 2015 20:22:34.549        1.362         -9.037      -105.444
20 Feb 2015 20:23:48.570       -2.942         -9.037      -105.444
20 Feb 2015 20:24:45.930       -6.229         -9.037      -105.444
20 Feb 2015 20:25:43.438       -9.479         -9.037      -105.444
20 Feb 2015 20:27:02.072      -13.846         -9.037      -105.445
20 Feb 2015 20:28:27.444      -18.483         -9.037      -105.446
20 Feb 2015 20:29:54.936      -23.118         -9.036      -105.448
20 Feb 2015 20:31:24.792      -27.753         -9.035      -105.449
20 Feb 2015 20:32:57.217      -32.387         -9.034      -105.451
20 Feb 2015 20:34:32.407      -37.018         -9.033      -105.453
20 Feb 2015 20:36:10.551      -41.644         -9.031      -105.455
20 Feb 2015 20:37:51.832      -46.264         -9.029      -105.457
20 Feb 2015 20:39:36.426      -50.877         -9.027      -105.459
20 Feb 2015 20:41:24.511      -55.480         -9.024      -105.461
20 Feb 2015 20:43:16.264      -60.073         -9.021      -105.463
20 Feb 2015 20:45:11.871      -64.656         -9.018      -105.465
20 Feb 2015 20:47:11.531      -69.231         -9.015      -105.466
20 Feb 2015 20:49:15.469      -73.800         -9.012      -105.467
20 Feb 2015 20:51:23.949      -78.369         -9.008      -105.468
20 Feb 2015 20:53:37.297      -82.943         -9.005      -105.469
20 Feb 2015 20:55:55.520      -87.520         -9.001      -105.469
20 Feb 2015 20:58:17.151      -92.052         -8.998      -105.469
20 Feb 2015 21:00:31.014      -96.203         -8.994      -105.469
20 Feb 2015 21:02:33.245      -99.891         -8.992      -105.469
20 Feb 2015 21:04:49.892     -103.910         -8.989      -105.468
20 Feb 2015 21:07:12.995     -108.013         -8.986      -105.467
20 Feb 2015 21:09:41.172     -112.161         -8.983      -105.466
20 Feb 2015 21:12:13.528     -116.332         -8.981      -105.465
20 Feb 2015 21:14:49.480     -120.516         -8.978      -105.464
20 Feb 2015 21:17:28.569     -124.710         -8.976      -105.462
20 Feb 2015 21:20:10.393     -128.911         -8.974      -105.461
20 Feb 2015 21:22:54.575     -133.121         -8.972      -105.459
20 Feb 2015 21:25:39.843     -137.319         -8.971      -105.458
20 Feb 2015 21:28:25.642     -141.502         -8.969      -105.456
20 Feb 2015 21:31:11.592     -145.674         -8.968      -105.455
20 Feb 2015 21:33:57.300     -149.838         -8.967      -105.453
20 Feb 2015 21:36:42.375     -153.996         -8.967      -105.452
20 Feb 2015 21:39:12.835     -157.806         -8.966      -105.451
20 Feb 2015 21:41:56.071     -161.972         -8.966      -105.450
20 Feb 2015 21:44:37.118     -166.127         -8.966      -105.449
20 Feb 2015 21:47:16.123     -170.286         -8.965      -105.448
20 Feb 2015 21:49:52.759     -174.451         -8.965      -105.447
20 Feb 2015 21:52:26.749     -178.624         -8.965      -105.447
20 Feb 2015 21:54:51.064      177.384         -8.965      -105.447
20 Feb 2015 21:56:30.735      174.574         -8.965      -105.447
20 Feb 2015 21:58:10.509      171.714         -8.965      -105.447
20 Feb 2015 22:00:39.694      167.340         -8.965      -105.447
20 Feb 2015 22:03:10.256      162.794         -8.965      -105.448
20 Feb 2015 22:05:37.508      158.204         -8.965      -105.449
20 Feb 2015 22:08:01.416      153.564         -8.964      -105.451
20 Feb 2015 22:10:21.993      148.869         -8.963      -105.452
20 Feb 2015 22:12:39.308      144.113         -8.962      -105.454
20 Feb 2015 22:14:53.483      139.287         -8.961      -105.456
20 Feb 2015 22:17:04.710      134.382         -8.959      -105.458
20 Feb 2015 22:19:11.650      129.448         -8.956      -105.460
20 Feb 2015 22:21:13.299      124.533         -8.954      -105.462
20 Feb 2015 22:23:10.165      119.627         -8.950      -105.464
20 Feb 2015 22:25:02.676      114.724         -8.947      -105.466
20 Feb 2015 22:26:51.190      109.821         -8.943      -105.468
20 Feb 2015 22:28:31.717      105.121         -8.939      -105.469
20 Feb 2015 22:30:13.229      100.215         -8.934      -105.470
20 Feb 2015 22:31:51.627       95.305         -8.929      -105.471
20 Feb 2015 22:33:27.110       90.393         -8.924      -105.471
20 Feb 2015 22:34:29.623       87.100         -8.921      -105.471
20 Feb 2015 22:35:32.183       83.743         -8.917      -105.470
20 Feb 2015 22:36:48.400       79.573         -8.913      -105.470
20 Feb 2015 22:38:08.799       75.082         -8.908      -105.469
20 Feb 2015 22:39:30.624       70.417         -8.903      -105.467
20 Feb 2015 22:40:52.534       65.661         -8.899      -105.465
20 Feb 2015 22:42:13.950       60.854         -8.895      -105.463
20 Feb 2015 22:43:34.553       56.027         -8.891      -105.461
20 Feb 2015 22:44:54.152       51.202         -8.887      -105.458
20 Feb 2015 22:46:12.683       46.398         -8.884      -105.455
20 Feb 2015 22:47:28.426       41.734         -8.881      -105.453
20 Feb 2015 22:48:41.165       37.235         -8.879      -105.450
20 Feb 2015 22:49:54.333       32.702         -8.877      -105.447
20 Feb 2015 22:51:08.196       28.129         -8.876      -105.445
20 Feb 2015 22:52:16.152       23.932         -8.875      -105.443
20 Feb 2015 22:53:24.703       19.717         -8.874      -105.441
20 Feb 2015 22:54:36.424       15.336         -8.874      -105.440
20 Feb 2015 22:55:54.568       10.607         -8.874      -105.438
20 Feb 2015 22:57:10.268        6.078         -8.873      -105.438
20 Feb 2015 22:58:25.271        1.651         -8.873      -105.437
20 Feb 2015 22:59:39.446       -2.662         -8.873      -105.437
20 Feb 2015 23:00:31.975       -5.674         -8.873      -105.437
20 Feb 2015 23:01:24.702       -8.659         -8.873      -105.437
20 Feb 2015 23:02:41.341      -12.928         -8.873      -105.438
20 Feb 2015 23:04:06.429      -17.565         -8.873      -105.439
20 Feb 2015 23:05:33.589      -22.199         -8.872      -105.440
20 Feb 2015 23:07:03.078      -26.834         -8.872      -105.442
20 Feb 2015 23:08:35.102      -31.467         -8.871      -105.444
20 Feb 2015 23:10:09.857      -36.098         -8.869      -105.446
20 Feb 2015 23:11:47.534      -40.724         -8.868      -105.448
20 Feb 2015 23:13:28.317      -45.345         -8.866      -105.450
20 Feb 2015 23:15:12.381      -49.959         -8.863      -105.452
20 Feb 2015 23:16:59.902      -54.563         -8.861      -105.454
20 Feb 2015 23:18:51.056      -59.157         -8.858      -105.456
20 Feb 2015 23:20:46.027      -63.742         -8.855      -105.458
20 Feb 2015 23:22:45.010      -68.318         -8.852      -105.459
20 Feb 2015 23:24:48.226      -72.888         -8.848      -105.460
20 Feb 2015 23:26:55.927      -77.456         -8.845      -105.461
20 Feb 2015 23:29:08.425      -82.028         -8.841      -105.462
20 Feb 2015 23:31:25.995      -86.611         -8.838      -105.462
20 Feb 2015 23:33:46.961      -91.148         -8.834      -105.462
20 Feb 2015 23:35:41.885      -94.740         -8.832      -105.462
20 Feb 2015 23:37:36.518      -98.234         -8.829      -105.462
20 Feb 2015 23:39:49.646     -102.192         -8.826      -105.461
20 Feb 2015 23:42:10.238     -106.265         -8.823      -105.461
20 Feb 2015 23:44:36.439     -110.398         -8.820      -105.460
20 Feb 2015 23:47:07.116     -114.562         -8.818      -105.459
20 Feb 2015 23:49:41.591     -118.742         -8.815      -105.457
20 Feb 2015 23:52:19.359     -122.933         -8.813      -105.456
20 Feb 2015 23:55:00.003     -127.132         -8.811      -105.455
20 Feb 2015 23:57:43.134     -131.340         -8.809      -105.453
21 Feb 2015 00:00:27.853     -135.544         -8.807      -105.452
21 Feb 2015 00:03:13.230     -139.732         -8.806      -105.450
21 Feb 2015 00:05:58.899     -143.908         -8.805      -105.448
21 Feb 2015 00:08:44.473     -148.076         -8.804      -105.447
21 Feb 2015 00:11:29.559     -152.236         -8.803      -105.446
21 Feb 2015 00:14:13.583     -156.388         -8.802      -105.444
21 Feb 2015 00:16:56.550     -160.544         -8.802      -105.443
21 Feb 2015 00:19:37.897     -164.700         -8.802      -105.442
21 Feb 2015 00:22:17.293     -168.860         -8.801      -105.441
21 Feb 2015 00:24:54.423     -173.024         -8.801      -105.441
21 Feb 2015 00:27:29.003     -177.197         -8.801      -105.440
21 Feb 2015 00:29:58.660      178.681         -8.801      -105.440
21 Feb 2015 00:32:03.682      175.165         -8.801      -105.440
21 Feb 2015 00:34:08.705      171.575         -8.801      -105.440
21 Feb 2015 00:36:32.664      167.340         -8.801      -105.441
21 Feb 2015 00:39:02.848      162.791         -8.801      -105.442
21 Feb 2015 00:41:29.725      158.198         -8.801      -105.443
21 Feb 2015 00:43:53.262      153.556         -8.800      -105.444
21 Feb 2015 00:46:13.475      148.859         -8.799      -105.445
21 Feb 2015 00:48:30.431      144.101         -8.798      -105.447
21 Feb 2015 00:50:44.256      139.273         -8.797      -105.449
21 Feb 2015 00:52:55.141      134.365         -8.795      -105.451
21 Feb 2015 00:55:01.651      129.434         -8.792      -105.453
21 Feb 2015 00:57:02.910      124.520         -8.790      -105.455
21 Feb 2015 00:58:59.423      119.617         -8.786      -105.457
21 Feb 2015 01:00:51.613      114.716         -8.783      -105.459
21 Feb 2015 01:02:39.834      109.815         -8.779      -105.461
21 Feb 2015 01:04:23.516      104.953         -8.774      -105.462
21 Feb 2015 01:06:04.712      100.047         -8.770      -105.463
21 Feb 2015 01:07:42.789       95.139         -8.765      -105.464
21 Feb 2015 01:09:17.980       90.230         -8.760      -105.464
21 Feb 2015 01:10:16.400       87.146         -8.757      -105.464
21 Feb 2015 01:11:14.868       84.007         -8.753      -105.464
21 Feb 2015 01:12:30.886       79.848         -8.749      -105.463
21 Feb 2015 01:13:51.012       75.372         -8.744      -105.462
21 Feb 2015 01:15:12.708       70.716         -8.740      -105.461
21 Feb 2015 01:16:34.554       65.965         -8.735      -105.459
21 Feb 2015 01:17:55.941       61.161         -8.731      -105.457
21 Feb 2015 01:19:16.579       56.333         -8.727      -105.454
21 Feb 2015 01:20:36.205       51.508         -8.723      -105.452
21 Feb 2015 01:21:54.766       46.703         -8.720      -105.449
21 Feb 2015 01:23:10.573       42.036         -8.717      -105.446
21 Feb 2015 01:24:23.381       37.534         -8.715      -105.443
21 Feb 2015 01:25:36.575       33.001         -8.713      -105.441
21 Feb 2015 01:26:50.782       28.407         -8.712      -105.439
21 Feb 2015 01:27:59.830       24.143         -8.711      -105.437
21 Feb 2015 01:29:02.124       20.313         -8.710      -105.435
21 Feb 2015 01:30:13.258       15.967         -8.710      -105.433
21 Feb 2015 01:31:31.352       11.237         -8.710      -105.432
21 Feb 2015 01:32:47.223        6.695         -8.709      -105.431
21 Feb 2015 01:34:02.340        2.256         -8.709      -105.430
21 Feb 2015 01:35:16.760       -2.076         -8.709      -105.430
21 Feb 2015 01:36:11.146       -5.197         -8.709      -105.430
21 Feb 2015 01:37:05.701       -8.288         -8.709      -105.431
21 Feb 2015 01:38:20.425      -12.452         -8.709      -105.431
21 Feb 2015 01:39:45.425      -17.090         -8.709      -105.432
21 Feb 2015 01:41:12.469      -21.724         -8.708      -105.434
21 Feb 2015 01:42:41.828      -26.358         -8.708      -105.435
21 Feb 2015 01:44:13.707      -30.991         -8.707      -105.437
21 Feb 2015 01:45:48.303      -35.621         -8.705      -105.439
21 Feb 2015 01:47:25.806      -40.248         -8.704      -105.441
21 Feb 2015 01:49:06.398      -44.868         -8.702      -105.443
21 Feb 2015 01:50:50.257      -49.482         -8.700      -105.445
21 Feb 2015 01:52:37.557      -54.086         -8.697      -105.447
21 Feb 2015 01:54:28.474      -58.681         -8.694      -105.449
21 Feb 2015 01:56:23.190      -63.266         -8.691      -105.451
21 Feb 2015 01:58:21.898      -67.843         -8.688      -105.452
21 Feb 2015 02:00:24.814      -72.412         -8.685      -105.454
21 Feb 2015 02:02:32.185      -76.980         -8.681      -105.455
21 Feb 2015 02:04:44.318      -81.552         -8.678      -105.455
21 Feb 2015 02:07:01.564      -86.136         -8.674      -105.456
21 Feb 2015 02:09:22.196      -90.675         -8.671      -105.456
21 Feb 2015 02:11:10.522      -94.072         -8.668      -105.456
21 Feb 2015 02:12:58.482      -97.378         -8.665      -105.455
21 Feb 2015 02:15:09.663     -101.298         -8.663      -105.455
21 Feb 2015 02:17:28.825     -105.352         -8.660      -105.454
21 Feb 2015 02:19:53.946     -109.476         -8.657      -105.453
21 Feb 2015 02:22:23.714     -113.635         -8.654      -105.452
21 Feb 2015 02:24:57.384     -117.814         -8.652      -105.451
21 Feb 2015 02:27:34.424     -122.003         -8.649      -105.450
21 Feb 2015 02:30:14.401     -126.202         -8.647      -105.448
21 Feb 2015 02:32:56.924     -130.409         -8.645      -105.447
21 Feb 2015 02:35:41.238     -134.616         -8.644      -105.445
21 Feb 2015 02:38:26.265     -138.807         -8.642      -105.444
21 Feb 2015 02:41:11.646     -142.986         -8.641      -105.442
21 Feb 2015 02:43:56.995     -147.155         -8.640      -105.441
21 Feb 2015 02:46:41.923     -151.317         -8.639      -105.439
21 Feb 2015 02:48:48.026     -154.510         -8.639      -105.438
21 Feb 2015 02:50:55.401     -157.750         -8.638      -105.437
21 Feb 2015 02:53:38.751     -161.938         -8.638      -105.436
21 Feb 2015 02:56:19.095     -166.095         -8.638      -105.435
21 Feb 2015 02:58:57.416     -170.258         -8.637      -105.435
21 Feb 2015 03:01:33.375     -174.427         -8.637      -105.434
21 Feb 2015 03:04:06.702     -178.605         -8.637      -105.434
21 Feb 2015 03:06:30.070      177.406         -8.637      -105.434
21 Feb 2015 03:08:14.028      174.458         -8.637      -105.434
21 Feb 2015 03:09:58.015      171.456         -8.637      -105.434
21 Feb 2015 03:12:28.924      166.996         -8.637      -105.434
21 Feb 2015 03:14:58.485      162.441         -8.637      -105.435
21 Feb 2015 03:17:24.737      157.842         -8.637      -105.436
21 Feb 2015 03:19:47.652      153.193         -8.636      -105.437
21 Feb 2015 03:22:07.252      148.489         -8.635      -105.439
21 Feb 2015 03:24:23.611      143.723         -8.634      -105.441
21 Feb 2015 03:26:36.858      138.888         -8.632      -105.443
21 Feb 2015 03:28:47.191      133.972         -8.630      -105.445
21 Feb 2015 03:30:52.860      129.045         -8.628      -105.447
21 Feb 2015 03:32:53.358      124.134         -8.625      -105.449
21 Feb 2015 03:34:49.181      119.233         -8.622      -105.451
21 Feb 2015 03:36:40.741      114.334         -8.618      -105.453
21 Feb 2015 03:38:28.385      109.434         -8.614      -105.454
21 Feb 2015 03:40:11.694      104.567         -8.610      -105.456
21 Feb 2015 03:41:52.402       99.663         -8.605      -105.457
21 Feb 2015 03:43:30.030       94.756         -8.600      -105.457
21 Feb 2015 03:45:04.812       89.849         -8.595      -105.458
21 Feb 2015 03:46:00.107       86.920         -8.592      -105.458
21 Feb 2015 03:46:55.441       83.943         -8.589      -105.457
21 Feb 2015 03:48:11.864       79.755         -8.585      -105.457
21 Feb 2015 03:49:31.945       75.274         -8.580      -105.456
21 Feb 2015 03:50:53.569       70.616         -8.575      -105.454
21 Feb 2015 03:52:15.331       65.863         -8.571      -105.452
21 Feb 2015 03:53:36.637       61.059         -8.567      -105.450
21 Feb 2015 03:54:57.207       56.231         -8.563      -105.448
21 Feb 2015 03:56:16.790       51.406         -8.559      -105.445
21 Feb 2015 03:57:35.235       46.607         -8.556      -105.442
21 Feb 2015 03:58:50.805       41.953         -8.553      -105.439
21 Feb 2015 04:00:03.549       37.455         -8.551      -105.437
21 Feb 2015 04:01:16.995       32.907         -8.549      -105.434
21 Feb 2015 04:02:30.861       28.336         -8.548      -105.432
21 Feb 2015 04:03:22.063       25.174         -8.547      -105.431
21 Feb 2015 04:04:15.419       21.890         -8.546      -105.429
21 Feb 2015 04:05:24.422       17.665         -8.546      -105.427
21 Feb 2015 04:06:40.111       13.067         -8.545      -105.426
21 Feb 2015 04:07:56.623        8.469         -8.545      -105.425
21 Feb 2015 04:09:11.954        3.997         -8.545      -105.424
21 Feb 2015 04:10:26.828       -0.383         -8.545      -105.424
21 Feb 2015 04:11:40.050       -4.599         -8.545      -105.424
21 Feb 2015 04:12:46.584       -8.368         -8.545      -105.424
21 Feb 2015 04:13:58.520      -12.373         -8.545      -105.425
21 Feb 2015 04:15:23.610      -17.011         -8.545      -105.426
21 Feb 2015 04:16:50.727      -21.644         -8.544      -105.427
21 Feb 2015 04:18:20.162      -26.278         -8.544      -105.429
21 Feb 2015 04:19:52.120      -30.910         -8.543      -105.431
21 Feb 2015 04:21:26.797      -35.540         -8.541      -105.433
21 Feb 2015 04:23:04.382      -40.166         -8.540      -105.435
21 Feb 2015 04:24:45.057      -44.786         -8.538      -105.437
21 Feb 2015 04:26:28.998      -49.399         -8.535      -105.439
21 Feb 2015 04:28:16.380      -54.003         -8.533      -105.441
21 Feb 2015 04:30:07.378      -58.597         -8.530      -105.443
21 Feb 2015 04:32:02.171      -63.181         -8.527      -105.445
21 Feb 2015 04:34:00.953      -67.757         -8.524      -105.446
21 Feb 2015 04:36:03.939      -72.327         -8.521      -105.447
21 Feb 2015 04:38:11.377      -76.894         -8.517      -105.448
21 Feb 2015 04:40:23.568      -81.466         -8.514      -105.449
21 Feb 2015 04:42:40.783      -86.048         -8.510      -105.449
21 Feb 2015 04:45:01.374      -90.585         -8.507      -105.449
21 Feb 2015 04:46:48.038      -93.930         -8.504      -105.449
21 Feb 2015 04:48:34.316      -97.186         -8.501      -105.449
21 Feb 2015 04:50:45.143     -101.100         -8.499      -105.449
21 Feb 2015 04:53:04.025     -105.149         -8.496      -105.448
21 Feb 2015 04:55:28.934     -109.272         -8.493      -105.447
21 Feb 2015 04:57:58.512     -113.430         -8.490      -105.446
21 Feb 2015 05:00:31.995     -117.608         -8.488      -105.445
21 Feb 2015 05:03:08.848     -121.799         -8.485      -105.443
21 Feb 2015 05:05:48.630     -125.998         -8.483      -105.442
21 Feb 2015 05:08:30.949     -130.206         -8.481      -105.440
21 Feb 2015 05:11:15.011     -134.413         -8.480      -105.439
21 Feb 2015 05:13:59.781     -138.605         -8.478      -105.437
21 Feb 2015 05:16:44.899     -142.783         -8.477      -105.436
21 Feb 2015 05:19:29.982     -146.953         -8.476      -105.434
21 Feb 2015 05:22:14.645     -151.116         -8.475      -105.433
21 Feb 2015 05:24:41.771     -154.849         -8.474      -105.432
21 Feb 2015 05:27:09.361     -158.616         -8.474      -105.431
21 Feb 2015 05:29:51.333     -162.787         -8.474      -105.429
21 Feb 2015 05:32:30.963     -166.947         -8.473      -105.429
21 Feb 2015 05:35:08.480     -171.113         -8.473      -105.428
21 Feb 2015 05:37:43.577     -175.286         -8.473      -105.427
21 Feb 2015 05:40:07.537     -179.234         -8.473      -105.427
21 Feb 2015 05:42:38.230      176.545         -8.473      -105.427
21 Feb 2015 05:44:57.575      172.548         -8.473      -105.427
21 Feb 2015 05:47:05.753      168.783         -8.473      -105.428
21 Feb 2015 05:49:36.212      164.243         -8.473      -105.428
21 Feb 2015 05:52:03.406      159.659         -8.473      -105.429
21 Feb 2015 05:54:27.272      155.028         -8.472      -105.430
21 Feb 2015 05:56:47.814      150.344         -8.471      -105.432
21 Feb 2015 05:59:05.086      145.602         -8.470      -105.433
21 Feb 2015 06:01:19.195      140.792         -8.469      -105.435
21 Feb 2015 06:03:30.310      135.908         -8.467      -105.437
21 Feb 2015 06:05:37.738      130.973         -8.465      -105.440
21 Feb 2015 06:07:39.823      126.059         -8.462      -105.442
21 Feb 2015 06:09:37.081      121.157         -8.459      -105.444
21 Feb 2015 06:11:29.956      116.260         -8.456      -105.446
21 Feb 2015 06:13:18.814      111.362         -8.452      -105.447
21 Feb 2015 06:15:03.969      106.463         -8.447      -105.449
21 Feb 2015 06:16:45.819      101.555         -8.443      -105.450
21 Feb 2015 06:18:24.391       96.651         -8.438      -105.451
21 Feb 2015 06:20:00.044       91.746         -8.433      -105.451
21 Feb 2015 06:21:16.508       87.721         -8.429      -105.451
21 Feb 2015 06:22:33.014       83.604         -8.425      -105.451
21 Feb 2015 06:23:47.358       79.518         -8.420      -105.450
21 Feb 2015 06:25:07.570       75.020         -8.416      -105.449
21 Feb 2015 06:26:29.142       70.355         -8.411      -105.448
21 Feb 2015 06:27:50.811       65.599         -8.406      -105.446
21 Feb 2015 06:29:12.017       60.794         -8.402      -105.444
21 Feb 2015 06:30:32.482       55.966         -8.398      -105.441
21 Feb 2015 06:31:51.992       51.141         -8.394      -105.438
21 Feb 2015 06:33:10.240       46.351         -8.391      -105.436
21 Feb 2015 06:34:25.456       41.717         -8.389      -105.433
21 Feb 2015 06:35:38.123       37.224         -8.387      -105.430
21 Feb 2015 06:36:51.947       32.653         -8.385      -105.428
21 Feb 2015 06:38:05.349       28.112         -8.383      -105.426
21 Feb 2015 06:39:03.883       24.501         -8.383      -105.424
21 Feb 2015 06:40:03.390       20.844         -8.382      -105.422
21 Feb 2015 06:41:13.234       16.577         -8.381      -105.421
21 Feb 2015 06:42:31.354       11.847         -8.381      -105.419
21 Feb 2015 06:43:47.361        7.297         -8.381      -105.418
21 Feb 2015 06:45:02.642        2.849         -8.381      -105.418
21 Feb 2015 06:46:17.329       -1.498         -8.381      -105.417
21 Feb 2015 06:47:17.869       -4.970         -8.381      -105.417
21 Feb 2015 06:48:18.530       -8.399         -8.381      -105.418
21 Feb 2015 06:49:32.664      -12.519         -8.381      -105.418
21 Feb 2015 06:50:57.908      -17.156         -8.380      -105.419
21 Feb 2015 06:52:25.207      -21.789         -8.380      -105.421
21 Feb 2015 06:53:54.837      -26.422         -8.379      -105.423
21 Feb 2015 06:55:27.002      -31.053         -8.378      -105.424
21 Feb 2015 06:57:01.897      -35.683         -8.377      -105.426
21 Feb 2015 06:58:39.710      -40.308         -8.375      -105.428
21 Feb 2015 07:00:20.622      -44.927         -8.373      -105.431
21 Feb 2015 07:02:04.808      -49.539         -8.371      -105.433
21 Feb 2015 07:03:52.443      -54.142         -8.369      -105.435
21 Feb 2015 07:05:43.700      -58.735         -8.366      -105.437
21 Feb 2015 07:07:38.759      -63.318         -8.363      -105.438
21 Feb 2015 07:09:37.815      -67.894         -8.360      -105.440
21 Feb 2015 07:11:41.083      -72.463         -8.356      -105.441
21 Feb 2015 07:13:48.809      -77.030         -8.353      -105.442
21 Feb 2015 07:16:01.298      -81.603         -8.349      -105.443
21 Feb 2015 07:18:18.647      -86.180         -8.346      -105.443
21 Feb 2015 07:20:39.361      -90.712         -8.342      -105.443
21 Feb 2015 07:22:28.584      -94.131         -8.339      -105.443
21 Feb 2015 07:24:17.439      -97.459         -8.337      -105.443
21 Feb 2015 07:26:29.039     -101.387         -8.334      -105.442
21 Feb 2015 07:28:48.488     -105.444         -8.331      -105.441
21 Feb 2015 07:31:13.814     -109.571         -8.328      -105.441
21 Feb 2015 07:33:43.715     -113.732         -8.326      -105.439
21 Feb 2015 07:36:17.450     -117.913         -8.323      -105.438
21 Feb 2015 07:38:54.493     -122.105         -8.321      -105.437
21 Feb 2015 07:41:34.410     -126.306         -8.319      -105.435
21 Feb 2015 07:44:16.809     -130.516         -8.317      -105.434
21 Feb 2015 07:47:00.725     -134.721         -8.315      -105.432
21 Feb 2015 07:49:45.302     -138.911         -8.314      -105.431
21 Feb 2015 07:52:30.178     -143.089         -8.312      -105.429
21 Feb 2015 07:55:14.969     -147.258         -8.311      -105.428
21 Feb 2015 07:57:59.291     -151.421         -8.311      -105.426
21 Feb 2015 08:00:42.764     -155.580         -8.310      -105.425
21 Feb 2015 08:03:10.902     -159.375         -8.310      -105.424
21 Feb 2015 08:05:52.195     -163.546         -8.309      -105.423
21 Feb 2015 08:08:31.120     -167.709         -8.309      -105.422
21 Feb 2015 08:11:07.872     -171.878         -8.309      -105.421
21 Feb 2015 08:13:42.162     -176.054         -8.309      -105.421
21 Feb 2015 08:16:06.419      179.962         -8.309      -105.421
21 Feb 2015 08:18:35.185      175.764         -8.309      -105.421
21 Feb 2015 08:20:49.745      171.877         -8.309      -105.421
21 Feb 2015 08:23:08.458      167.768         -8.309      -105.421
21 Feb 2015 08:25:37.830      163.215         -8.309      -105.422
21 Feb 2015 08:28:03.911      158.619         -8.308      -105.423
21 Feb 2015 08:30:26.665      153.974         -8.308      -105.424
21 Feb 2015 08:32:46.109      149.276         -8.307      -105.426
21 Feb 2015 08:35:02.309      144.516         -8.306      -105.428
21 Feb 2015 08:37:15.386      139.689         -8.304      -105.429
21 Feb 2015 08:39:25.524      134.784         -8.302      -105.432
21 Feb 2015 08:41:31.285      129.857         -8.300      -105.434
21 Feb 2015 08:43:31.864      124.949         -8.297      -105.436
21 Feb 2015 08:45:27.760      120.050         -8.294      -105.438
21 Feb 2015 08:47:19.391      115.155         -8.290      -105.440
21 Feb 2015 08:49:07.108      110.259         -8.286      -105.441
21 Feb 2015 08:50:51.481      105.348         -8.282      -105.443
21 Feb 2015 08:52:32.244      100.447         -8.277      -105.444
21 Feb 2015 08:54:09.921       95.544         -8.273      -105.445
21 Feb 2015 08:55:44.755       90.640         -8.268      -105.445
21 Feb 2015 08:56:51.051       87.129         -8.264      -105.445
21 Feb 2015 08:57:57.375       83.548         -8.260      -105.445
21 Feb 2015 08:59:13.174       79.375         -8.256      -105.444
21 Feb 2015 09:00:33.333       74.872         -8.251      -105.443
21 Feb 2015 09:01:54.838       70.204         -8.246      -105.441
21 Feb 2015 09:03:16.423       65.446         -8.242      -105.439
21 Feb 2015 09:04:37.545       60.640         -8.237      -105.437
21 Feb 2015 09:05:57.935       55.812         -8.233      -105.435
21 Feb 2015 09:07:17.390       50.988         -8.230      -105.432
21 Feb 2015 09:08:35.469       46.205         -8.227      -105.429
21 Feb 2015 09:09:50.422       41.587         -8.224      -105.427
21 Feb 2015 09:11:03.075       37.095         -8.222      -105.424
21 Feb 2015 09:12:17.231       32.504         -8.220      -105.421
21 Feb 2015 09:13:30.441       27.977         -8.219      -105.419
21 Feb 2015 09:14:33.913       24.064         -8.218      -105.417
21 Feb 2015 09:15:37.880       20.138         -8.217      -105.416
21 Feb 2015 09:16:48.604       15.826         -8.217      -105.414
21 Feb 2015 09:18:06.369       11.129         -8.217      -105.413
21 Feb 2015 09:19:22.166        6.604         -8.217      -105.412
21 Feb 2015 09:20:37.456        2.170         -8.216      -105.411
21 Feb 2015 09:21:51.995       -2.154         -8.216      -105.411
21 Feb 2015 09:22:40.026       -4.902         -8.216      -105.411
21 Feb 2015 09:23:28.272       -7.631         -8.216      -105.411
21 Feb 2015 09:24:42.567      -11.769         -8.216      -105.412
21 Feb 2015 09:26:07.494      -16.400         -8.216      -105.413
21 Feb 2015 09:27:34.544      -21.033         -8.216      -105.414
21 Feb 2015 09:29:03.898      -25.665         -8.215      -105.416
21 Feb 2015 09:30:35.759      -30.297         -8.214      -105.418
21 Feb 2015 09:32:10.324      -34.926         -8.213      -105.420
21 Feb 2015 09:33:47.782      -39.551         -8.211      -105.422
21 Feb 2015 09:35:28.313      -44.170         -8.209      -105.424
21 Feb 2015 09:37:12.094      -48.783         -8.207      -105.426
21 Feb 2015 09:38:59.296      -53.386         -8.205      -105.428
21 Feb 2015 09:40:50.095      -57.980         -8.202      -105.430
21 Feb 2015 09:42:44.666      -62.565         -8.199      -105.432
21 Feb 2015 09:44:43.201      -67.141         -8.196      -105.433
21 Feb 2015 09:46:45.909      -71.710         -8.192      -105.434
21 Feb 2015 09:48:53.033      -76.278         -8.189      -105.435
21 Feb 2015 09:51:04.865      -80.849         -8.185      -105.436
21 Feb 2015 09:53:21.694      -85.430         -8.182      -105.437
21 Feb 2015 09:55:41.877      -89.966         -8.178      -105.437
21 Feb 2015 09:56:59.959      -92.430         -8.176      -105.437
21 Feb 2015 09:58:17.671      -94.840         -8.175      -105.437
21 Feb 2015 10:00:22.306      -98.625         -8.172      -105.436
21 Feb 2015 10:02:36.120     -102.586         -8.169      -105.436
21 Feb 2015 10:04:57.608     -106.671         -8.166      -105.435
21 Feb 2015 10:07:24.435     -110.812         -8.163      -105.434
21 Feb 2015 10:09:55.557     -114.981         -8.160      -105.433
21 Feb 2015 10:12:30.316     -119.166         -8.158      -105.432
21 Feb 2015 10:15:08.219     -123.362         -8.156      -105.430
21 Feb 2015 10:17:48.848     -127.567         -8.154      -105.429
21 Feb 2015 10:20:31.822     -131.782         -8.152      -105.427
21 Feb 2015 10:23:15.756     -135.981         -8.150      -105.426
21 Feb 2015 10:26:00.227     -140.167         -8.149      -105.424
21 Feb 2015 10:28:44.859     -144.342         -8.148      -105.423
21 Feb 2015 10:31:29.270     -148.509         -8.147      -105.421
21 Feb 2015 10:34:13.079     -152.671         -8.146      -105.420
21 Feb 2015 10:36:15.232     -155.788         -8.146      -105.419
21 Feb 2015 10:38:18.380     -158.949         -8.145      -105.418
21 Feb 2015 10:41:00.370     -163.144         -8.145      -105.417
21 Feb 2015 10:43:39.122     -167.307         -8.145      -105.416
21 Feb 2015 10:46:15.759     -171.476         -8.144      -105.415
21 Feb 2015 10:48:49.959     -175.655         -8.144      -105.415
21 Feb 2015 10:51:09.084     -179.498         -8.144      -105.414
21 Feb 2015 10:53:38.315      176.291         -8.144      -105.414
21 Feb 2015 10:55:55.470      172.329         -8.144      -105.415
21 Feb 2015 10:58:08.289      168.397         -8.144      -105.415
21 Feb 2015 11:00:37.739      163.847         -8.144      -105.416
21 Feb 2015 11:03:03.915      159.255         -8.144      -105.417
21 Feb 2015 11:05:26.769      154.615         -8.143      -105.418
21 Feb 2015 11:07:46.314      149.921         -8.142      -105.419
21 Feb 2015 11:10:02.609      145.168         -8.141      -105.421
21 Feb 2015 11:12:15.768      140.349         -8.140      -105.423
21 Feb 2015 11:14:25.965      135.453         -8.138      -105.425
21 Feb 2015 11:16:32.066      130.526         -8.136      -105.427
21 Feb 2015 11:18:32.952      125.618         -8.133      -105.429
21 Feb 2015 11:20:29.125      120.720         -8.130      -105.431
21 Feb 2015 11:22:21.011      115.826         -8.126      -105.433
21 Feb 2015 11:24:08.965      110.932         -8.122      -105.435
21 Feb 2015 11:25:53.293      106.035         -8.118      -105.437
21 Feb 2015 11:27:34.506      101.125         -8.114      -105.438
21 Feb 2015 11:29:12.384       96.224         -8.109      -105.438
21 Feb 2015 11:30:47.404       91.322         -8.104      -105.439
21 Feb 2015 11:32:00.615       87.449         -8.100      -105.439
21 Feb 2015 11:33:13.860       83.493         -8.095      -105.438
21 Feb 2015 11:34:28.800       79.361         -8.091      -105.438
21 Feb 2015 11:35:48.908       74.855         -8.086      -105.437
21 Feb 2015 11:37:10.332       70.186         -8.082      -105.435
21 Feb 2015 11:38:31.840       65.429         -8.077      -105.433
21 Feb 2015 11:39:52.898       60.624         -8.073      -105.431
21 Feb 2015 11:41:13.248       55.796         -8.069      -105.429
21 Feb 2015 11:42:32.670       50.971         -8.065      -105.426
21 Feb 2015 11:43:50.632       46.195         -8.062      -105.423
21 Feb 2015 11:45:05.427       41.586         -8.060      -105.420
21 Feb 2015 11:46:18.105       37.092         -8.058      -105.418
21 Feb 2015 11:47:32.508       32.487         -8.056      -105.415
21 Feb 2015 11:48:45.734       27.961         -8.054      -105.413
21 Feb 2015 11:49:58.424       23.483         -8.053      -105.411
21 Feb 2015 11:51:06.775       19.295         -8.053      -105.409
21 Feb 2015 11:52:19.278       14.885         -8.052      -105.408
21 Feb 2015 11:53:36.372       10.242         -8.052      -105.406
21 Feb 2015 11:54:52.024        5.741         -8.052      -105.406
21 Feb 2015 11:56:07.305        1.324         -8.052      -105.405
21 Feb 2015 11:57:21.565       -2.965         -8.052      -105.405
21 Feb 2015 11:58:23.085       -6.464         -8.052      -105.405
21 Feb 2015 11:59:24.716       -9.916         -8.052      -105.406
21 Feb 2015 12:00:45.696      -14.369         -8.052      -105.406
21 Feb 2015 12:02:11.934      -19.002         -8.051      -105.408
21 Feb 2015 12:03:40.368      -23.634         -8.051      -105.409
21 Feb 2015 12:05:11.227      -28.266         -8.050      -105.411
21 Feb 2015 12:06:44.711      -32.895         -8.049      -105.413
21 Feb 2015 12:08:21.011      -37.522         -8.047      -105.415
21 Feb 2015 12:10:00.309      -42.143         -8.046      -105.417
21 Feb 2015 12:11:42.784      -46.758         -8.044      -105.419
21 Feb 2015 12:13:28.607      -51.365         -8.041      -105.421
21 Feb 2015 12:15:17.952      -55.963         -8.039      -105.423
21 Feb 2015 12:17:10.992      -60.551         -8.036      -105.425
21 Feb 2015 12:19:07.910      -65.130         -8.033      -105.426
21 Feb 2015 12:21:08.907      -69.701         -8.029      -105.428
21 Feb 2015 12:23:14.208      -74.269         -8.026      -105.429
21 Feb 2015 12:25:24.079      -78.837         -8.022      -105.430
21 Feb 2015 12:27:38.858      -83.414         -8.019      -105.430
21 Feb 2015 12:29:57.598      -87.967         -8.015      -105.431
21 Feb 2015 12:32:19.681      -92.478         -8.012      -105.431
21 Feb 2015 12:34:30.111      -96.497         -8.009      -105.430
21 Feb 2015 12:36:35.404     -100.258         -8.006      -105.430
21 Feb 2015 12:38:53.154     -104.292         -8.003      -105.429
21 Feb 2015 12:41:17.095     -108.406         -8.000      -105.428
21 Feb 2015 12:43:45.851     -112.561         -7.997      -105.427
21 Feb 2015 12:46:18.568     -116.739         -7.995      -105.426
21 Feb 2015 12:48:54.676     -120.930         -7.992      -105.425
21 Feb 2015 12:51:33.719     -125.131         -7.990      -105.423
21 Feb 2015 12:54:15.299     -129.342         -7.988      -105.422
21 Feb 2015 12:56:58.571     -133.550         -7.987      -105.420
21 Feb 2015 12:59:42.553     -137.742         -7.985      -105.419
21 Feb 2015 13:02:26.894     -141.923         -7.984      -105.417
21 Feb 2015 13:05:11.216     -146.094         -7.983      -105.416
21 Feb 2015 13:07:55.137     -150.259         -7.982      -105.414
21 Feb 2015 13:10:38.278     -154.421         -7.981      -105.413
21 Feb 2015 13:13:17.962     -158.521         -7.981      -105.412
21 Feb 2015 13:15:58.550     -162.684         -7.980      -105.411
21 Feb 2015 13:18:37.233     -166.849         -7.980      -105.410
21 Feb 2015 13:21:13.788     -171.020         -7.980      -105.409
21 Feb 2015 13:23:30.692     -174.728         -7.980      -105.409
21 Feb 2015 13:25:47.118     -178.489         -7.980      -105.408
21 Feb 2015 13:28:17.744      177.272         -7.980      -105.408
21 Feb 2015 13:30:13.393      173.947         -7.980      -105.408
21 Feb 2015 13:32:09.067      170.553         -7.980      -105.409
21 Feb 2015 13:34:39.649      166.021         -7.980      -105.409
21 Feb 2015 13:37:07.035      161.447         -7.979      -105.410
21 Feb 2015 13:39:31.114      156.827         -7.979      -105.411
21 Feb 2015 13:41:51.876      152.158         -7.978      -105.413
21 Feb 2015 13:44:09.360      147.432         -7.977      -105.414
21 Feb 2015 13:46:23.654      142.643         -7.976      -105.416
21 Feb 2015 13:48:34.902      137.783         -7.974      -105.418
21 Feb 2015 13:50:43.251      132.844         -7.972      -105.420
21 Feb 2015 13:52:46.154      127.930         -7.970      -105.422
21 Feb 2015 13:54:44.144      123.030         -7.967      -105.424
21 Feb 2015 13:56:37.689      118.137         -7.964      -105.426
21 Feb 2015 13:58:27.170      113.245         -7.960      -105.428
21 Feb 2015 14:00:12.910      108.351         -7.956      -105.430
21 Feb 2015 14:01:53.513      103.537         -7.951      -105.431
21 Feb 2015 14:03:32.642       98.640         -7.947      -105.432
21 Feb 2015 14:05:08.838       93.740         -7.942      -105.433
21 Feb 2015 14:06:42.317       88.840         -7.936      -105.433
21 Feb 2015 14:07:51.562       85.124         -7.933      -105.432
21 Feb 2015 14:09:00.800       81.335         -7.929      -105.432
21 Feb 2015 14:10:19.514       76.943         -7.924      -105.431
21 Feb 2015 14:11:40.461       72.337         -7.919      -105.430
21 Feb 2015 14:13:01.952       67.614         -7.915      -105.428
21 Feb 2015 14:14:23.186       62.827         -7.910      -105.426
21 Feb 2015 14:15:43.866       58.005         -7.906      -105.424
21 Feb 2015 14:17:03.658       53.179         -7.902      -105.421
21 Feb 2015 14:18:22.416       48.369         -7.899      -105.418
21 Feb 2015 14:19:38.632       43.683         -7.896      -105.416
21 Feb 2015 14:20:51.836       39.163         -7.894      -105.413
21 Feb 2015 14:22:05.100       34.630         -7.892      -105.410
21 Feb 2015 14:23:20.704       29.954         -7.890      -105.408
21 Feb 2015 14:24:32.974       25.496         -7.889      -105.406
21 Feb 2015 14:25:36.598       21.588         -7.888      -105.404
21 Feb 2015 14:26:39.756       17.731         -7.888      -105.403
21 Feb 2015 14:27:57.906       12.998         -7.888      -105.401
21 Feb 2015 14:29:14.181        8.430         -7.887      -105.400
21 Feb 2015 14:30:29.706        3.965         -7.887      -105.399
21 Feb 2015 14:31:44.802       -0.410         -7.887      -105.399
21 Feb 2015 14:32:58.099       -4.611         -7.887      -105.399
21 Feb 2015 14:34:04.081       -8.331         -7.887      -105.399
21 Feb 2015 14:35:17.244      -12.384         -7.887      -105.400
21 Feb 2015 14:36:42.753      -17.020         -7.887      -105.401
21 Feb 2015 14:38:10.324      -21.651         -7.886      -105.402
21 Feb 2015 14:39:40.240      -26.282         -7.886      -105.404
21 Feb 2015 14:41:12.702      -30.912         -7.885      -105.406
21 Feb 2015 14:42:47.904      -35.540         -7.883      -105.408
21 Feb 2015 14:44:26.032      -40.163         -7.882      -105.410
21 Feb 2015 14:46:07.264      -44.780         -7.880      -105.412
21 Feb 2015 14:47:51.774      -49.390         -7.878      -105.414
21 Feb 2015 14:49:39.733      -53.991         -7.875      -105.416
21 Feb 2015 14:51:31.313      -58.582         -7.872      -105.418
21 Feb 2015 14:53:26.693      -63.164         -7.869      -105.420
21 Feb 2015 14:55:26.063      -67.738         -7.866      -105.421
21 Feb 2015 14:57:29.637      -72.306         -7.863      -105.422
21 Feb 2015 14:59:37.660      -76.873         -7.859      -105.423
21 Feb 2015 15:01:50.431      -81.446         -7.856      -105.424
21 Feb 2015 15:04:07.770      -86.014         -7.852      -105.425
21 Feb 2015 15:06:28.442      -90.540         -7.849      -105.425
21 Feb 2015 15:08:14.572      -93.860         -7.846      -105.425
21 Feb 2015 15:10:00.319      -97.095         -7.844      -105.424
21 Feb 2015 15:12:11.276     -101.007         -7.841      -105.424
21 Feb 2015 15:14:30.280     -105.057         -7.838      -105.423
21 Feb 2015 15:16:55.259     -109.182         -7.835      -105.422
21 Feb 2015 15:19:24.831     -113.344         -7.832      -105.421
21 Feb 2015 15:21:58.217     -117.525         -7.830      -105.420
21 Feb 2015 15:24:34.878     -121.720         -7.827      -105.419
21 Feb 2015 15:27:14.370     -125.924         -7.825      -105.417
21 Feb 2015 15:29:56.301     -130.137         -7.823      -105.416
21 Feb 2015 15:32:39.529     -134.341         -7.822      -105.414
21 Feb 2015 15:35:23.385     -138.531         -7.820      -105.413
21 Feb 2015 15:38:07.505     -142.710         -7.819      -105.411
21 Feb 2015 15:40:51.514     -146.880         -7.818      -105.410
21 Feb 2015 15:43:35.030     -151.044         -7.817      -105.408
21 Feb 2015 15:46:17.679     -155.206         -7.816      -105.407
21 Feb 2015 15:48:55.379     -159.270         -7.816      -105.406
21 Feb 2015 15:51:35.383     -163.436         -7.816      -105.405
21 Feb 2015 15:54:13.371     -167.604         -7.815      -105.404
21 Feb 2015 15:56:49.178     -171.778         -7.815      -105.403
21 Feb 2015 15:59:22.537     -175.962         -7.815      -105.403
21 Feb 2015 16:01:54.564      179.804         -7.815      -105.402
21 Feb 2015 16:04:06.489      176.050         -7.815      -105.402
21 Feb 2015 16:06:18.403      172.213         -7.815      -105.403
21 Feb 2015 16:08:35.015      168.140         -7.815      -105.403
21 Feb 2015 16:11:03.557      163.583         -7.815      -105.404
21 Feb 2015 16:13:28.822      158.983         -7.814      -105.405
21 Feb 2015 16:15:50.773      154.335         -7.814      -105.406
21 Feb 2015 16:18:09.427      149.633         -7.813      -105.407
21 Feb 2015 16:20:24.850      144.872         -7.812      -105.409
21 Feb 2015 16:22:37.160      140.045         -7.811      -105.411
21 Feb 2015 16:24:46.535      135.141         -7.809      -105.413
21 Feb 2015 16:26:51.501      130.220         -7.806      -105.415
21 Feb 2015 16:28:51.358      125.316         -7.804      -105.418
21 Feb 2015 16:30:46.599      120.422         -7.800      -105.420
21 Feb 2015 16:32:37.636      115.531         -7.797      -105.421
21 Feb 2015 16:34:24.813      110.640         -7.793      -105.423
21 Feb 2015 16:36:08.431      105.747         -7.789      -105.425
21 Feb 2015 16:37:49.046      100.838         -7.784      -105.426
21 Feb 2015 16:39:26.331       95.940         -7.779      -105.426
21 Feb 2015 16:41:00.813       91.042         -7.774      -105.427
21 Feb 2015 16:42:11.435       87.290         -7.770      -105.427
21 Feb 2015 16:43:22.073       83.462         -7.766      -105.426
21 Feb 2015 16:44:37.249       79.306         -7.762      -105.426
21 Feb 2015 16:45:57.202       74.798         -7.757      -105.425
21 Feb 2015 16:47:18.470       70.128         -7.752      -105.423
21 Feb 2015 16:48:39.830       65.370         -7.748      -105.421
21 Feb 2015 16:50:00.758       60.565         -7.743      -105.419
21 Feb 2015 16:51:21.025       55.737         -7.739      -105.417
21 Feb 2015 16:52:40.371       50.913         -7.736      -105.414
21 Feb 2015 16:53:58.068       46.151         -7.733      -105.411
21 Feb 2015 16:55:12.551       41.560         -7.730      -105.408
21 Feb 2015 16:56:25.323       37.062         -7.728      -105.406
21 Feb 2015 16:57:40.254       32.426         -7.726      -105.403
21 Feb 2015 16:58:53.602       27.896         -7.725      -105.401
21 Feb 2015 17:00:08.024       23.316         -7.724      -105.399
21 Feb 2015 17:01:23.432       18.704         -7.723      -105.397
21 Feb 2015 17:02:37.552       14.208         -7.723      -105.395
21 Feb 2015 17:03:54.176        9.608         -7.723      -105.394
21 Feb 2015 17:05:09.833        5.123         -7.722      -105.394
21 Feb 2015 17:06:25.167        0.722         -7.722      -105.393
21 Feb 2015 17:07:39.207       -3.536         -7.722      -105.393
21 Feb 2015 17:08:48.367       -7.447         -7.722      -105.393
21 Feb 2015 17:09:55.635      -11.187         -7.722      -105.394
21 Feb 2015 17:11:20.771      -15.824         -7.722      -105.395
21 Feb 2015 17:12:47.881      -20.455         -7.722      -105.396
21 Feb 2015 17:14:17.290      -25.086         -7.721      -105.398
21 Feb 2015 17:15:49.200      -29.716         -7.720      -105.400
21 Feb 2015 17:17:23.806      -34.343         -7.719      -105.402
21 Feb 2015 17:19:01.295      -38.967         -7.717      -105.404
21 Feb 2015 17:20:41.846      -43.585         -7.715      -105.406
21 Feb 2015 17:22:25.634      -48.196         -7.713      -105.408
21 Feb 2015 17:24:12.830      -52.799         -7.711      -105.410
21 Feb 2015 17:26:03.603      -57.392         -7.708      -105.412
21 Feb 2015 17:27:58.129      -61.976         -7.705      -105.413
21 Feb 2015 17:29:56.596      -66.551         -7.702      -105.415
21 Feb 2015 17:31:59.209      -71.120         -7.699      -105.416
21 Feb 2015 17:34:06.202      -75.687         -7.695      -105.417
21 Feb 2015 17:36:17.859      -80.257         -7.692      -105.418
21 Feb 2015 17:38:34.370      -84.834         -7.688      -105.419
21 Feb 2015 17:40:54.204      -89.367         -7.685      -105.419
21 Feb 2015 17:42:44.386      -92.838         -7.682      -105.419
21 Feb 2015 17:44:34.086      -96.213         -7.679      -105.419
21 Feb 2015 17:46:41.210     -100.032         -7.677      -105.418
21 Feb 2015 17:48:58.534     -104.057         -7.674      -105.417
21 Feb 2015 17:51:22.272     -108.169         -7.671      -105.417
21 Feb 2015 17:53:50.833     -112.324         -7.668      -105.416
21 Feb 2015 17:56:23.346     -116.503         -7.665      -105.414
21 Feb 2015 17:58:59.224     -120.695         -7.663      -105.413
21 Feb 2015 18:01:38.010     -124.898         -7.661      -105.412
21 Feb 2015 18:04:19.303     -129.111         -7.659      -105.410
21 Feb 2015 18:07:02.134     -133.318         -7.657      -105.409
21 Feb 2015 18:09:45.653     -137.511         -7.656      -105.407
21 Feb 2015 18:12:29.505     -141.692         -7.654      -105.406
21 Feb 2015 18:15:13.315     -145.864         -7.653      -105.404
21 Feb 2015 18:17:56.708     -150.030         -7.652      -105.403
21 Feb 2015 18:20:39.307     -154.193         -7.652      -105.401
21 Feb 2015 18:22:20.575     -156.799         -7.651      -105.400
21 Feb 2015 18:24:02.927     -159.448         -7.651      -105.400
21 Feb 2015 18:26:44.487     -163.667         -7.651      -105.399
21 Feb 2015 18:29:21.967     -167.834         -7.650      -105.398
21 Feb 2015 18:31:57.314     -172.011         -7.650      -105.397
21 Feb 2015 18:34:30.206     -176.198         -7.650      -105.397
21 Feb 2015 18:37:03.231      179.523         -7.650      -105.397
21 Feb 2015 18:39:12.370      175.833         -7.650      -105.396
21 Feb 2015 18:41:21.498      172.061         -7.650      -105.397
21 Feb 2015 18:43:40.931      167.886         -7.650      -105.397
21 Feb 2015 18:46:08.934      163.324         -7.650      -105.398
21 Feb 2015 18:48:33.657      158.719         -7.650      -105.399
21 Feb 2015 18:50:55.069      154.066         -7.649      -105.400
21 Feb 2015 18:53:13.193      149.359         -7.648      -105.402
21 Feb 2015 18:55:28.097      144.593         -7.647      -105.403
21 Feb 2015 18:57:39.903      139.759         -7.646      -105.405
21 Feb 2015 18:59:48.794      134.849         -7.644      -105.408
21 Feb 2015 19:01:53.056      129.931         -7.641      -105.410
21 Feb 2015 19:03:52.276      125.030         -7.639      -105.412
21 Feb 2015 19:05:46.940      120.138         -7.635      -105.414
21 Feb 2015 19:07:37.450      115.249         -7.632      -105.416
21 Feb 2015 19:09:24.145      110.360         -7.628      -105.417
21 Feb 2015 19:11:07.320      105.468         -7.623      -105.419
21 Feb 2015 19:12:47.480      100.562         -7.619      -105.420
21 Feb 2015 19:14:24.395       95.666         -7.614      -105.421
21 Feb 2015 19:15:58.540       90.770         -7.609      -105.421
21 Feb 2015 19:17:06.217       87.165         -7.605      -105.421
21 Feb 2015 19:18:13.905       83.491         -7.601      -105.421
21 Feb 2015 19:19:29.290       79.319         -7.597      -105.420
21 Feb 2015 19:20:49.143       74.811         -7.592      -105.419
21 Feb 2015 19:22:10.331       70.142         -7.587      -105.417
21 Feb 2015 19:23:31.621       65.385         -7.583      -105.415
21 Feb 2015 19:24:52.491       60.581         -7.578      -105.413
21 Feb 2015 19:26:12.729       55.752         -7.574      -105.411
21 Feb 2015 19:27:32.042       50.928         -7.571      -105.408
21 Feb 2015 19:28:49.622       46.173         -7.568      -105.405
21 Feb 2015 19:30:03.989       41.589         -7.565      -105.403
21 Feb 2015 19:31:16.827       37.087         -7.563      -105.400
21 Feb 2015 19:32:31.991       32.438         -7.561      -105.398
21 Feb 2015 19:33:45.470       27.901         -7.560      -105.395
21 Feb 2015 19:35:00.641       23.278         -7.559      -105.393
21 Feb 2015 19:36:18.400       18.526         -7.558      -105.391
21 Feb 2015 19:37:33.596       13.970         -7.558      -105.390
21 Feb 2015 19:38:50.085        9.385         -7.558      -105.388
21 Feb 2015 19:40:05.773        4.905         -7.558      -105.388
21 Feb 2015 19:41:21.136        0.510         -7.558      -105.387
21 Feb 2015 19:42:35.087       -3.735         -7.558      -105.387
21 Feb 2015 19:43:43.701       -7.607         -7.557      -105.388
21 Feb 2015 19:44:52.635      -11.431         -7.557      -105.388
21 Feb 2015 19:46:17.970      -16.067         -7.557      -105.389
21 Feb 2015 19:47:45.308      -20.698         -7.557      -105.391
21 Feb 2015 19:49:14.962      -25.328         -7.556      -105.392
21 Feb 2015 19:50:47.133      -29.957         -7.555      -105.394
21 Feb 2015 19:52:22.016      -34.584         -7.554      -105.396
21 Feb 2015 19:53:59.795      -39.207         -7.552      -105.398
21 Feb 2015 19:55:40.650      -43.824         -7.550      -105.400
21 Feb 2015 19:57:24.754      -48.434         -7.548      -105.402
21 Feb 2015 19:59:12.276      -53.035         -7.546      -105.404
21 Feb 2015 20:01:03.386      -57.627         -7.543      -105.406
21 Feb 2015 20:02:58.261      -62.210         -7.540      -105.408
21 Feb 2015 20:04:57.086      -66.784         -7.537      -105.409
21 Feb 2015 20:07:00.068      -71.352         -7.534      -105.411
21 Feb 2015 20:09:07.443      -75.919         -7.530      -105.412
21 Feb 2015 20:11:19.496      -80.490         -7.527      -105.412
21 Feb 2015 20:13:36.217      -85.061         -7.523      -105.413
21 Feb 2015 20:15:56.251      -89.590         -7.520      -105.413
21 Feb 2015 20:17:40.504      -92.869         -7.517      -105.413
21 Feb 2015 20:19:24.240      -96.060         -7.515      -105.413
21 Feb 2015 20:21:31.581      -99.887         -7.512      -105.412
21 Feb 2015 20:23:48.665     -103.906         -7.509      -105.412
21 Feb 2015 20:26:12.261     -108.017         -7.506      -105.411
21 Feb 2015 20:28:40.693     -112.172         -7.503      -105.410
21 Feb 2015 20:31:13.075     -116.351         -7.501      -105.409
21 Feb 2015 20:33:48.816     -120.545         -7.498      -105.407
21 Feb 2015 20:36:27.455     -124.748         -7.496      -105.406
21 Feb 2015 20:39:08.588     -128.962         -7.494      -105.405
21 Feb 2015 20:41:51.198     -133.169         -7.492      -105.403
21 Feb 2015 20:44:34.486     -137.362         -7.491      -105.401
21 Feb 2015 20:47:18.097     -141.543         -7.489      -105.400
21 Feb 2015 20:50:01.661     -145.716         -7.488      -105.398
21 Feb 2015 20:52:44.799     -149.882         -7.487      -105.397
21 Feb 2015 20:55:27.140     -154.045         -7.487      -105.396
21 Feb 2015 20:57:44.758     -157.597         -7.486      -105.395
21 Feb 2015 21:00:02.827     -161.190         -7.486      -105.394
21 Feb 2015 21:02:41.965     -165.377         -7.486      -105.393
21 Feb 2015 21:05:18.289     -169.550         -7.485      -105.392
21 Feb 2015 21:07:52.330     -173.732         -7.485      -105.391
21 Feb 2015 21:10:28.432     -178.056         -7.485      -105.391
21 Feb 2015 21:12:59.076      177.678         -7.485      -105.391
21 Feb 2015 21:14:44.634      174.626         -7.485      -105.391
21 Feb 2015 21:16:30.201      171.517         -7.485      -105.391
21 Feb 2015 21:19:00.349      166.987         -7.485      -105.392
21 Feb 2015 21:21:27.355      162.415         -7.485      -105.392
21 Feb 2015 21:23:51.069      157.798         -7.485      -105.393
21 Feb 2015 21:26:11.478      153.132         -7.484      -105.395
21 Feb 2015 21:28:28.614      148.411         -7.483      -105.396
21 Feb 2015 21:30:42.557      143.630         -7.482      -105.398
21 Feb 2015 21:32:53.440      138.780         -7.480      -105.400
21 Feb 2015 21:35:01.460      133.852         -7.478      -105.402
21 Feb 2015 21:37:04.288      128.940         -7.476      -105.404
21 Feb 2015 21:39:02.208      124.044         -7.473      -105.407
21 Feb 2015 21:40:55.692      119.154         -7.470      -105.409
21 Feb 2015 21:42:45.122      114.267         -7.466      -105.410
21 Feb 2015 21:44:30.825      109.379         -7.462      -105.412
21 Feb 2015 21:46:13.087      104.488         -7.457      -105.413
21 Feb 2015 21:47:52.258       99.591         -7.453      -105.414
21 Feb 2015 21:49:28.405       94.697         -7.448      -105.415
21 Feb 2015 21:51:01.848       89.802         -7.443      -105.415
21 Feb 2015 21:51:58.425       86.773         -7.440      -105.415
21 Feb 2015 21:52:54.959       83.698         -7.436      -105.415
21 Feb 2015 21:54:11.071       79.485         -7.432      -105.414
21 Feb 2015 21:55:30.716       74.988         -7.427      -105.413
21 Feb 2015 21:56:51.804       70.323         -7.422      -105.412
21 Feb 2015 21:58:13.032       65.569         -7.418      -105.410
21 Feb 2015 21:59:33.864       60.766         -7.414      -105.408
21 Feb 2015 22:00:54.109       55.937         -7.410      -105.405
21 Feb 2015 22:02:13.424       51.113         -7.406      -105.402
21 Feb 2015 22:03:30.980       46.359         -7.403      -105.400
21 Feb 2015 22:04:45.342       41.777         -7.400      -105.397
21 Feb 2015 22:05:58.239       37.272         -7.398      -105.394
21 Feb 2015 22:07:13.498       32.618         -7.396      -105.392
21 Feb 2015 22:08:27.199       28.069         -7.395      -105.390
21 Feb 2015 22:09:42.791       23.421         -7.394      -105.387
21 Feb 2015 22:11:00.555       18.670         -7.393      -105.386
21 Feb 2015 22:12:15.758       14.115         -7.393      -105.384
21 Feb 2015 22:13:32.251        9.532         -7.393      -105.383
21 Feb 2015 22:14:47.997        5.052         -7.392      -105.382
21 Feb 2015 22:16:03.438        0.654         -7.392      -105.382
21 Feb 2015 22:17:17.503       -3.595         -7.392      -105.382
21 Feb 2015 22:18:26.407       -7.481         -7.392      -105.382
21 Feb 2015 22:19:34.797      -11.272         -7.392      -105.383
21 Feb 2015 22:21:00.172      -15.908         -7.392      -105.384
21 Feb 2015 22:22:27.546      -20.538         -7.392      -105.385
21 Feb 2015 22:23:57.236      -25.168         -7.391      -105.386
21 Feb 2015 22:25:29.443      -29.797         -7.390      -105.388
21 Feb 2015 22:27:04.360      -34.423         -7.389      -105.390
21 Feb 2015 22:28:42.172      -39.045         -7.387      -105.392
21 Feb 2015 22:30:23.057      -43.662         -7.385      -105.394
21 Feb 2015 22:32:07.187      -48.271         -7.383      -105.396
21 Feb 2015 22:33:54.732      -52.872         -7.381      -105.399
21 Feb 2015 22:35:45.861      -57.464         -7.378      -105.400
21 Feb 2015 22:37:40.748      -62.046         -7.375      -105.402
21 Feb 2015 22:39:39.580      -66.620         -7.372      -105.404
21 Feb 2015 22:41:42.560      -71.188         -7.369      -105.405
21 Feb 2015 22:43:49.923      -75.755         -7.365      -105.406
21 Feb 2015 22:46:01.954      -80.325         -7.362      -105.407
21 Feb 2015 22:48:18.597      -84.895         -7.358      -105.407
21 Feb 2015 22:50:38.543      -89.422         -7.355      -105.407
21 Feb 2015 22:52:27.672      -92.854         -7.352      -105.407
21 Feb 2015 22:54:16.290      -96.192         -7.349      -105.407
21 Feb 2015 22:56:23.653     -100.015         -7.347      -105.407
21 Feb 2015 22:58:41.105     -104.040         -7.344      -105.406
21 Feb 2015 23:01:04.931     -108.154         -7.341      -105.405
21 Feb 2015 23:03:33.533     -112.311         -7.338      -105.404
21 Feb 2015 23:06:06.037     -116.491         -7.335      -105.403
21 Feb 2015 23:08:41.858     -120.686         -7.333      -105.402
21 Feb 2015 23:11:20.537     -124.891         -7.331      -105.400
21 Feb 2015 23:14:01.670     -129.107         -7.329      -105.399
21 Feb 2015 23:16:44.116     -133.313         -7.327      -105.397
21 Feb 2015 23:19:27.207     -137.504         -7.326      -105.396
21 Feb 2015 23:22:10.588     -141.685         -7.324      -105.394
21 Feb 2015 23:24:53.886     -145.858         -7.323      -105.393
21 Feb 2015 23:27:36.728     -150.024         -7.322      -105.391
21 Feb 2015 23:30:18.743     -154.188         -7.322      -105.390
21 Feb 2015 23:32:41.213     -157.875         -7.321      -105.389
21 Feb 2015 23:35:04.000     -161.602         -7.321      -105.388
21 Feb 2015 23:37:42.456     -165.786         -7.321      -105.387
21 Feb 2015 23:40:18.247     -169.962         -7.320      -105.386
21 Feb 2015 23:42:51.726     -174.148         -7.320      -105.386
21 Feb 2015 23:45:19.736     -178.265         -7.320      -105.385
21 Feb 2015 23:47:49.970      177.464         -7.320      -105.385
21 Feb 2015 23:49:44.801      174.128         -7.320      -105.385
21 Feb 2015 23:51:39.605      170.723         -7.320      -105.385
21 Feb 2015 23:54:08.866      166.183         -7.320      -105.386
21 Feb 2015 23:56:34.941      161.601         -7.320      -105.387
21 Feb 2015 23:58:57.721      156.973         -7.319      -105.388
22 Feb 2015 00:01:17.203      152.296         -7.319      -105.389
22 Feb 2015 00:03:33.428      147.563         -7.318      -105.391
22 Feb 2015 00:05:46.486      142.768         -7.317      -105.393
22 Feb 2015 00:07:56.521      137.903         -7.315      -105.395
22 Feb 2015 00:10:03.372      132.973         -7.313      -105.397
22 Feb 2015 00:12:04.919      128.067         -7.310      -105.399
22 Feb 2015 00:14:01.683      123.174         -7.307      -105.401
22 Feb 2015 00:15:54.114      118.286         -7.304      -105.403
22 Feb 2015 00:17:42.581      113.401         -7.300      -105.405
22 Feb 2015 00:19:27.398      108.514         -7.296      -105.407
22 Feb 2015 00:21:09.020      103.616         -7.292      -105.408
22 Feb 2015 00:22:47.350       98.724         -7.287      -105.409
22 Feb 2015 00:24:22.806       93.831         -7.282      -105.410
22 Feb 2015 00:25:55.619       88.938         -7.277      -105.410
22 Feb 2015 00:27:03.938       85.253         -7.273      -105.410
22 Feb 2015 00:28:12.247       81.498         -7.269      -105.409
22 Feb 2015 00:29:30.491       77.116         -7.264      -105.408
22 Feb 2015 00:30:51.064       72.515         -7.259      -105.407
22 Feb 2015 00:32:12.253       67.796         -7.255      -105.405
22 Feb 2015 00:33:33.243       63.014         -7.250      -105.403
22 Feb 2015 00:34:53.745       58.194         -7.246      -105.401
22 Feb 2015 00:36:13.462       53.366         -7.242      -105.398
22 Feb 2015 00:37:31.984       48.568         -7.239      -105.395
22 Feb 2015 00:38:47.717       43.911         -7.236      -105.393
22 Feb 2015 00:40:00.845       39.397         -7.234      -105.390
22 Feb 2015 00:41:14.739       34.828         -7.232      -105.388
22 Feb 2015 00:42:29.961       30.181         -7.230      -105.385
22 Feb 2015 00:43:43.911       25.626         -7.229      -105.383
22 Feb 2015 00:45:01.479       20.874         -7.228      -105.381
22 Feb 2015 00:46:13.446       16.499         -7.228      -105.379
22 Feb 2015 00:47:30.820       11.839         -7.228      -105.378
22 Feb 2015 00:48:46.807        7.318         -7.227      -105.377
22 Feb 2015 00:50:02.511        2.876         -7.227      -105.376
22 Feb 2015 00:51:17.545       -1.460         -7.227      -105.376
22 Feb 2015 00:52:15.515       -4.760         -7.227      -105.376
22 Feb 2015 00:53:13.638       -8.022         -7.227      -105.377
22 Feb 2015 00:54:28.779      -12.168         -7.227      -105.377
22 Feb 2015 00:55:54.605      -16.801         -7.227      -105.378
22 Feb 2015 00:57:22.524      -21.431         -7.226      -105.380
22 Feb 2015 00:58:52.805      -26.060         -7.226      -105.381
22 Feb 2015 01:00:25.646      -30.687         -7.225      -105.383
22 Feb 2015 01:02:01.238      -35.312         -7.223      -105.385
22 Feb 2015 01:03:39.764      -39.933         -7.222      -105.387
22 Feb 2015 01:05:21.400      -44.547         -7.220      -105.389
22 Feb 2015 01:07:06.317      -49.154         -7.218      -105.391
22 Feb 2015 01:08:54.684      -53.753         -7.215      -105.393
22 Feb 2015 01:10:46.669      -58.342         -7.212      -105.395
22 Feb 2015 01:12:42.448      -62.922         -7.209      -105.397
22 Feb 2015 01:14:42.208      -67.494         -7.206      -105.398
22 Feb 2015 01:16:46.160      -72.061         -7.203      -105.400
22 Feb 2015 01:18:54.544      -76.628         -7.199      -105.401
22 Feb 2015 01:21:07.657      -81.200         -7.196      -105.401
22 Feb 2015 01:23:24.972      -85.759         -7.192      -105.402
22 Feb 2015 01:25:45.579      -90.275         -7.189      -105.402
22 Feb 2015 01:27:24.159      -93.359         -7.186      -105.402
22 Feb 2015 01:29:02.268      -96.365         -7.184      -105.402
22 Feb 2015 01:31:11.781     -100.245         -7.181      -105.401
22 Feb 2015 01:33:29.676     -104.277         -7.178      -105.401
22 Feb 2015 01:35:53.868     -108.395         -7.175      -105.400
22 Feb 2015 01:38:22.745     -112.554         -7.173      -105.399
22 Feb 2015 01:40:55.459     -116.737         -7.170      -105.398
22 Feb 2015 01:43:31.435     -120.933         -7.168      -105.396
22 Feb 2015 01:46:10.217     -125.140         -7.166      -105.395
22 Feb 2015 01:48:51.406     -129.358         -7.164      -105.393
22 Feb 2015 01:51:33.708     -133.562         -7.162      -105.392
22 Feb 2015 01:54:16.615     -137.753         -7.160      -105.390
22 Feb 2015 01:56:59.767     -141.933         -7.159      -105.389
22 Feb 2015 01:59:42.793     -146.105         -7.158      -105.387
22 Feb 2015 02:02:25.322     -150.272         -7.157      -105.386
22 Feb 2015 02:05:06.987     -154.437         -7.156      -105.384
22 Feb 2015 02:07:47.433     -158.601         -7.156      -105.383
22 Feb 2015 02:10:11.918     -162.389         -7.156      -105.382
22 Feb 2015 02:12:49.608     -166.574         -7.155      -105.381
22 Feb 2015 02:15:24.660     -170.753         -7.155      -105.381
22 Feb 2015 02:17:41.558     -174.506         -7.155      -105.380
22 Feb 2015 02:19:46.430     -177.990         -7.155      -105.380
22 Feb 2015 02:22:15.689      177.761         -7.155      -105.380
22 Feb 2015 02:24:01.370      174.690         -7.155      -105.380
22 Feb 2015 02:25:47.066      171.560         -7.155      -105.380
22 Feb 2015 02:28:16.535      167.025         -7.155      -105.380
22 Feb 2015 02:30:42.863      162.448         -7.155      -105.381
22 Feb 2015 02:33:05.905      157.827         -7.154      -105.382
22 Feb 2015 02:35:25.650      153.157         -7.154      -105.384
22 Feb 2015 02:37:42.133      148.432         -7.153      -105.385
22 Feb 2015 02:39:55.436      143.647         -7.152      -105.387
22 Feb 2015 02:42:05.691      138.794         -7.150      -105.389
22 Feb 2015 02:44:13.095      133.864         -7.148      -105.391
22 Feb 2015 02:46:15.195      128.956         -7.146      -105.393
22 Feb 2015 02:48:12.454      124.063         -7.143      -105.396
22 Feb 2015 02:50:05.336      119.176         -7.139      -105.398
22 Feb 2015 02:51:54.218      114.292         -7.136      -105.399
22 Feb 2015 02:53:39.421      109.407         -7.132      -105.401
22 Feb 2015 02:55:21.228      104.519         -7.127      -105.402
22 Feb 2015 02:57:00.279       99.611         -7.122      -105.404
22 Feb 2015 02:58:36.046       94.720         -7.117      -105.404
22 Feb 2015 03:00:09.145       89.828         -7.112      -105.404
22 Feb 2015 03:01:04.717       86.845         -7.109      -105.404
22 Feb 2015 03:02:00.267       83.818         -7.106      -105.404
22 Feb 2015 03:03:16.075       79.613         -7.102      -105.403
22 Feb 2015 03:04:35.481       75.122         -7.097      -105.402
22 Feb 2015 03:05:56.398       70.461         -7.092      -105.401
22 Feb 2015 03:07:17.493       65.709         -7.088      -105.399
22 Feb 2015 03:08:38.226       60.909         -7.083      -105.397
22 Feb 2015 03:09:58.437       56.078         -7.079      -105.394
22 Feb 2015 03:11:17.703       51.256         -7.076      -105.392
22 Feb 2015 03:12:35.080       46.512         -7.072      -105.389
22 Feb 2015 03:13:49.301       41.939         -7.070      -105.386
22 Feb 2015 03:15:02.349       37.426         -7.068      -105.384
22 Feb 2015 03:16:17.979       32.752         -7.066      -105.381
22 Feb 2015 03:17:32.016       28.184         -7.065      -105.379
22 Feb 2015 03:18:48.661       23.476         -7.064      -105.377
22 Feb 2015 03:20:06.426       18.730         -7.063      -105.375
22 Feb 2015 03:21:24.602       14.003         -7.062      -105.373
22 Feb 2015 03:22:41.016        9.434         -7.062      -105.372
22 Feb 2015 03:23:56.865        4.957         -7.062      -105.371
22 Feb 2015 03:25:12.405        0.564         -7.062      -105.371
22 Feb 2015 03:26:26.476       -3.674         -7.062      -105.371
22 Feb 2015 03:27:35.037       -7.531         -7.062      -105.371
22 Feb 2015 03:28:44.616      -11.377         -7.062      -105.372
22 Feb 2015 03:30:10.241      -16.012         -7.062      -105.373
22 Feb 2015 03:31:37.891      -20.641         -7.061      -105.374
22 Feb 2015 03:33:07.875      -25.270         -7.061      -105.376
22 Feb 2015 03:34:40.392      -29.897         -7.060      -105.377
22 Feb 2015 03:36:15.633      -34.522         -7.058      -105.379
22 Feb 2015 03:37:53.782      -39.142         -7.057      -105.381
22 Feb 2015 03:39:35.016      -43.758         -7.055      -105.384
22 Feb 2015 03:41:19.504      -48.365         -7.053      -105.386
22 Feb 2015 03:43:07.414      -52.964         -7.050      -105.388
22 Feb 2015 03:44:58.915      -57.554         -7.048      -105.390
22 Feb 2015 03:46:54.181      -62.135         -7.045      -105.391
22 Feb 2015 03:48:53.395      -66.708         -7.042      -105.393
22 Feb 2015 03:50:56.761      -71.275         -7.038      -105.394
22 Feb 2015 03:53:04.515      -75.841         -7.035      -105.395
22 Feb 2015 03:55:16.939      -80.412         -7.031      -105.396
22 Feb 2015 03:57:33.729      -84.975         -7.028      -105.396
22 Feb 2015 03:59:53.802      -89.496         -7.024      -105.397
22 Feb 2015 04:01:41.260      -92.869         -7.021      -105.396
22 Feb 2015 04:03:28.190      -96.151         -7.019      -105.396
22 Feb 2015 04:05:35.849      -99.980         -7.016      -105.396
22 Feb 2015 04:07:53.374     -104.006         -7.013      -105.395
22 Feb 2015 04:10:17.267     -108.121         -7.010      -105.394
22 Feb 2015 04:12:45.893     -112.280         -7.008      -105.393
22 Feb 2015 04:15:18.377     -116.462         -7.005      -105.392
22 Feb 2015 04:17:54.130     -120.658         -7.003      -105.391
22 Feb 2015 04:20:32.691     -124.866         -7.000      -105.389
22 Feb 2015 04:23:13.657     -129.084         -6.998      -105.388
22 Feb 2015 04:25:55.722     -133.289         -6.997      -105.386
22 Feb 2015 04:28:38.392     -137.480         -6.995      -105.385
22 Feb 2015 04:31:21.308     -141.661         -6.994      -105.383
22 Feb 2015 04:34:04.103     -145.833         -6.993      -105.382
22 Feb 2015 04:36:46.405     -150.001         -6.992      -105.380
22 Feb 2015 04:39:27.849     -154.166         -6.991      -105.379
22 Feb 2015 04:42:08.084     -158.332         -6.991      -105.378
22 Feb 2015 04:44:37.976     -162.268         -6.990      -105.377
22 Feb 2015 04:47:15.213     -166.449         -6.990      -105.376
22 Feb 2015 04:49:50.023     -170.631         -6.990      -105.375
22 Feb 2015 04:52:22.477     -174.823         -6.990      -105.375
22 Feb 2015 04:54:49.358     -178.945         -6.990      -105.374
22 Feb 2015 04:57:17.734      176.797         -6.990      -105.374
22 Feb 2015 04:59:34.496      172.777         -6.990      -105.374
22 Feb 2015 05:01:43.767      168.882         -6.990      -105.375
22 Feb 2015 05:04:11.054      164.320         -6.990      -105.376
22 Feb 2015 05:06:35.093      159.715         -6.989      -105.376
22 Feb 2015 05:08:55.838      155.063         -6.989      -105.378
22 Feb 2015 05:11:13.306      150.359         -6.988      -105.379
22 Feb 2015 05:13:27.560      145.597         -6.987      -105.381
22 Feb 2015 05:15:38.713      140.771         -6.985      -105.383
22 Feb 2015 05:17:46.933      135.871         -6.984      -105.385
22 Feb 2015 05:19:50.766      130.957         -6.981      -105.387
22 Feb 2015 05:21:49.592      126.061         -6.979      -105.389
22 Feb 2015 05:23:43.897      121.174         -6.975      -105.391
22 Feb 2015 05:25:34.085      116.291         -6.972      -105.393
22 Feb 2015 05:27:20.493      111.408         -6.968      -105.395
22 Feb 2015 05:29:03.417      106.523         -6.964      -105.397
22 Feb 2015 05:30:41.343      101.724         -6.959      -105.398
22 Feb 2015 05:32:18.109       96.836         -6.954      -105.399
22 Feb 2015 05:33:52.149       91.947         -6.949      -105.399
22 Feb 2015 05:35:09.282       87.835         -6.945      -105.399
22 Feb 2015 05:36:26.425       83.633         -6.940      -105.399
22 Feb 2015 05:37:39.717       79.561         -6.936      -105.398
22 Feb 2015 05:38:59.158       75.062         -6.931      -105.397
22 Feb 2015 05:40:20.007       70.399         -6.927      -105.395
22 Feb 2015 05:41:41.032       65.647         -6.922      -105.394
22 Feb 2015 05:43:01.704       60.846         -6.918      -105.391
22 Feb 2015 05:44:21.871       56.016         -6.914      -105.389
22 Feb 2015 05:45:41.078       51.195         -6.910      -105.386
22 Feb 2015 05:46:58.282       46.461         -6.907      -105.384
22 Feb 2015 05:48:12.367       41.896         -6.904      -105.381
22 Feb 2015 05:49:25.525       37.376         -6.902      -105.378
22 Feb 2015 05:50:41.445       32.685         -6.901      -105.376
22 Feb 2015 05:51:55.632       28.110         -6.899      -105.373
22 Feb 2015 05:53:12.965       23.363         -6.898      -105.371
22 Feb 2015 05:54:30.733       18.621         -6.897      -105.369
22 Feb 2015 05:55:45.135       14.125         -6.897      -105.368
22 Feb 2015 05:57:01.537        9.559         -6.897      -105.367
22 Feb 2015 05:58:17.446        5.081         -6.897      -105.366
22 Feb 2015 05:59:33.060        0.686         -6.897      -105.366
22 Feb 2015 06:00:47.232       -3.555         -6.897      -105.366
22 Feb 2015 06:01:56.041       -7.423         -6.897      -105.366
22 Feb 2015 06:03:05.218      -11.244         -6.896      -105.366
22 Feb 2015 06:04:30.895      -15.878         -6.896      -105.367
22 Feb 2015 06:05:58.594      -20.507         -6.896      -105.369
22 Feb 2015 06:07:28.628      -25.135         -6.895      -105.370
22 Feb 2015 06:09:01.195      -29.762         -6.894      -105.372
22 Feb 2015 06:10:36.486      -34.386         -6.893      -105.374
22 Feb 2015 06:12:14.684      -39.006         -6.891      -105.376
22 Feb 2015 06:13:55.965      -43.621         -6.890      -105.378
22 Feb 2015 06:15:40.498      -48.228         -6.887      -105.380
22 Feb 2015 06:17:28.451      -52.827         -6.885      -105.382
22 Feb 2015 06:19:19.992      -57.416         -6.882      -105.384
22 Feb 2015 06:21:15.294      -61.997         -6.879      -105.386
22 Feb 2015 06:23:14.537      -66.569         -6.876      -105.388
22 Feb 2015 06:25:17.927      -71.136         -6.873      -105.389
22 Feb 2015 06:27:25.694      -75.702         -6.869      -105.390
22 Feb 2015 06:29:38.121      -80.273         -6.866      -105.391
22 Feb 2015 06:31:54.855      -84.834         -6.862      -105.391
22 Feb 2015 06:34:14.862      -89.353         -6.859      -105.391
22 Feb 2015 06:36:06.063      -92.844         -6.856      -105.391
22 Feb 2015 06:37:56.735      -96.238         -6.853      -105.391
22 Feb 2015 06:40:04.384     -100.062         -6.851      -105.391
22 Feb 2015 06:42:22.171     -104.093         -6.848      -105.390
22 Feb 2015 06:44:46.227     -108.210         -6.845      -105.389
22 Feb 2015 06:47:14.971     -112.370         -6.842      -105.388
22 Feb 2015 06:49:47.531     -116.553         -6.840      -105.387
22 Feb 2015 06:52:23.326     -120.751         -6.837      -105.386
22 Feb 2015 06:55:01.894     -124.960         -6.835      -105.384
22 Feb 2015 06:57:42.833     -129.179         -6.833      -105.383
22 Feb 2015 07:00:24.727     -133.383         -6.831      -105.381
22 Feb 2015 07:03:07.199     -137.574         -6.830      -105.380
22 Feb 2015 07:05:49.887     -141.754         -6.828      -105.378
22 Feb 2015 07:08:32.425     -145.927         -6.827      -105.377
22 Feb 2015 07:11:14.444     -150.095         -6.826      -105.375
22 Feb 2015 07:13:55.581     -154.261         -6.826      -105.374
22 Feb 2015 07:16:35.487     -158.428         -6.825      -105.373
22 Feb 2015 07:19:06.828     -162.412         -6.825      -105.372
22 Feb 2015 07:21:43.621     -166.594         -6.825      -105.371
22 Feb 2015 07:24:18.040     -170.778         -6.824      -105.370
22 Feb 2015 07:26:50.095     -174.973         -6.824      -105.369
22 Feb 2015 07:29:09.412     -178.894         -6.824      -105.369
22 Feb 2015 07:31:37.161      176.856         -6.824      -105.369
22 Feb 2015 07:33:53.732      172.831         -6.824      -105.369
22 Feb 2015 07:36:02.684      168.936         -6.824      -105.370
22 Feb 2015 07:38:29.661      164.372         -6.824      -105.370
22 Feb 2015 07:40:53.393      159.765         -6.824      -105.371
22 Feb 2015 07:43:13.834      155.111         -6.823      -105.373
22 Feb 2015 07:45:31.002      150.405         -6.822      -105.374
22 Feb 2015 07:47:44.963      145.642         -6.821      -105.376
22 Feb 2015 07:49:55.827      140.815         -6.820      -105.378
22 Feb 2015 07:52:03.763      135.914         -6.818      -105.380
22 Feb 2015 07:54:07.266      131.002         -6.816      -105.382
22 Feb 2015 07:56:05.793      126.108         -6.813      -105.384
22 Feb 2015 07:57:59.827      121.222         -6.810      -105.386
22 Feb 2015 07:59:49.768      116.341         -6.806      -105.388
22 Feb 2015 08:01:35.951      111.459         -6.802      -105.390
22 Feb 2015 08:03:18.669      106.576         -6.798      -105.391
22 Feb 2015 08:04:56.914      101.754         -6.794      -105.393
22 Feb 2015 08:06:33.501       96.867         -6.789      -105.393
22 Feb 2015 08:08:07.376       91.979         -6.784      -105.394
22 Feb 2015 08:09:24.647       87.854         -6.779      -105.394
22 Feb 2015 08:10:41.924       83.640         -6.775      -105.393
22 Feb 2015 08:11:55.085       79.570         -6.771      -105.393
22 Feb 2015 08:13:14.445       75.071         -6.766      -105.392
22 Feb 2015 08:14:35.220       70.409         -6.761      -105.390
22 Feb 2015 08:15:56.180       65.657         -6.757      -105.388
22 Feb 2015 08:17:16.799       60.857         -6.752      -105.386
22 Feb 2015 08:18:36.939       56.025         -6.748      -105.384
22 Feb 2015 08:19:56.101       51.206         -6.745      -105.381
22 Feb 2015 08:21:13.172       46.480         -6.741      -105.378
22 Feb 2015 08:22:27.171       41.920         -6.739      -105.376
22 Feb 2015 08:23:40.437       37.394         -6.737      -105.373
22 Feb 2015 08:24:56.585       32.690         -6.735      -105.371
22 Feb 2015 08:26:10.954       28.106         -6.734      -105.368
22 Feb 2015 08:27:28.314       23.359         -6.733      -105.366
22 Feb 2015 08:28:33.550       19.381         -6.732      -105.364
22 Feb 2015 08:29:43.453       15.152         -6.732      -105.363
22 Feb 2015 08:31:00.071       10.564         -6.731      -105.362
22 Feb 2015 08:32:16.069        6.072         -6.731      -105.361
22 Feb 2015 08:33:31.862        1.656         -6.731      -105.360
22 Feb 2015 08:34:46.566       -2.627         -6.731      -105.360
22 Feb 2015 08:35:48.783       -6.137         -6.731      -105.361
22 Feb 2015 08:36:51.100       -9.598         -6.731      -105.361
22 Feb 2015 08:38:12.803      -14.051         -6.731      -105.362
22 Feb 2015 08:39:39.772      -18.680         -6.730      -105.363
22 Feb 2015 08:41:08.978      -23.308         -6.730      -105.365
22 Feb 2015 08:42:40.646      -27.935         -6.729      -105.366
22 Feb 2015 08:44:14.970      -32.560         -6.728      -105.368
22 Feb 2015 08:45:52.134      -37.182         -6.727      -105.370
22 Feb 2015 08:47:32.316      -41.798         -6.725      -105.372
22 Feb 2015 08:49:15.688      -46.407         -6.723      -105.374
22 Feb 2015 08:51:02.416      -51.009         -6.720      -105.376
22 Feb 2015 08:52:52.667      -55.601         -6.718      -105.378
22 Feb 2015 08:54:46.609      -60.184         -6.715      -105.380
22 Feb 2015 08:56:44.420      -64.759         -6.712      -105.382
22 Feb 2015 08:58:46.294      -69.328         -6.709      -105.383
22 Feb 2015 09:00:52.449      -73.893         -6.705      -105.384
22 Feb 2015 09:03:03.143      -78.461         -6.702      -105.385
22 Feb 2015 09:05:18.626      -83.036         -6.698      -105.386
22 Feb 2015 09:07:37.372      -87.569         -6.695      -105.386
22 Feb 2015 09:09:59.372      -92.062         -6.691      -105.386
22 Feb 2015 09:12:15.852      -96.255         -6.688      -105.386
22 Feb 2015 09:14:19.715      -99.965         -6.685      -105.385
22 Feb 2015 09:16:37.600     -104.000         -6.682      -105.385
22 Feb 2015 09:19:01.585     -108.116         -6.679      -105.384
22 Feb 2015 09:21:30.265     -112.276         -6.677      -105.383
22 Feb 2015 09:24:02.750     -116.460         -6.674      -105.382
22 Feb 2015 09:26:38.455     -120.659         -6.672      -105.381
22 Feb 2015 09:29:16.918     -124.869         -6.669      -105.379
22 Feb 2015 09:31:57.724     -129.089         -6.667      -105.378
22 Feb 2015 09:34:39.417     -133.293         -6.666      -105.376
22 Feb 2015 09:37:21.674     -137.483         -6.664      -105.375
22 Feb 2015 09:40:04.133     -141.664         -6.663      -105.373
22 Feb 2015 09:42:46.427     -145.837         -6.662      -105.371
22 Feb 2015 09:45:28.194     -150.006         -6.661      -105.370
22 Feb 2015 09:48:09.071     -154.173         -6.660      -105.369
22 Feb 2015 09:50:48.712     -158.340         -6.660      -105.367
22 Feb 2015 09:53:21.879     -162.381         -6.659      -105.366
22 Feb 2015 09:55:54.920     -166.471         -6.659      -105.366
22 Feb 2015 09:58:29.213     -170.660         -6.659      -105.365
22 Feb 2015 10:01:01.023     -174.857         -6.659      -105.364
22 Feb 2015 10:03:20.971     -178.804         -6.659      -105.364
22 Feb 2015 10:05:48.601      176.939         -6.659      -105.364
22 Feb 2015 10:08:05.166      172.905         -6.659      -105.364
22 Feb 2015 10:10:13.430      169.022         -6.659      -105.364
22 Feb 2015 10:12:40.121      164.456         -6.659      -105.365
22 Feb 2015 10:15:03.571      159.847         -6.658      -105.366
22 Feb 2015 10:17:23.734      155.192         -6.658      -105.367
22 Feb 2015 10:19:40.629      150.485         -6.657      -105.369
22 Feb 2015 10:21:54.320      145.721         -6.656      -105.371
22 Feb 2015 10:24:04.919      140.893         -6.654      -105.373
22 Feb 2015 10:26:12.593      135.992         -6.653      -105.375
22 Feb 2015 10:28:15.807      131.082         -6.650      -105.377
22 Feb 2015 10:30:14.071      126.189         -6.648      -105.379
22 Feb 2015 10:32:07.865      121.305         -6.644      -105.381
22 Feb 2015 10:33:57.588      116.425         -6.641      -105.383
22 Feb 2015 10:35:43.573      111.545         -6.637      -105.385
22 Feb 2015 10:37:26.111      106.663         -6.633      -105.386
22 Feb 2015 10:39:05.681      101.768         -6.628      -105.388
22 Feb 2015 10:40:42.093       96.882         -6.623      -105.388
22 Feb 2015 10:42:15.796       91.996         -6.618      -105.389
22 Feb 2015 10:43:33.109       87.863         -6.614      -105.389
22 Feb 2015 10:44:50.424       83.641         -6.609      -105.388
22 Feb 2015 10:46:03.485       79.572         -6.605      -105.388
22 Feb 2015 10:47:22.767       75.073         -6.600      -105.387
22 Feb 2015 10:48:43.469       70.410         -6.595      -105.385
22 Feb 2015 10:50:04.364       65.659         -6.591      -105.383
22 Feb 2015 10:51:24.931       60.859         -6.587      -105.381
22 Feb 2015 10:52:45.042       56.027         -6.583      -105.379
22 Feb 2015 10:54:04.152       51.210         -6.579      -105.376
22 Feb 2015 10:55:21.084       46.491         -6.576      -105.373
22 Feb 2015 10:56:35.002       41.936         -6.573      -105.371
22 Feb 2015 10:57:48.390       37.404         -6.571      -105.368
22 Feb 2015 10:59:04.767       32.687         -6.569      -105.366
22 Feb 2015 11:00:19.329       28.093         -6.568      -105.363
22 Feb 2015 11:01:36.704       23.347         -6.567      -105.361
22 Feb 2015 11:02:45.596       19.150         -6.566      -105.359
22 Feb 2015 11:03:56.206       14.883         -6.566      -105.358
22 Feb 2015 11:05:12.732       10.308         -6.566      -105.357
22 Feb 2015 11:06:28.773        5.821         -6.565      -105.356
22 Feb 2015 11:07:44.595        1.412         -6.565      -105.355
22 Feb 2015 11:08:59.219       -2.857         -6.565      -105.355
22 Feb 2015 11:10:09.503       -6.810         -6.565      -105.356
22 Feb 2015 11:11:14.404      -10.398         -6.565      -105.356
22 Feb 2015 11:12:38.959      -14.980         -6.565      -105.357
22 Feb 2015 11:14:06.461      -19.608         -6.565      -105.358
22 Feb 2015 11:15:36.265      -24.236         -6.564      -105.360
22 Feb 2015 11:17:08.576      -28.862         -6.563      -105.362
22 Feb 2015 11:18:43.586      -33.485         -6.562      -105.364
22 Feb 2015 11:20:21.477      -38.105         -6.561      -105.366
22 Feb 2015 11:22:02.425      -42.719         -6.559      -105.368
22 Feb 2015 11:23:46.599      -47.327         -6.557      -105.370
22 Feb 2015 11:25:34.164      -51.926         -6.554      -105.372
22 Feb 2015 11:27:25.287      -56.515         -6.552      -105.374
22 Feb 2015 11:29:20.137      -61.096         -6.549      -105.376
22 Feb 2015 11:31:18.894      -65.669         -6.546      -105.377
22 Feb 2015 11:33:21.754      -70.236         -6.542      -105.378
22 Feb 2015 11:35:28.940      -74.801         -6.539      -105.380
22 Feb 2015 11:37:40.726      -79.370         -6.535      -105.380
22 Feb 2015 11:39:56.907      -83.934         -6.532      -105.381
22 Feb 2015 11:42:16.342      -88.456         -6.528      -105.381
22 Feb 2015 11:44:22.701      -92.434         -6.525      -105.381
22 Feb 2015 11:46:28.644      -96.296         -6.522      -105.381
22 Feb 2015 11:48:34.639     -100.066         -6.519      -105.380
22 Feb 2015 11:50:52.696     -104.102         -6.516      -105.380
22 Feb 2015 11:53:16.868     -108.221         -6.514      -105.379
22 Feb 2015 11:55:45.682     -112.382         -6.511      -105.378
22 Feb 2015 11:58:18.261     -116.568         -6.508      -105.377
22 Feb 2015 12:00:54.020     -120.768         -6.506      -105.376
22 Feb 2015 12:03:32.500     -124.979         -6.504      -105.374
22 Feb 2015 12:06:13.173     -129.198         -6.502      -105.373
22 Feb 2015 12:08:54.703     -133.401         -6.500      -105.371
22 Feb 2015 12:11:36.765     -137.591         -6.498      -105.369
22 Feb 2015 12:14:18.998     -141.771         -6.497      -105.368
22 Feb 2015 12:17:01.038     -145.945         -6.496      -105.366
22 Feb 2015 12:19:42.521     -150.114         -6.495      -105.365
22 Feb 2015 12:22:23.089     -154.281         -6.494      -105.364
22 Feb 2015 12:25:02.398     -158.450         -6.494      -105.362
22 Feb 2015 12:27:36.234     -162.519         -6.494      -105.361
22 Feb 2015 12:29:58.850     -166.340         -6.493      -105.361
22 Feb 2015 12:32:33.270     -170.540         -6.493      -105.360
22 Feb 2015 12:35:04.830     -174.739         -6.493      -105.359
22 Feb 2015 12:37:28.883     -178.811         -6.493      -105.359
22 Feb 2015 12:39:56.400      176.923         -6.493      -105.359
22 Feb 2015 12:42:12.522      172.891         -6.493      -105.359
22 Feb 2015 12:44:21.571      168.972         -6.493      -105.360
22 Feb 2015 12:46:47.884      164.403         -6.493      -105.360
22 Feb 2015 12:49:10.955      159.791         -6.493      -105.361
22 Feb 2015 12:51:30.743      155.133         -6.492      -105.362
22 Feb 2015 12:53:47.268      150.423         -6.491      -105.364
22 Feb 2015 12:56:00.597      145.656         -6.490      -105.366
22 Feb 2015 12:58:10.843      140.825         -6.489      -105.368
22 Feb 2015 13:00:18.172      135.922         -6.487      -105.370
22 Feb 2015 13:02:20.943      131.014         -6.485      -105.372
22 Feb 2015 13:04:18.806      126.123         -6.482      -105.374
22 Feb 2015 13:06:12.236      121.241         -6.479      -105.376
22 Feb 2015 13:08:01.626      116.362         -6.475      -105.378
22 Feb 2015 13:09:47.307      111.483         -6.471      -105.380
22 Feb 2015 13:11:29.567      106.603         -6.467      -105.382
22 Feb 2015 13:13:09.257      101.691         -6.462      -105.383
22 Feb 2015 13:14:45.432       96.806         -6.457      -105.383
22 Feb 2015 13:16:18.916       91.922         -6.452      -105.384
22 Feb 2015 13:17:35.706       87.810         -6.448      -105.384
22 Feb 2015 13:18:52.493       83.610         -6.443      -105.384
22 Feb 2015 13:20:05.656       79.530         -6.439      -105.383
22 Feb 2015 13:21:24.884       75.029         -6.434      -105.382
22 Feb 2015 13:22:45.520       70.365         -6.430      -105.380
22 Feb 2015 13:24:06.351       65.613         -6.425      -105.378
22 Feb 2015 13:25:26.862       60.813         -6.421      -105.376
22 Feb 2015 13:26:46.935       55.981         -6.417      -105.374
22 Feb 2015 13:28:05.977       51.166         -6.413      -105.371
22 Feb 2015 13:29:22.736       46.457         -6.410      -105.368
22 Feb 2015 13:30:36.562       41.907         -6.407      -105.366
22 Feb 2015 13:31:50.097       37.366         -6.405      -105.363
22 Feb 2015 13:33:06.634       32.641         -6.404      -105.361
22 Feb 2015 13:34:21.405       28.036         -6.402      -105.358
22 Feb 2015 13:35:38.807       23.291         -6.401      -105.356
22 Feb 2015 13:36:48.665       19.039         -6.401      -105.354
22 Feb 2015 13:37:59.569       14.759         -6.400      -105.353
22 Feb 2015 13:39:16.057       10.191         -6.400      -105.352
22 Feb 2015 13:40:32.150        5.707         -6.400      -105.351
22 Feb 2015 13:41:48.014        1.301         -6.400      -105.351
22 Feb 2015 13:43:02.614       -2.960         -6.400      -105.350
22 Feb 2015 13:44:12.647       -6.892         -6.400      -105.351
22 Feb 2015 13:45:18.816      -10.544         -6.400      -105.351
22 Feb 2015 13:46:43.925      -15.146         -6.399      -105.352
22 Feb 2015 13:48:11.616      -19.773         -6.399      -105.353
22 Feb 2015 13:49:41.626      -24.400         -6.398      -105.355
22 Feb 2015 13:51:14.157      -29.026         -6.397      -105.357
22 Feb 2015 13:52:49.398      -33.649         -6.396      -105.359
22 Feb 2015 13:54:27.531      -38.267         -6.395      -105.361
22 Feb 2015 13:56:08.731      -42.881         -6.393      -105.363
22 Feb 2015 13:57:53.165      -47.487         -6.391      -105.365
22 Feb 2015 13:59:40.999      -52.085         -6.388      -105.367
22 Feb 2015 14:01:32.398      -56.674         -6.386      -105.369
22 Feb 2015 14:03:27.531      -61.253         -6.383      -105.371
22 Feb 2015 14:05:26.577      -65.825         -6.380      -105.372
22 Feb 2015 14:07:29.732      -70.392         -6.376      -105.374
22 Feb 2015 14:09:37.222      -74.957         -6.373      -105.375
22 Feb 2015 14:11:49.319      -79.526         -6.369      -105.376
22 Feb 2015 14:14:05.658      -84.085         -6.366      -105.376
22 Feb 2015 14:16:25.241      -88.603         -6.362      -105.376
22 Feb 2015 14:18:29.824      -92.519         -6.359      -105.376
22 Feb 2015 14:20:33.964      -96.322         -6.356      -105.376
22 Feb 2015 14:22:40.488     -100.106         -6.354      -105.376
22 Feb 2015 14:24:58.683     -104.143         -6.351      -105.375
22 Feb 2015 14:27:22.967     -108.263         -6.348      -105.374
22 Feb 2015 14:29:51.851     -112.426         -6.345      -105.373
22 Feb 2015 14:32:24.467     -116.613         -6.343      -105.372
22 Feb 2015 14:35:00.234     -120.814         -6.340      -105.371
22 Feb 2015 14:37:38.692     -125.027         -6.338      -105.369
22 Feb 2015 14:40:19.216     -129.245         -6.336      -105.368
22 Feb 2015 14:43:00.574     -133.447         -6.334      -105.366
22 Feb 2015 14:45:42.435     -137.637         -6.333      -105.365
22 Feb 2015 14:48:24.443     -141.817         -6.331      -105.363
22 Feb 2015 14:51:06.234     -145.990         -6.330      -105.362
22 Feb 2015 14:53:47.445     -150.160         -6.329      -105.360
22 Feb 2015 14:56:27.724     -154.328         -6.329      -105.359
22 Feb 2015 14:59:06.724     -158.498         -6.328      -105.358
22 Feb 2015 15:01:13.508     -161.856         -6.328      -105.357
22 Feb 2015 15:03:20.692     -165.261         -6.328      -105.356
22 Feb 2015 15:05:55.933     -169.475         -6.327      -105.355
22 Feb 2015 15:08:27.787     -173.673         -6.327      -105.355
22 Feb 2015 15:10:59.078     -177.940         -6.327      -105.354
22 Feb 2015 15:13:28.082      177.760         -6.327      -105.354
22 Feb 2015 15:15:21.516      174.414         -6.327      -105.354
22 Feb 2015 15:17:14.932      170.999         -6.327      -105.354
22 Feb 2015 15:19:42.294      166.446         -6.327      -105.355
22 Feb 2015 15:22:06.487      161.852         -6.327      -105.356
22 Feb 2015 15:24:27.403      157.212         -6.327      -105.357
22 Feb 2015 15:26:45.046      152.524         -6.326      -105.358
22 Feb 2015 15:28:59.463      147.781         -6.325      -105.360
22 Feb 2015 15:31:10.747      142.978         -6.324      -105.362
22 Feb 2015 15:33:19.039      138.106         -6.322      -105.364
22 Feb 2015 15:35:23.777      133.189         -6.320      -105.366
22 Feb 2015 15:37:23.409      128.293         -6.317      -105.368
22 Feb 2015 15:39:18.436      123.409         -6.314      -105.371
22 Feb 2015 15:41:09.287      118.531         -6.311      -105.373
22 Feb 2015 15:42:56.314      113.654         -6.307      -105.374
22 Feb 2015 15:44:39.819      108.776         -6.303      -105.376
22 Feb 2015 15:46:20.073      103.895         -6.298      -105.377
22 Feb 2015 15:47:55.598       99.101         -6.294      -105.378
22 Feb 2015 15:49:30.113       94.219         -6.289      -105.379
22 Feb 2015 15:51:02.098       89.337         -6.284      -105.379
22 Feb 2015 15:52:06.616       85.836         -6.280      -105.379
22 Feb 2015 15:53:11.102       82.276         -6.276      -105.379
22 Feb 2015 15:54:28.186       77.945         -6.272      -105.378
22 Feb 2015 15:55:48.028       73.374         -6.267      -105.377
22 Feb 2015 15:57:08.760       68.673         -6.262      -105.375
22 Feb 2015 15:58:29.451       63.901         -6.258      -105.373
22 Feb 2015 15:59:49.768       59.088         -6.253      -105.371
22 Feb 2015 16:01:09.482       54.258         -6.249      -105.368
22 Feb 2015 16:02:27.828       49.471         -6.246      -105.365
22 Feb 2015 16:03:43.301       44.831         -6.243      -105.363
22 Feb 2015 16:04:56.602       40.310         -6.241      -105.360
22 Feb 2015 16:06:11.167       35.706         -6.239      -105.357
22 Feb 2015 16:07:26.702       31.046         -6.237      -105.355
22 Feb 2015 16:08:42.370       26.394         -6.236      -105.353
22 Feb 2015 16:10:00.163       21.639         -6.235      -105.351
22 Feb 2015 16:10:49.855       18.622         -6.235      -105.349
22 Feb 2015 16:11:41.492       15.506         -6.234      -105.348
22 Feb 2015 16:12:58.057       10.929         -6.234      -105.347
22 Feb 2015 16:14:14.220        6.434         -6.234      -105.346
22 Feb 2015 16:15:30.220        2.014         -6.234      -105.346
22 Feb 2015 16:16:45.190       -2.275         -6.234      -105.346
22 Feb 2015 16:17:44.978       -5.642         -6.234      -105.346
22 Feb 2015 16:18:44.890       -8.966         -6.234      -105.346
22 Feb 2015 16:20:05.406      -13.352         -6.234      -105.347
22 Feb 2015 16:21:32.392      -17.980         -6.233      -105.348
22 Feb 2015 16:23:01.596      -22.607         -6.233      -105.350
22 Feb 2015 16:24:33.251      -27.232         -6.232      -105.351
22 Feb 2015 16:26:07.550      -31.856         -6.231      -105.353
22 Feb 2015 16:27:44.676      -36.476         -6.229      -105.355
22 Feb 2015 16:29:24.805      -41.091         -6.228      -105.357
22 Feb 2015 16:31:08.108      -45.699         -6.226      -105.359
22 Feb 2015 16:32:54.749      -50.300         -6.223      -105.362
22 Feb 2015 16:34:44.893      -54.891         -6.221      -105.364
22 Feb 2015 16:36:38.706      -59.474         -6.218      -105.365
22 Feb 2015 16:38:36.361      -64.048         -6.215      -105.367
22 Feb 2015 16:40:38.047      -68.616         -6.212      -105.368
22 Feb 2015 16:42:43.975      -73.180         -6.208      -105.370
22 Feb 2015 16:44:54.395      -77.747         -6.205      -105.371
22 Feb 2015 16:47:09.522      -82.320         -6.201      -105.371
22 Feb 2015 16:49:27.884      -86.850         -6.198      -105.371
22 Feb 2015 16:51:49.469      -91.342         -6.194      -105.372
22 Feb 2015 16:53:48.262      -95.008         -6.192      -105.371
22 Feb 2015 16:55:46.761      -98.582         -6.189      -105.371
22 Feb 2015 16:58:02.068     -102.569         -6.186      -105.371
22 Feb 2015 17:00:24.270     -106.665         -6.183      -105.370
22 Feb 2015 17:02:51.545     -110.815         -6.180      -105.369
22 Feb 2015 17:05:22.811     -114.995         -6.178      -105.368
22 Feb 2015 17:07:57.406     -119.192         -6.175      -105.366
22 Feb 2015 17:10:34.837     -123.402         -6.173      -105.365
22 Feb 2015 17:13:14.683     -127.623         -6.171      -105.364
22 Feb 2015 17:15:55.584     -131.830         -6.169      -105.362
22 Feb 2015 17:18:37.099     -136.024         -6.167      -105.360
22 Feb 2015 17:21:18.878     -140.207         -6.166      -105.359
22 Feb 2015 17:24:00.560     -144.383         -6.165      -105.357
22 Feb 2015 17:26:41.780     -148.554         -6.164      -105.356
22 Feb 2015 17:29:22.189     -152.723         -6.163      -105.355
22 Feb 2015 17:32:01.437     -156.893         -6.162      -105.353
22 Feb 2015 17:34:39.197     -161.067         -6.162      -105.352
22 Feb 2015 17:37:03.732     -164.938         -6.162      -105.351
22 Feb 2015 17:39:38.197     -169.136         -6.162      -105.350
22 Feb 2015 17:42:09.966     -173.335         -6.161      -105.350
22 Feb 2015 17:44:39.506     -177.557         -6.161      -105.350
22 Feb 2015 17:47:08.104      178.153         -6.161      -105.349
22 Feb 2015 17:48:46.273      175.260         -6.161      -105.349
22 Feb 2015 17:50:24.378      172.317         -6.161      -105.350
22 Feb 2015 17:52:52.275      167.775         -6.161      -105.350
22 Feb 2015 17:55:17.077      163.190         -6.161      -105.351
22 Feb 2015 17:57:38.611      158.562         -6.161      -105.352
22 Feb 2015 17:59:56.871      153.886         -6.160      -105.353
22 Feb 2015 18:02:11.893      149.157         -6.159      -105.355
22 Feb 2015 18:04:23.755      144.370         -6.158      -105.357
22 Feb 2015 18:06:32.586      139.517         -6.157      -105.359
22 Feb 2015 18:08:38.509      134.593         -6.155      -105.361
22 Feb 2015 18:10:39.199      129.694         -6.152      -105.363
22 Feb 2015 18:12:35.175      124.809         -6.149      -105.365
22 Feb 2015 18:14:26.891      119.931         -6.146      -105.367
22 Feb 2015 18:16:14.713      115.056         -6.142      -105.369
22 Feb 2015 18:17:58.954      110.179         -6.138      -105.371
22 Feb 2015 18:19:39.891      105.301         -6.134      -105.372
22 Feb 2015 18:21:15.894      100.516         -6.129      -105.373
22 Feb 2015 18:22:50.999       95.636         -6.124      -105.374
22 Feb 2015 18:24:23.529       90.754         -6.119      -105.374
22 Feb 2015 18:25:30.498       87.141         -6.115      -105.374
22 Feb 2015 18:26:37.426       83.464         -6.111      -105.374
22 Feb 2015 18:27:52.188       79.281         -6.107      -105.373
22 Feb 2015 18:29:11.363       74.769         -6.102      -105.372
22 Feb 2015 18:30:31.897       70.098         -6.098      -105.371
22 Feb 2015 18:31:52.595       65.344         -6.093      -105.369
22 Feb 2015 18:33:12.987       60.541         -6.089      -105.367
22 Feb 2015 18:34:32.951       55.709         -6.085      -105.364
22 Feb 2015 18:35:51.777       50.902         -6.081      -105.361
22 Feb 2015 18:37:08.070       46.219         -6.078      -105.359
22 Feb 2015 18:38:21.693       41.682         -6.075      -105.356
22 Feb 2015 18:39:35.645       37.116         -6.073      -105.354
22 Feb 2015 18:40:51.927       32.410         -6.072      -105.351
22 Feb 2015 18:42:07.208       27.778         -6.070      -105.349
22 Feb 2015 18:43:24.724       23.033         -6.069      -105.347
22 Feb 2015 18:44:42.619       18.302         -6.069      -105.345
22 Feb 2015 18:45:52.800       14.079         -6.068      -105.343
22 Feb 2015 18:47:08.803        9.556         -6.068      -105.342
22 Feb 2015 18:48:25.006        5.082         -6.068      -105.341
22 Feb 2015 18:49:40.887        0.695         -6.068      -105.341
22 Feb 2015 18:50:55.201       -3.530         -6.068      -105.341
22 Feb 2015 18:52:03.705       -7.358         -6.068      -105.341
22 Feb 2015 18:53:14.424      -11.240         -6.068      -105.342
22 Feb 2015 18:54:40.627      -15.872         -6.067      -105.343
22 Feb 2015 18:56:08.895      -20.498         -6.067      -105.344
22 Feb 2015 18:57:39.531      -25.124         -6.066      -105.346
22 Feb 2015 18:59:12.730      -29.748         -6.065      -105.348
22 Feb 2015 19:00:48.679      -34.369         -6.064      -105.350
22 Feb 2015 19:02:27.556      -38.986         -6.063      -105.352
22 Feb 2015 19:04:09.533      -43.597         -6.061      -105.354
22 Feb 2015 19:05:54.776      -48.200         -6.059      -105.356
22 Feb 2015 19:07:43.450      -52.795         -6.056      -105.358
22 Feb 2015 19:09:35.716      -57.381         -6.053      -105.360
22 Feb 2015 19:11:31.745      -61.958         -6.050      -105.362
22 Feb 2015 19:13:31.717      -66.528         -6.047      -105.363
22 Feb 2015 19:15:35.829      -71.093         -6.044      -105.364
22 Feb 2015 19:17:44.312      -75.658         -6.041      -105.366
22 Feb 2015 19:19:57.445      -80.228         -6.037      -105.366
22 Feb 2015 19:22:14.378      -84.775         -6.033      -105.367
22 Feb 2015 19:24:34.533      -89.282         -6.030      -105.367
22 Feb 2015 19:26:28.041      -92.832         -6.027      -105.367
22 Feb 2015 19:28:21.015      -96.286         -6.025      -105.367
22 Feb 2015 19:30:29.163     -100.115         -6.022      -105.366
22 Feb 2015 19:32:47.461     -104.152         -6.019      -105.366
22 Feb 2015 19:35:11.866     -108.275         -6.016      -105.365
22 Feb 2015 19:37:40.820     -112.439         -6.013      -105.364
22 Feb 2015 19:40:13.451     -116.628         -6.011      -105.363
22 Feb 2015 19:42:49.183     -120.831         -6.008      -105.361
22 Feb 2015 19:45:27.554     -125.047         -6.006      -105.360
22 Feb 2015 19:48:07.766     -129.263         -6.004      -105.358
22 Feb 2015 19:50:48.767     -133.464         -6.002      -105.357
22 Feb 2015 19:53:30.227     -137.653         -6.001      -105.355
22 Feb 2015 19:56:11.789     -141.834         -5.999      -105.354
22 Feb 2015 19:58:53.093     -146.008         -5.998      -105.352
22 Feb 2015 20:01:33.781     -150.179         -5.997      -105.351
22 Feb 2015 20:04:13.501     -154.349         -5.997      -105.349
22 Feb 2015 20:06:51.918     -158.521         -5.996      -105.348
22 Feb 2015 20:09:02.194     -161.987         -5.996      -105.347
22 Feb 2015 20:11:12.750     -165.500         -5.996      -105.347
22 Feb 2015 20:13:47.107     -169.716         -5.996      -105.346
22 Feb 2015 20:16:18.228     -173.919         -5.995      -105.345
22 Feb 2015 20:18:43.757     -178.049         -5.995      -105.345
22 Feb 2015 20:21:11.716      177.656         -5.995      -105.345
22 Feb 2015 20:23:09.886      174.147         -5.995      -105.345
22 Feb 2015 20:25:08.034      170.561         -5.995      -105.345
22 Feb 2015 20:27:34.425      166.000         -5.995      -105.346
22 Feb 2015 20:29:57.627      161.396         -5.995      -105.347
22 Feb 2015 20:32:17.557      156.748         -5.995      -105.348
22 Feb 2015 20:34:34.226      152.050         -5.994      -105.349
22 Feb 2015 20:36:47.687      147.297         -5.993      -105.351
22 Feb 2015 20:38:58.039      142.483         -5.992      -105.353
22 Feb 2015 20:41:05.431      137.601         -5.990      -105.355
22 Feb 2015 20:43:08.875      132.690         -5.988      -105.357
22 Feb 2015 20:45:07.337      127.800         -5.985      -105.359
22 Feb 2015 20:47:01.306      122.920         -5.982      -105.362
22 Feb 2015 20:48:51.192      118.045         -5.979      -105.364
22 Feb 2015 20:50:37.335      113.171         -5.975      -105.365
22 Feb 2015 20:52:20.031      108.295         -5.971      -105.367
22 Feb 2015 20:53:59.544      103.417         -5.966      -105.368
22 Feb 2015 20:55:34.405       98.626         -5.961      -105.369
22 Feb 2015 20:57:08.301       93.747         -5.956      -105.370
22 Feb 2015 20:58:39.724       88.867         -5.951      -105.370
22 Feb 2015 20:59:48.021       85.141         -5.947      -105.370
22 Feb 2015 21:00:56.279       81.350         -5.943      -105.369
22 Feb 2015 21:02:14.035       76.953         -5.938      -105.368
22 Feb 2015 21:03:34.063       72.345         -5.934      -105.367
22 Feb 2015 21:04:54.711       67.625         -5.929      -105.365
22 Feb 2015 21:06:15.224       62.842         -5.925      -105.363
22 Feb 2015 21:07:35.381       58.021         -5.920      -105.361
22 Feb 2015 21:08:54.800       53.196         -5.917      -105.358
22 Feb 2015 21:10:12.389       48.446         -5.913      -105.356
22 Feb 2015 21:11:26.967       43.857         -5.911      -105.353
22 Feb 2015 21:12:40.360       39.329         -5.908      -105.350
22 Feb 2015 21:13:56.114       34.653         -5.906      -105.348
22 Feb 2015 21:15:11.406       30.015         -5.905      -105.345
22 Feb 2015 21:16:28.650       25.276         -5.904      -105.343
22 Feb 2015 21:17:46.508       20.531         -5.903      -105.341
22 Feb 2015 21:18:32.393       17.754         -5.902      -105.340
22 Feb 2015 21:19:19.393       14.927         -5.902      -105.339
22 Feb 2015 21:20:35.899       10.368         -5.902      -105.338
22 Feb 2015 21:21:52.167        5.883         -5.902      -105.337
22 Feb 2015 21:23:08.218        1.478         -5.902      -105.337
22 Feb 2015 21:24:23.007       -2.782         -5.902      -105.337
22 Feb 2015 21:25:33.285       -6.717         -5.902      -105.337
22 Feb 2015 21:26:39.300      -10.349         -5.902      -105.337
22 Feb 2015 21:28:04.494      -14.942         -5.901      -105.338
22 Feb 2015 21:29:32.430      -19.568         -5.901      -105.340
22 Feb 2015 21:31:02.696      -24.194         -5.900      -105.341
22 Feb 2015 21:32:35.492      -28.818         -5.899      -105.343
22 Feb 2015 21:34:11.005      -33.439         -5.898      -105.345
22 Feb 2015 21:35:49.417      -38.056         -5.897      -105.347
22 Feb 2015 21:37:30.898      -42.667         -5.895      -105.349
22 Feb 2015 21:39:15.615      -47.272         -5.893      -105.351
22 Feb 2015 21:41:03.731      -51.868         -5.891      -105.353
22 Feb 2015 21:42:55.410      -56.455         -5.888      -105.355
22 Feb 2015 21:44:50.817      -61.033         -5.885      -105.357
22 Feb 2015 21:46:50.128      -65.604         -5.882      -105.358
22 Feb 2015 21:48:53.538      -70.169         -5.879      -105.360
22 Feb 2015 21:51:01.266      -74.733         -5.875      -105.361
22 Feb 2015 21:53:13.581      -79.302         -5.872      -105.362
22 Feb 2015 21:55:29.910      -83.854         -5.868      -105.362
22 Feb 2015 21:57:49.454      -88.366         -5.865      -105.362
22 Feb 2015 21:59:57.723      -92.393         -5.861      -105.362
22 Feb 2015 22:02:05.606      -96.306         -5.858      -105.362
22 Feb 2015 22:04:11.850     -100.076         -5.856      -105.362
22 Feb 2015 22:06:30.259     -104.116         -5.853      -105.361
22 Feb 2015 22:08:54.674     -108.239         -5.850      -105.360
22 Feb 2015 22:11:23.621     -112.405         -5.847      -105.359
22 Feb 2015 22:13:56.230     -116.594         -5.844      -105.358
22 Feb 2015 22:16:31.917     -120.798         -5.842      -105.357
22 Feb 2015 22:19:10.221     -125.015         -5.840      -105.355
22 Feb 2015 22:21:50.269     -129.231         -5.838      -105.354
22 Feb 2015 22:24:31.088     -133.431         -5.836      -105.352
22 Feb 2015 22:27:12.346     -137.621         -5.835      -105.351
22 Feb 2015 22:29:53.689     -141.801         -5.833      -105.349
22 Feb 2015 22:32:34.757     -145.975         -5.832      -105.348
22 Feb 2015 22:35:15.193     -150.147         -5.831      -105.346
22 Feb 2015 22:37:54.651     -154.318         -5.831      -105.345
22 Feb 2015 22:40:32.795     -158.491         -5.830      -105.344
22 Feb 2015 22:42:50.742     -162.170         -5.830      -105.343
22 Feb 2015 22:45:08.878     -165.900         -5.830      -105.342
22 Feb 2015 22:47:42.432     -170.110         -5.829      -105.341
22 Feb 2015 22:50:06.164     -174.124         -5.829      -105.341
22 Feb 2015 22:52:34.743     -178.357         -5.829      -105.340
22 Feb 2015 22:55:02.047      177.348         -5.829      -105.340
22 Feb 2015 22:57:18.539      173.269         -5.829      -105.340
22 Feb 2015 22:59:23.379      169.446         -5.829      -105.341
22 Feb 2015 23:01:48.667      164.871         -5.829      -105.341
22 Feb 2015 23:04:10.734      160.255         -5.829      -105.342
22 Feb 2015 23:06:29.531      155.592         -5.828      -105.344
22 Feb 2015 23:08:45.081      150.879         -5.827      -105.345
22 Feb 2015 23:10:57.450      146.110         -5.826      -105.347
22 Feb 2015 23:13:06.747      141.278         -5.825      -105.349
22 Feb 2015 23:15:13.134      136.377         -5.823      -105.351
22 Feb 2015 23:17:14.931      131.474         -5.821      -105.353
22 Feb 2015 23:19:11.906      126.588         -5.818      -105.355
22 Feb 2015 23:21:04.528      121.712         -5.815      -105.358
22 Feb 2015 23:22:53.183      116.838         -5.811      -105.360
22 Feb 2015 23:24:38.196      111.965         -5.808      -105.361
22 Feb 2015 23:26:19.851      107.090         -5.803      -105.363
22 Feb 2015 23:27:58.405      102.214         -5.799      -105.364
22 Feb 2015 23:29:34.525       97.314         -5.794      -105.365
22 Feb 2015 23:31:07.577       92.435         -5.789      -105.365
22 Feb 2015 23:32:27.175       88.158         -5.784      -105.365
22 Feb 2015 23:33:46.757       83.789         -5.779      -105.365
22 Feb 2015 23:34:58.470       79.775         -5.775      -105.365
22 Feb 2015 23:36:17.296       75.283         -5.770      -105.363
22 Feb 2015 23:37:37.619       70.625         -5.766      -105.362
22 Feb 2015 23:38:58.210       65.878         -5.761      -105.360
22 Feb 2015 23:40:18.551       61.080         -5.757      -105.358
22 Feb 2015 23:41:38.559       56.246         -5.753      -105.356
22 Feb 2015 23:42:57.425       51.439         -5.749      -105.353
22 Feb 2015 23:44:13.785       46.754         -5.746      -105.350
22 Feb 2015 23:45:27.509       42.212         -5.743      -105.348
22 Feb 2015 23:46:41.548       37.642         -5.741      -105.345
22 Feb 2015 23:47:57.957       32.929         -5.739      -105.342
22 Feb 2015 23:49:13.539       28.281         -5.738      -105.340
22 Feb 2015 23:50:31.068       23.537         -5.737      -105.338
22 Feb 2015 23:51:48.995       18.806         -5.736      -105.336
22 Feb 2015 23:53:01.810       14.427         -5.736      -105.334
22 Feb 2015 23:54:07.823       10.498         -5.736      -105.333
22 Feb 2015 23:55:24.191        6.010         -5.735      -105.333
22 Feb 2015 23:56:40.312        1.604         -5.735      -105.332
22 Feb 2015 23:57:55.196       -2.659         -5.735      -105.332
22 Feb 2015 23:59:05.683       -6.603         -5.735      -105.332
23 Feb 2015 00:00:11.125      -10.202         -5.735      -105.333
23 Feb 2015 00:01:36.163      -14.784         -5.735      -105.334
23 Feb 2015 00:03:04.139      -19.410         -5.735      -105.335
23 Feb 2015 00:04:34.443      -24.034         -5.734      -105.337
23 Feb 2015 00:06:07.276      -28.658         -5.733      -105.338
23 Feb 2015 00:07:42.826      -33.278         -5.732      -105.340
23 Feb 2015 00:09:21.272      -37.895         -5.731      -105.342
23 Feb 2015 00:11:02.785      -42.506         -5.729      -105.345
23 Feb 2015 00:12:47.532      -47.110         -5.727      -105.347
23 Feb 2015 00:14:35.675      -51.705         -5.724      -105.349
23 Feb 2015 00:16:27.375      -56.292         -5.722      -105.351
23 Feb 2015 00:18:22.799      -60.870         -5.719      -105.352
23 Feb 2015 00:20:22.121      -65.440         -5.716      -105.354
23 Feb 2015 00:22:25.533      -70.005         -5.712      -105.355
23 Feb 2015 00:24:33.254      -74.569         -5.709      -105.356
23 Feb 2015 00:26:45.549      -79.137         -5.706      -105.357
23 Feb 2015 00:29:01.814      -83.688         -5.702      -105.358
23 Feb 2015 00:31:21.284      -88.199         -5.698      -105.358
23 Feb 2015 00:33:43.908      -92.672         -5.695      -105.358
23 Feb 2015 00:35:54.472      -96.656         -5.692      -105.358
23 Feb 2015 00:38:02.252     -100.462         -5.689      -105.357
23 Feb 2015 00:40:21.426     -104.514         -5.686      -105.357
23 Feb 2015 00:42:46.383     -108.643         -5.683      -105.356
23 Feb 2015 00:45:15.746     -112.813         -5.681      -105.355
23 Feb 2015 00:47:48.679     -117.005         -5.678      -105.354
23 Feb 2015 00:50:24.617     -121.212         -5.676      -105.352
23 Feb 2015 00:53:03.105     -125.431         -5.673      -105.351
23 Feb 2015 00:55:43.084     -129.644         -5.672      -105.349
23 Feb 2015 00:58:23.784     -133.843         -5.670      -105.348
23 Feb 2015 01:01:04.866     -138.031         -5.668      -105.346
23 Feb 2015 01:03:45.976     -142.211         -5.667      -105.345
23 Feb 2015 01:06:26.759     -146.385         -5.666      -105.343
23 Feb 2015 01:09:06.857     -150.557         -5.665      -105.342
23 Feb 2015 01:11:45.928     -154.729         -5.664      -105.340
23 Feb 2015 01:14:23.642     -158.904         -5.664      -105.339
23 Feb 2015 01:16:42.083     -162.609         -5.664      -105.338
23 Feb 2015 01:19:00.690     -166.367         -5.663      -105.338
23 Feb 2015 01:21:33.669     -170.580         -5.663      -105.337
23 Feb 2015 01:24:02.300     -174.751         -5.663      -105.336
23 Feb 2015 01:26:29.982     -178.984         -5.663      -105.336
23 Feb 2015 01:28:55.856      176.736         -5.663      -105.336
23 Feb 2015 01:31:09.042      172.732         -5.663      -105.336
23 Feb 2015 01:33:23.041      168.598         -5.663      -105.337
23 Feb 2015 01:35:47.412      164.013         -5.663      -105.337
23 Feb 2015 01:38:08.540      159.386         -5.662      -105.338
23 Feb 2015 01:40:26.404      154.712         -5.662      -105.340
23 Feb 2015 01:42:41.034      149.987         -5.661      -105.341
23 Feb 2015 01:44:52.505      145.204         -5.660      -105.343
23 Feb 2015 01:47:00.937      140.358         -5.658      -105.345
23 Feb 2015 01:49:06.503      135.441         -5.656      -105.347
23 Feb 2015 01:51:06.999      130.544         -5.654      -105.349
23 Feb 2015 01:53:02.795      125.662         -5.651      -105.352
23 Feb 2015 01:54:54.346      120.788         -5.648      -105.354
23 Feb 2015 01:56:42.021      115.917         -5.644      -105.356
23 Feb 2015 01:58:26.133      111.045         -5.640      -105.357
23 Feb 2015 02:00:06.960      106.171         -5.636      -105.359
23 Feb 2015 02:01:44.753      101.295         -5.631      -105.360
23 Feb 2015 02:03:19.749       96.419         -5.626      -105.361
23 Feb 2015 02:04:52.169       91.542         -5.621      -105.361
23 Feb 2015 02:06:06.123       87.547         -5.617      -105.361
23 Feb 2015 02:07:20.044       83.474         -5.613      -105.361
23 Feb 2015 02:08:33.633       79.344         -5.608      -105.360
23 Feb 2015 02:09:52.591       74.832         -5.604      -105.359
23 Feb 2015 02:11:12.915       70.163         -5.599      -105.358
23 Feb 2015 02:12:33.439       65.409         -5.594      -105.356
23 Feb 2015 02:13:53.703       60.607         -5.590      -105.353
23 Feb 2015 02:15:13.594       55.775         -5.586      -105.351
23 Feb 2015 02:16:32.209       50.977         -5.582      -105.348
23 Feb 2015 02:17:48.122       46.317         -5.579      -105.346
23 Feb 2015 02:19:01.703       41.783         -5.577      -105.343
23 Feb 2015 02:20:16.157       37.188         -5.575      -105.340
23 Feb 2015 02:21:32.294       32.494         -5.573      -105.338
23 Feb 2015 02:22:48.282       27.825         -5.572      -105.336
23 Feb 2015 02:24:05.963       23.078         -5.571      -105.333
23 Feb 2015 02:25:23.977       18.348         -5.570      -105.331
23 Feb 2015 02:26:35.894       14.030         -5.569      -105.330
23 Feb 2015 02:27:41.120       10.156         -5.569      -105.329
23 Feb 2015 02:28:57.550        5.674         -5.569      -105.328
23 Feb 2015 02:30:13.679        1.277         -5.569      -105.328
23 Feb 2015 02:31:28.422       -2.968         -5.569      -105.328
23 Feb 2015 02:32:38.193       -6.862         -5.569      -105.328
23 Feb 2015 02:33:46.388      -10.601         -5.569      -105.329
23 Feb 2015 02:35:12.645      -15.232         -5.569      -105.330
23 Feb 2015 02:36:40.947      -19.857         -5.568      -105.331
23 Feb 2015 02:38:11.610      -24.482         -5.568      -105.333
23 Feb 2015 02:39:44.826      -29.104         -5.567      -105.334
23 Feb 2015 02:41:20.782      -33.724         -5.566      -105.336
23 Feb 2015 02:42:59.656      -38.339         -5.564      -105.338
23 Feb 2015 02:44:41.617      -42.949         -5.562      -105.341
23 Feb 2015 02:46:26.830      -47.551         -5.560      -105.343
23 Feb 2015 02:48:15.457      -52.145         -5.558      -105.345
23 Feb 2015 02:50:07.658      -56.730         -5.555      -105.347
23 Feb 2015 02:52:03.599      -61.307         -5.552      -105.348
23 Feb 2015 02:54:03.456      -65.876         -5.549      -105.350
23 Feb 2015 02:56:07.422      -70.440         -5.546      -105.351
23 Feb 2015 02:58:15.718      -75.004         -5.542      -105.352
23 Feb 2015 03:00:28.616      -79.573         -5.539      -105.353
23 Feb 2015 03:02:45.238      -84.117         -5.535      -105.354
23 Feb 2015 03:05:05.054      -88.621         -5.532      -105.354
23 Feb 2015 03:07:10.274      -92.542         -5.529      -105.354
23 Feb 2015 03:09:15.056      -96.352         -5.526      -105.354
23 Feb 2015 03:11:22.257     -100.146         -5.523      -105.353
23 Feb 2015 03:13:40.924     -104.190         -5.520      -105.353
23 Feb 2015 03:16:05.540     -108.315         -5.517      -105.352
23 Feb 2015 03:18:34.619     -112.483         -5.514      -105.351
23 Feb 2015 03:21:07.296     -116.675         -5.512      -105.349
23 Feb 2015 03:23:42.993     -120.882         -5.509      -105.348
23 Feb 2015 03:26:21.250     -125.101         -5.507      -105.347
23 Feb 2015 03:29:01.007     -129.315         -5.505      -105.345
23 Feb 2015 03:31:41.487     -133.515         -5.504      -105.344
23 Feb 2015 03:34:22.355     -137.704         -5.502      -105.342
23 Feb 2015 03:37:03.258     -141.884         -5.501      -105.341
23 Feb 2015 03:39:43.841     -146.059         -5.500      -105.339
23 Feb 2015 03:42:23.751     -150.232         -5.499      -105.338
23 Feb 2015 03:45:02.647     -154.404         -5.498      -105.336
23 Feb 2015 03:47:40.198     -158.580         -5.498      -105.335
23 Feb 2015 03:50:16.099     -162.761         -5.497      -105.334
23 Feb 2015 03:52:40.443     -166.687         -5.497      -105.333
23 Feb 2015 03:55:12.732     -170.896         -5.497      -105.333
23 Feb 2015 03:57:33.673     -174.866         -5.497      -105.332
23 Feb 2015 04:00:01.346     -179.112         -5.497      -105.332
23 Feb 2015 04:02:26.687      176.609         -5.497      -105.332
23 Feb 2015 04:04:38.742      172.624         -5.497      -105.332
23 Feb 2015 04:06:54.726      168.413         -5.497      -105.332
23 Feb 2015 04:09:18.639      163.825         -5.496      -105.333
23 Feb 2015 04:11:39.307      159.193         -5.496      -105.334
23 Feb 2015 04:13:56.714      154.515         -5.496      -105.336
23 Feb 2015 04:16:10.895      149.786         -5.495      -105.337
23 Feb 2015 04:18:21.928      144.999         -5.494      -105.339
23 Feb 2015 04:20:29.934      140.149         -5.492      -105.341
23 Feb 2015 04:22:35.038      135.229         -5.490      -105.343
23 Feb 2015 04:24:34.976      130.334         -5.488      -105.345
23 Feb 2015 04:26:30.267      125.455         -5.485      -105.348
23 Feb 2015 04:28:21.359      120.582         -5.482      -105.350
23 Feb 2015 04:30:08.614      115.712         -5.478      -105.352
23 Feb 2015 04:31:52.342      110.841         -5.474      -105.353
23 Feb 2015 04:33:32.816      105.968         -5.469      -105.355
23 Feb 2015 04:35:10.286      101.094         -5.465      -105.356
23 Feb 2015 04:36:45.003       96.218         -5.460      -105.357
23 Feb 2015 04:38:17.155       91.343         -5.455      -105.357
23 Feb 2015 04:39:29.555       87.423         -5.451      -105.357
23 Feb 2015 04:40:41.914       83.430         -5.446      -105.357
23 Feb 2015 04:41:55.761       79.280         -5.442      -105.356
23 Feb 2015 04:43:14.680       74.764         -5.437      -105.355
23 Feb 2015 04:44:34.950       70.093         -5.432      -105.353
23 Feb 2015 04:45:55.416       65.339         -5.428      -105.351
23 Feb 2015 04:47:15.634       60.537         -5.423      -105.349
23 Feb 2015 04:48:35.482       55.704         -5.419      -105.347
23 Feb 2015 04:49:53.979       50.912         -5.416      -105.344
23 Feb 2015 04:51:09.710       46.262         -5.413      -105.341
23 Feb 2015 04:52:23.280       41.729         -5.410      -105.339
23 Feb 2015 04:53:37.967       37.121         -5.408      -105.336
23 Feb 2015 04:54:54.054       32.431         -5.407      -105.334
23 Feb 2015 04:56:10.320       27.747         -5.405      -105.331
23 Feb 2015 04:57:28.089       22.998         -5.404      -105.329
23 Feb 2015 04:58:46.161       18.268         -5.403      -105.327
23 Feb 2015 04:59:47.011       14.616         -5.403      -105.326
23 Feb 2015 05:00:48.168       10.979         -5.403      -105.325
23 Feb 2015 05:02:04.681        6.485         -5.403      -105.324
23 Feb 2015 05:03:20.965        2.071         -5.403      -105.324
23 Feb 2015 05:04:36.139       -2.207         -5.403      -105.324
23 Feb 2015 05:05:38.191       -5.681         -5.403      -105.324
23 Feb 2015 05:06:40.345       -9.107         -5.403      -105.324
23 Feb 2015 05:08:02.303      -13.537         -5.402      -105.325
23 Feb 2015 05:09:29.931      -18.163         -5.402      -105.326
23 Feb 2015 05:10:59.827      -22.788         -5.402      -105.328
23 Feb 2015 05:12:32.213      -27.410         -5.401      -105.330
23 Feb 2015 05:14:07.277      -32.031         -5.400      -105.332
23 Feb 2015 05:15:45.199      -36.647         -5.398      -105.334
23 Feb 2015 05:17:26.151      -41.259         -5.397      -105.336
23 Feb 2015 05:19:10.297      -45.863         -5.395      -105.338
23 Feb 2015 05:20:57.800      -50.459         -5.392      -105.340
23 Feb 2015 05:22:48.820      -55.047         -5.390      -105.342
23 Feb 2015 05:24:43.519      -59.626         -5.387      -105.344
23 Feb 2015 05:26:42.069      -64.197         -5.384      -105.345
23 Feb 2015 05:28:44.653      -68.762         -5.381      -105.347
23 Feb 2015 05:30:51.481      -73.325         -5.377      -105.348
23 Feb 2015 05:33:02.799      -77.891         -5.374      -105.349
23 Feb 2015 05:35:18.300      -82.447         -5.370      -105.349
23 Feb 2015 05:37:36.988      -86.963         -5.367      -105.350
23 Feb 2015 05:39:58.826      -91.442         -5.363      -105.350
23 Feb 2015 05:41:59.133      -95.140         -5.360      -105.350
23 Feb 2015 05:43:59.144      -98.746         -5.358      -105.349
23 Feb 2015 05:46:15.241     -102.745         -5.355      -105.349
23 Feb 2015 05:48:38.019     -106.849         -5.352      -105.348
23 Feb 2015 05:51:05.679     -111.005         -5.349      -105.347
23 Feb 2015 05:53:37.172     -115.191         -5.346      -105.346
23 Feb 2015 05:56:11.846     -119.394         -5.344      -105.345
23 Feb 2015 05:58:49.208     -123.610         -5.342      -105.343
23 Feb 2015 06:01:28.490     -127.830         -5.340      -105.342
23 Feb 2015 06:04:08.584     -132.033         -5.338      -105.340
23 Feb 2015 06:06:49.168     -136.225         -5.336      -105.339
23 Feb 2015 06:09:29.891     -140.409         -5.335      -105.337
23 Feb 2015 06:12:10.398     -144.586         -5.334      -105.335
23 Feb 2015 06:14:50.340     -148.759         -5.333      -105.334
23 Feb 2015 06:17:29.368     -152.932         -5.332      -105.333
23 Feb 2015 06:20:07.155     -157.108         -5.331      -105.331
23 Feb 2015 06:22:43.384     -161.288         -5.331      -105.330
23 Feb 2015 06:24:16.036     -163.793         -5.331      -105.330
23 Feb 2015 06:25:49.190     -166.336         -5.330      -105.329
23 Feb 2015 06:28:23.535     -170.607         -5.330      -105.328
23 Feb 2015 06:30:57.478     -174.952         -5.330      -105.328
23 Feb 2015 06:33:24.232     -179.184         -5.330      -105.328
23 Feb 2015 06:35:49.093      176.538         -5.330      -105.328
23 Feb 2015 06:38:00.299      172.566         -5.330      -105.328
23 Feb 2015 06:40:17.563      168.302         -5.330      -105.328
23 Feb 2015 06:42:41.071      163.710         -5.330      -105.329
23 Feb 2015 06:45:01.334      159.075         -5.330      -105.330
23 Feb 2015 06:47:18.340      154.393         -5.329      -105.331
23 Feb 2015 06:49:32.126      149.660         -5.328      -105.333
23 Feb 2015 06:51:42.772      144.870         -5.327      -105.335
23 Feb 2015 06:53:50.401      140.016         -5.325      -105.337
23 Feb 2015 06:55:54.982      135.100         -5.323      -105.339
23 Feb 2015 06:57:54.450      130.207         -5.321      -105.341
23 Feb 2015 06:59:49.315      125.329         -5.318      -105.344
23 Feb 2015 07:01:40.020      120.458         -5.315      -105.346
23 Feb 2015 07:03:26.922      115.589         -5.311      -105.348
23 Feb 2015 07:05:10.326      110.720         -5.307      -105.349
23 Feb 2015 07:06:50.504      105.849         -5.303      -105.351
23 Feb 2015 07:08:27.703      100.976         -5.298      -105.352
23 Feb 2015 07:10:02.249       96.097         -5.293      -105.353
23 Feb 2015 07:11:34.177       91.223         -5.288      -105.353
23 Feb 2015 07:12:45.552       87.352         -5.284      -105.353
23 Feb 2015 07:13:56.886       83.410         -5.280      -105.353
23 Feb 2015 07:15:10.851       79.248         -5.275      -105.352
23 Feb 2015 07:16:29.716       74.731         -5.271      -105.351
23 Feb 2015 07:17:49.928       70.059         -5.266      -105.349
23 Feb 2015 07:19:10.338       65.304         -5.261      -105.347
23 Feb 2015 07:20:30.513       60.501         -5.257      -105.345
23 Feb 2015 07:21:50.322       55.668         -5.253      -105.343
23 Feb 2015 07:23:08.709       50.882         -5.249      -105.340
23 Feb 2015 07:24:24.287       46.241         -5.246      -105.337
23 Feb 2015 07:25:37.868       41.707         -5.244      -105.335
23 Feb 2015 07:26:52.776       37.086         -5.242      -105.332
23 Feb 2015 07:28:08.848       32.399         -5.240      -105.330
23 Feb 2015 07:29:25.376       27.701         -5.239      -105.327
23 Feb 2015 07:30:43.229       22.950         -5.238      -105.325
23 Feb 2015 07:32:01.358       18.221         -5.237      -105.323
23 Feb 2015 07:32:54.146       15.053         -5.237      -105.322
23 Feb 2015 07:33:47.313       11.888         -5.236      -105.321
23 Feb 2015 07:35:03.917        7.380         -5.236      -105.320
23 Feb 2015 07:36:20.337        2.949         -5.236      -105.320
23 Feb 2015 07:37:35.902       -1.362         -5.236      -105.320
23 Feb 2015 07:38:22.792       -3.998         -5.236      -105.320
23 Feb 2015 07:39:09.913       -6.617         -5.236      -105.320
23 Feb 2015 07:40:24.915      -10.720         -5.236      -105.321
23 Feb 2015 07:41:50.586      -15.305         -5.236      -105.322
23 Feb 2015 07:43:19.162      -19.930         -5.235      -105.323
23 Feb 2015 07:44:50.109      -24.553         -5.235      -105.325
23 Feb 2015 07:46:23.625      -29.174         -5.234      -105.326
23 Feb 2015 07:47:59.894      -33.793         -5.233      -105.328
23 Feb 2015 07:49:39.091      -38.407         -5.231      -105.330
23 Feb 2015 07:51:21.386      -43.015         -5.229      -105.332
23 Feb 2015 07:53:06.941      -47.616         -5.227      -105.335
23 Feb 2015 07:54:55.915      -52.208         -5.225      -105.337
23 Feb 2015 07:56:48.468      -56.791         -5.222      -105.339
23 Feb 2015 07:58:44.766      -61.366         -5.219      -105.340
23 Feb 2015 08:00:44.980      -65.934         -5.216      -105.342
23 Feb 2015 08:02:49.305      -70.497         -5.213      -105.343
23 Feb 2015 08:04:57.962      -75.060         -5.209      -105.344
23 Feb 2015 08:07:11.217      -79.630         -5.206      -105.345
23 Feb 2015 08:09:27.982      -84.168         -5.202      -105.346
23 Feb 2015 08:11:47.922      -88.666         -5.199      -105.346
23 Feb 2015 08:13:52.867      -92.572         -5.196      -105.346
23 Feb 2015 08:15:57.365      -96.368         -5.193      -105.345
23 Feb 2015 08:18:04.928     -100.169         -5.190      -105.345
23 Feb 2015 08:20:23.791     -104.215         -5.187      -105.344
23 Feb 2015 08:22:48.549     -108.343         -5.184      -105.344
23 Feb 2015 08:25:17.711     -112.513         -5.181      -105.343
23 Feb 2015 08:27:50.419     -116.706         -5.179      -105.341
23 Feb 2015 08:30:26.092     -120.916         -5.176      -105.340
23 Feb 2015 08:33:04.271     -125.138         -5.174      -105.339
23 Feb 2015 08:35:43.730     -129.350         -5.172      -105.337
23 Feb 2015 08:38:23.867     -133.549         -5.171      -105.336
23 Feb 2015 08:41:04.347     -137.737         -5.169      -105.334
23 Feb 2015 08:43:44.818     -141.918         -5.168      -105.332
23 Feb 2015 08:46:24.928     -146.094         -5.167      -105.331
23 Feb 2015 08:49:04.328     -150.268         -5.166      -105.330
23 Feb 2015 08:51:42.680     -154.442         -5.165      -105.328
23 Feb 2015 08:54:19.661     -158.620         -5.165      -105.327
23 Feb 2015 08:56:54.972     -162.804         -5.164      -105.326
23 Feb 2015 08:59:22.817     -166.845         -5.164      -105.325
23 Feb 2015 09:01:10.828     -169.840         -5.164      -105.325
23 Feb 2015 09:02:58.456     -172.864         -5.164      -105.324
23 Feb 2015 09:05:28.342     -177.152         -5.164      -105.324
23 Feb 2015 09:07:54.923      178.557         -5.164      -105.324
23 Feb 2015 09:09:16.571      176.121         -5.164      -105.324
23 Feb 2015 09:10:38.175      173.649         -5.164      -105.324
23 Feb 2015 09:13:00.780      169.235         -5.164      -105.324
23 Feb 2015 09:15:24.625      164.649         -5.163      -105.325
23 Feb 2015 09:17:45.229      160.021         -5.163      -105.326
23 Feb 2015 09:20:02.577      155.347         -5.163      -105.327
23 Feb 2015 09:22:16.699      150.622         -5.162      -105.329
23 Feb 2015 09:24:27.667      145.842         -5.161      -105.331
23 Feb 2015 09:26:35.596      141.000         -5.159      -105.333
23 Feb 2015 09:28:40.650      136.089         -5.157      -105.335
23 Feb 2015 09:30:40.761      131.194         -5.155      -105.337
23 Feb 2015 09:32:36.204      126.316         -5.152      -105.339
23 Feb 2015 09:34:27.433      121.445         -5.149      -105.341
23 Feb 2015 09:36:14.817      116.577         -5.145      -105.343
23 Feb 2015 09:37:58.667      111.709         -5.142      -105.345
23 Feb 2015 09:39:39.259      106.840         -5.137      -105.347
23 Feb 2015 09:41:16.843      101.969         -5.132      -105.348
23 Feb 2015 09:42:49.944       97.186         -5.128      -105.349
23 Feb 2015 09:44:22.232       92.314         -5.123      -105.349
23 Feb 2015 09:45:40.955       88.058         -5.118      -105.349
23 Feb 2015 09:46:59.653       83.714         -5.113      -105.349
23 Feb 2015 09:48:11.497       79.673         -5.109      -105.348
23 Feb 2015 09:49:30.099       75.174         -5.104      -105.347
23 Feb 2015 09:50:50.184       70.513         -5.100      -105.346
23 Feb 2015 09:52:10.549       65.764         -5.095      -105.344
23 Feb 2015 09:53:30.713       60.965         -5.091      -105.342
23 Feb 2015 09:54:50.585       56.131         -5.087      -105.339
23 Feb 2015 09:56:09.078       51.340         -5.083      -105.336
23 Feb 2015 09:57:24.815       46.691         -5.080      -105.334
23 Feb 2015 09:58:38.469       42.154         -5.077      -105.331
23 Feb 2015 09:59:53.296       37.539         -5.075      -105.329
23 Feb 2015 10:01:09.513       32.844         -5.073      -105.326
23 Feb 2015 10:02:26.036       28.146         -5.072      -105.324
23 Feb 2015 10:03:43.836       23.397         -5.071      -105.321
23 Feb 2015 10:05:01.955       18.668         -5.070      -105.320
23 Feb 2015 10:06:02.155       15.056         -5.070      -105.318
23 Feb 2015 10:07:02.632       11.462         -5.070      -105.317
23 Feb 2015 10:08:18.212        7.023         -5.070      -105.317
23 Feb 2015 10:09:34.658        2.600         -5.069      -105.316
23 Feb 2015 10:10:50.129       -1.694         -5.069      -105.316
23 Feb 2015 10:11:45.774       -4.811         -5.069      -105.316
23 Feb 2015 10:12:41.579       -7.894         -5.069      -105.316
23 Feb 2015 10:14:00.548      -12.179         -5.069      -105.317
23 Feb 2015 10:15:27.784      -16.806         -5.069      -105.318
23 Feb 2015 10:16:57.223      -21.429         -5.069      -105.320
23 Feb 2015 10:18:29.108      -26.051         -5.068      -105.321
23 Feb 2015 10:20:03.628      -30.671         -5.067      -105.323
23 Feb 2015 10:21:40.964      -35.288         -5.065      -105.325
23 Feb 2015 10:23:21.287      -39.899         -5.064      -105.327
23 Feb 2015 10:25:04.764      -44.504         -5.062      -105.329
23 Feb 2015 10:26:51.556      -49.102         -5.060      -105.331
23 Feb 2015 10:28:41.821      -53.690         -5.057      -105.333
23 Feb 2015 10:30:35.718      -58.270         -5.054      -105.335
23 Feb 2015 10:32:33.414      -62.842         -5.052      -105.337
23 Feb 2015 10:34:35.088      -67.407         -5.048      -105.338
23 Feb 2015 10:36:40.937      -71.970         -5.045      -105.340
23 Feb 2015 10:38:51.196      -76.534         -5.042      -105.341
23 Feb 2015 10:41:05.866      -81.097         -5.038      -105.341
23 Feb 2015 10:43:23.707      -85.620         -5.034      -105.342
23 Feb 2015 10:45:44.696      -90.104         -5.031      -105.342
23 Feb 2015 10:47:14.237      -92.885         -5.029      -105.342
23 Feb 2015 10:48:43.263      -95.601         -5.027      -105.342
23 Feb 2015 10:50:52.118      -99.456         -5.024      -105.341
23 Feb 2015 10:53:09.493     -103.473         -5.021      -105.341
23 Feb 2015 10:55:33.387     -107.592         -5.018      -105.340
23 Feb 2015 10:58:01.866     -111.757         -5.015      -105.339
23 Feb 2015 11:00:33.990     -115.948         -5.013      -105.338
23 Feb 2015 11:03:09.147     -120.156         -5.010      -105.336
23 Feb 2015 11:05:46.863     -124.377         -5.008      -105.335
23 Feb 2015 11:08:26.019     -128.592         -5.006      -105.334
23 Feb 2015 11:11:05.891     -132.792         -5.004      -105.332
23 Feb 2015 11:13:46.145     -136.982         -5.003      -105.330
23 Feb 2015 11:16:26.435     -141.164         -5.001      -105.329
23 Feb 2015 11:19:06.408     -145.341         -5.000      -105.327
23 Feb 2015 11:21:45.715     -149.516         -4.999      -105.326
23 Feb 2015 11:24:24.018     -153.691         -4.998      -105.325
23 Feb 2015 11:27:00.994     -157.869         -4.998      -105.323
23 Feb 2015 11:29:36.346     -162.053         -4.998      -105.322
23 Feb 2015 11:31:33.008     -165.235         -4.997      -105.322
23 Feb 2015 11:33:29.912     -168.464         -4.997      -105.321
23 Feb 2015 11:35:49.346     -172.375         -4.997      -105.320
23 Feb 2015 11:38:17.706     -176.619         -4.997      -105.320
23 Feb 2015 11:40:43.500      179.115         -4.997      -105.320
23 Feb 2015 11:42:33.792      175.818         -4.997      -105.320
23 Feb 2015 11:44:24.041      172.454         -4.997      -105.320
23 Feb 2015 11:46:49.741      167.895         -4.997      -105.321
23 Feb 2015 11:49:12.320      163.294         -4.997      -105.321
23 Feb 2015 11:51:31.648      158.651         -4.996      -105.322
23 Feb 2015 11:53:47.728      153.960         -4.996      -105.324
23 Feb 2015 11:56:00.604      149.218         -4.995      -105.325
23 Feb 2015 11:58:10.361      144.418         -4.994      -105.327
23 Feb 2015 12:00:17.127      139.555         -4.992      -105.329
23 Feb 2015 12:02:20.472      134.645         -4.990      -105.332
23 Feb 2015 12:04:18.825      129.758         -4.988      -105.334
23 Feb 2015 12:06:12.684      124.884         -4.985      -105.336
23 Feb 2015 12:08:02.471      120.016         -4.981      -105.338
23 Feb 2015 12:09:48.533      115.150         -4.978      -105.340
23 Feb 2015 12:11:31.167      110.283         -4.974      -105.342
23 Feb 2015 12:13:10.639      105.414         -4.969      -105.343
23 Feb 2015 12:14:47.193      100.544         -4.964      -105.344
23 Feb 2015 12:16:21.187       95.666         -4.959      -105.345
23 Feb 2015 12:17:52.581       90.795         -4.954      -105.345
23 Feb 2015 12:18:59.691       87.140         -4.950      -105.345
23 Feb 2015 12:20:06.734       83.424         -4.946      -105.345
23 Feb 2015 12:21:21.051       79.233         -4.942      -105.344
23 Feb 2015 12:22:39.780       74.715         -4.937      -105.343
23 Feb 2015 12:23:59.872       70.042         -4.932      -105.342
23 Feb 2015 12:25:20.176       65.287         -4.928      -105.340
23 Feb 2015 12:26:40.275       60.483         -4.923      -105.338
23 Feb 2015 12:28:00.013       55.652         -4.919      -105.335
23 Feb 2015 12:29:18.188       50.876         -4.916      -105.332
23 Feb 2015 12:30:33.507       46.250         -4.913      -105.330
23 Feb 2015 12:31:47.153       41.713         -4.910      -105.327
23 Feb 2015 12:33:02.483       37.068         -4.908      -105.324
23 Feb 2015 12:34:18.593       32.382         -4.906      -105.322
23 Feb 2015 12:35:35.604       27.658         -4.905      -105.320
23 Feb 2015 12:36:53.583       22.905         -4.904      -105.317
23 Feb 2015 12:38:11.830       18.176         -4.903      -105.316
23 Feb 2015 12:39:12.423       14.548         -4.903      -105.314
23 Feb 2015 12:40:13.237       10.942         -4.903      -105.314
23 Feb 2015 12:41:28.645        6.525         -4.903      -105.313
23 Feb 2015 12:42:45.092        2.115         -4.903      -105.312
23 Feb 2015 12:44:00.391       -2.157         -4.903      -105.312
23 Feb 2015 12:45:03.554       -5.680         -4.903      -105.312
23 Feb 2015 12:46:06.804       -9.152         -4.903      -105.313
23 Feb 2015 12:47:29.538      -13.606         -4.902      -105.314
23 Feb 2015 12:48:57.538      -18.231         -4.902      -105.315
23 Feb 2015 12:50:27.832      -22.853         -4.902      -105.316
23 Feb 2015 12:52:00.637      -27.474         -4.901      -105.318
23 Feb 2015 12:53:36.139      -32.093         -4.900      -105.320
23 Feb 2015 12:55:14.516      -36.707         -4.898      -105.322
23 Feb 2015 12:56:55.935      -41.316         -4.897      -105.324
23 Feb 2015 12:58:40.561      -45.918         -4.895      -105.326
23 Feb 2015 13:00:28.553      -50.512         -4.892      -105.328
23 Feb 2015 13:02:20.068      -55.098         -4.890      -105.330
23 Feb 2015 13:04:15.267      -59.674         -4.887      -105.332
23 Feb 2015 13:06:14.318      -64.243         -4.884      -105.334
23 Feb 2015 13:08:17.403      -68.807         -4.881      -105.335
23 Feb 2015 13:10:24.731      -73.369         -4.877      -105.336
23 Feb 2015 13:12:36.545      -77.934         -4.874      -105.337
23 Feb 2015 13:14:52.246      -82.482         -4.870      -105.338
23 Feb 2015 13:17:11.106      -86.990         -4.867      -105.338
23 Feb 2015 13:19:33.074      -91.461         -4.863      -105.338
23 Feb 2015 13:21:33.910      -95.168         -4.860      -105.338
23 Feb 2015 13:23:34.464      -98.784         -4.858      -105.338
23 Feb 2015 13:25:50.889     -102.787         -4.855      -105.337
23 Feb 2015 13:28:13.917     -106.895         -4.852      -105.336
23 Feb 2015 13:30:41.742     -111.055         -4.849      -105.335
23 Feb 2015 13:33:13.315     -115.243         -4.846      -105.334
23 Feb 2015 13:35:47.986     -119.450         -4.844      -105.333
23 Feb 2015 13:38:25.266     -123.670         -4.842      -105.332
23 Feb 2015 13:41:04.130     -127.887         -4.839      -105.330
23 Feb 2015 13:43:43.740     -132.089         -4.838      -105.329
23 Feb 2015 13:46:23.771     -136.281         -4.836      -105.327
23 Feb 2015 13:49:03.874     -140.464         -4.835      -105.325
23 Feb 2015 13:51:43.700     -144.642         -4.834      -105.324
23 Feb 2015 13:54:22.901     -148.817         -4.833      -105.322
23 Feb 2015 13:57:01.139     -152.993         -4.832      -105.321
23 Feb 2015 13:59:38.091     -157.172         -4.831      -105.320
23 Feb 2015 14:02:13.454     -161.356         -4.831      -105.319
23 Feb 2015 14:04:30.739     -165.103         -4.831      -105.318
23 Feb 2015 14:06:48.126     -168.909         -4.830      -105.317
23 Feb 2015 14:09:22.429     -173.261         -4.830      -105.317
23 Feb 2015 14:11:49.359     -177.494         -4.830      -105.316
23 Feb 2015 14:14:16.180      178.177         -4.830      -105.316
23 Feb 2015 14:16:08.478      174.791         -4.830      -105.316
23 Feb 2015 14:18:00.722      171.333         -4.830      -105.316
23 Feb 2015 14:20:25.333      166.762         -4.830      -105.317
23 Feb 2015 14:22:46.790      162.149         -4.830      -105.318
23 Feb 2015 14:25:04.995      157.492         -4.829      -105.319
23 Feb 2015 14:25:56.294      155.723         -4.829      -105.320
